host_s,ms,window,wtrans,V1,I1_mA,P1_W,V2,I2_mA,P2_W
0.018,368,0,0,4.780,420.5,1.9980,5.212,418.7,2.1760
0.035,388,0,0,4.768,417.4,2.0060,5.216,409.0,2.1340
0.055,408,0,0,4.816,417.3,1.9900,5.224,417.8,2.1800
0.076,428,0,0,4.748,417.8,2.0440,5.220,408.3,2.1300
0.096,448,0,0,4.792,422.0,2.0080,5.216,417.8,2.1800
0.117,468,0,0,4.876,417.3,1.9820,5.220,411.1,2.1300
0.137,488,0,0,4.820,416.2,1.9960,5.216,418.5,2.1820
0.158,508,0,0,4.896,421.7,1.9860,5.220,409.3,2.1360
0.178,528,0,0,4.772,422.7,2.0080,5.216,414.7,2.1600
0.199,548,0,0,4.888,416.6,1.9860,5.216,408.8,2.1340
0.215,568,0,0,4.812,421.5,2.0060,5.220,408.2,2.1500
0.237,588,0,0,4.880,421.5,1.9720,5.216,409.4,2.1160
0.256,608,0,0,4.892,421.1,1.9900,5.224,408.6,2.1300
0.276,628,0,0,4.848,420.4,1.9960,5.220,409.4,2.1340
0.297,648,0,0,4.824,415.3,1.9900,5.216,409.1,2.1340
0.317,668,0,0,4.920,422.6,2.0020,5.204,476.1,2.4780
0.338,688,0,0,4.884,418.6,1.9960,5.220,406.9,2.1400
0.358,708,0,0,4.800,420.3,1.9700,5.224,458.4,2.3880
0.375,728,0,0,4.800,418.0,1.9860,5.208,456.7,2.3760
0.395,748,0,0,4.872,427.6,2.0420,5.216,409.1,2.1340
0.416,768,0,0,4.884,419.0,1.9920,5.216,408.7,2.1360
0.436,788,0,0,4.812,417.8,1.9860,5.216,411.4,2.1300
0.457,808,0,0,4.744,419.2,1.9960,5.216,410.9,2.1440
0.477,828,0,0,4.888,417.6,1.9820,5.216,409.4,2.1360
0.498,848,0,0,4.744,462.3,2.1800,5.216,409.1,2.1340
0.518,868,0,0,4.828,421.9,1.9980,5.216,409.5,2.1360
0.538,888,0,0,4.748,418.3,1.9760,5.216,410.2,1.8980
0.555,908,0,0,4.752,416.9,1.9920,5.224,408.6,2.1300
0.576,928,0,0,4.772,421.1,1.9960,5.216,409.0,2.1340
0.596,948,0,0,4.848,425.1,2.0120,5.212,450.2,2.3420
0.617,968,0,0,4.748,418.1,1.9800,5.216,409.8,2.1360
0.637,988,0,0,4.756,421.4,1.9820,5.216,408.1,2.1400
0.657,1008,0,0,4.748,418.4,1.9860,5.216,410.1,2.1400
0.678,1028,0,0,4.844,418.1,1.9800,5.220,409.9,2.1360
0.698,1048,0,0,4.756,421.9,1.9980,5.216,420.9,2.1920
0.715,1068,0,0,4.748,417.8,1.9800,5.216,409.0,2.1400
0.735,1088,0,0,4.740,418.0,1.9800,5.216,411.0,1.9240
0.756,1108,0,0,4.744,420.5,1.9820,5.216,408.3,2.1300
0.776,1128,0,0,4.724,415.7,1.9760,5.216,409.9,2.1360
0.797,1148,0,0,4.724,451.9,2.1340,5.220,409.1,2.1340
0.817,1168,0,0,4.728,450.9,2.1260,5.212,409.9,2.1360
0.837,1188,0,0,4.720,451.6,2.1340,5.216,408.6,1.8780
0.858,1208,0,0,4.728,451.5,2.1400,5.216,409.4,2.1340
0.878,1228,0,0,4.748,415.9,1.9700,5.216,411.4,2.1440
0.895,1248,0,0,4.748,419.0,1.9860,5.216,408.7,2.1340
0.916,1268,0,0,4.744,418.3,1.9820,5.216,417.5,2.1500
0.936,1288,0,0,4.748,417.9,1.9800,5.216,409.4,1.9500
0.957,1308,0,0,4.720,424.4,1.9720,5.216,417.8,2.1800
0.977,1328,0,0,4.744,421.9,1.9960,5.216,409.7,2.1360
0.997,1348,0,0,4.740,418.0,1.9820,5.216,417.6,2.1760
1.018,1368,0,0,4.768,420.6,1.9920,5.216,409.5,2.1300
1.038,1388,0,0,4.736,420.4,1.9860,5.216,415.4,1.9160
1.055,1408,0,0,4.740,422.1,1.9800,5.220,408.4,2.1300
1.075,1428,0,0,4.740,415.3,1.9660,5.216,416.2,2.1700
1.096,1448,0,0,4.736,418.5,1.9800,5.220,410.5,2.1400
1.116,1468,0,0,4.772,420.3,1.9980,5.216,416.1,2.1860
1.137,1488,0,0,4.724,416.9,2.0020,5.216,377.5,2.0940
1.157,1508,0,0,4.728,422.9,1.9720,5.220,415.7,2.1660
1.177,1528,0,0,4.732,416.3,1.9700,5.220,409.6,2.1360
1.198,1548,0,0,4.736,419.9,1.9900,5.216,417.6,2.1760
1.218,1568,0,0,4.748,420.9,2.0080,5.216,409.3,2.1360
1.235,1588,0,0,4.732,415.8,2.0020,5.216,415.3,1.9100
1.256,1608,0,0,4.728,418.3,1.9960,5.216,409.3,2.1340
1.276,1628,0,0,4.736,419.2,1.9860,5.216,416.6,2.1720
1.297,1648,0,0,4.732,417.1,1.9760,5.216,411.3,2.1440
1.317,1668,0,0,4.700,461.9,2.1760,5.208,482.3,2.4740
1.337,1688,0,0,4.732,421.3,1.9760,5.204,430.6,2.3000
1.358,1708,0,0,4.736,419.9,1.9720,5.212,414.7,2.1620
1.378,1728,0,0,4.732,421.3,1.9960,5.216,409.4,2.1340
1.399,1748,0,0,4.728,417.0,1.9760,5.216,417.3,2.1760
1.415,1768,0,0,4.728,442.1,2.0800,5.208,450.0,2.3000
1.436,1788,0,0,4.728,418.3,1.9960,5.220,366.8,2.1800
1.456,1808,0,0,4.728,416.3,1.9920,5.216,409.4,2.1340
1.477,1828,0,0,4.728,421.2,1.9960,5.216,418.1,2.1800
1.497,1848,0,0,4.728,421.9,1.9980,5.208,470.6,2.4480
1.517,1868,0,0,4.732,420.3,1.9760,5.212,434.6,2.4160
1.538,1888,0,0,4.728,422.6,1.9700,5.216,387.2,2.0580
1.558,1908,0,0,4.728,419.6,1.9960,5.216,419.0,2.1820
1.575,1928,0,0,4.732,422.0,2.0020,5.216,409.4,2.1340
1.596,1948,0,0,4.728,416.2,1.9720,5.216,420.7,2.1960
1.616,1968,0,0,4.728,421.0,1.9980,5.216,408.4,2.1360
1.636,1988,0,0,4.728,418.0,1.9760,5.220,359.2,2.1920
1.657,2008,0,0,4.728,418.4,2.0020,5.216,410.0,2.1400
1.677,2028,0,0,4.736,420.5,1.9920,5.216,409.8,2.1360
1.698,2048,0,0,4.724,418.5,1.9820,5.216,409.0,2.1340
1.718,2068,0,0,4.720,426.8,1.9820,5.220,410.3,2.1400
1.739,2088,0,0,4.740,417.6,1.9860,5.224,387.0,2.1300
1.755,2108,0,0,4.736,416.2,2.0180,5.220,409.5,2.1360
1.776,2128,0,0,4.724,424.2,2.0160,5.220,409.5,2.1360
1.796,2148,0,0,4.728,422.6,2.0020,5.216,409.2,2.1340
1.817,2168,0,0,4.740,420.7,1.9760,5.220,408.1,2.1440
1.837,2188,0,0,4.760,419.2,1.9820,5.216,392.2,2.3060
1.857,2208,0,0,4.740,415.6,2.0020,5.212,442.8,2.3060
1.878,2228,0,0,4.732,419.2,1.9860,5.208,443.0,2.3060
1.898,2248,0,0,4.732,416.9,1.9800,5.212,443.0,2.3060
1.915,2268,0,0,4.736,419.8,1.9920,5.216,412.0,2.1460
1.936,2288,0,0,4.768,416.5,2.0020,5.224,383.6,2.1400
1.956,2308,0,0,4.732,419.3,1.9980,5.216,408.9,2.1340
1.976,2328,0,0,4.740,418.1,1.9820,5.216,409.0,2.1340
1.997,2348,0,0,4.728,417.0,1.9800,5.216,410.1,2.1400
2.018,2368,0,0,4.736,420.6,1.9960,5.216,408.6,2.1400
2.038,2388,0,0,4.772,420.8,2.0060,5.224,410.4,2.1360
2.058,2408,0,0,4.740,416.3,2.0120,5.216,408.2,2.1300
2.079,2428,0,0,4.736,420.3,2.0020,5.216,407.9,2.1300
2.096,2448,0,0,4.732,418.3,1.9920,5.216,410.9,2.1440
2.116,2468,0,0,4.736,422.2,2.0060,5.216,410.0,2.1360
2.136,2488,0,0,4.708,461.5,2.0680,5.220,375.8,2.1440
2.157,2508,0,0,4.736,421.4,2.0060,5.216,409.4,2.1360
2.177,2528,0,0,4.736,420.3,1.9980,5.212,410.3,2.1400
2.198,2548,0,0,4.736,420.9,2.0160,5.216,409.3,2.1340
2.218,2568,0,0,4.732,415.7,2.0160,5.216,413.6,2.1360
2.239,2588,0,0,4.724,455.4,2.2280,5.212,458.8,2.1880
2.255,2608,0,0,4.740,417.7,1.9980,5.212,416.0,2.1700
2.276,2628,0,0,4.728,421.6,2.0220,5.216,409.5,2.1360
2.296,2648,0,0,4.728,420.0,2.0020,5.212,415.4,2.1660
2.316,2668,0,0,4.736,416.8,2.0180,5.204,484.4,2.5140
2.337,2688,0,0,4.736,419.7,2.0340,5.220,406.1,2.3660
2.358,2708,0,0,4.736,422.4,2.0340,5.220,406.6,2.1200
2.378,2728,0,0,4.732,414.2,2.0060,5.216,415.6,2.1660
2.398,2748,0,0,4.736,421.5,2.0280,5.216,408.4,2.1300
2.419,2768,0,0,4.736,421.7,2.0420,5.212,417.8,2.1660
2.435,2788,0,0,4.740,416.7,2.0620,5.224,409.8,2.1620
2.456,2808,0,0,4.760,421.7,2.0060,5.216,416.8,2.1720
2.476,2828,0,0,4.736,416.7,2.0020,5.216,409.7,2.1360
2.497,2848,0,0,4.748,422.0,2.0680,5.216,417.3,2.1760
2.517,2868,0,0,4.736,421.3,2.0540,5.220,409.7,2.1340
2.537,2888,0,0,4.756,415.8,2.0320,5.212,417.6,2.1800
2.558,2908,0,0,4.748,422.5,2.0440,5.216,408.7,2.1340
2.579,2928,0,0,4.732,417.2,2.0420,5.212,416.7,2.1720
2.595,2948,0,0,4.744,418.1,2.0340,5.216,409.3,2.1340
2.616,2968,0,0,4.756,421.6,2.0220,5.212,415.9,2.1760
2.636,2988,0,0,4.740,422.2,2.0840,5.224,413.1,2.1260
2.658,3008,0,0,4.792,419.9,1.9820,5.220,417.2,2.1760
2.677,3028,0,0,4.768,416.3,1.9900,5.216,409.5,2.1360
2.697,3048,0,0,4.756,418.5,2.0380,5.216,416.4,2.1700
2.718,3068,0,0,4.796,422.1,1.9820,5.216,408.0,2.1200
2.738,3088,0,0,4.788,422.7,1.9980,5.212,416.5,2.1760
2.759,3108,0,0,4.872,417.2,1.9980,5.216,409.1,2.1340
2.775,3128,0,0,4.760,429.5,2.0980,5.212,416.6,2.1720
2.796,3148,0,0,4.788,431.6,2.0480,5.212,409.5,2.1360
2.816,3168,0,0,4.776,422.9,1.9860,5.216,417.4,2.1720
2.837,3188,0,0,4.840,418.0,2.0020,5.220,408.1,2.1360
2.857,3208,0,0,4.840,416.1,1.9900,5.216,416.6,2.1720
2.878,3228,0,0,4.808,416.7,1.9820,5.216,409.3,2.1360
2.898,3248,0,0,4.776,421.5,2.0060,5.216,417.1,2.1720
2.918,3268,0,0,4.840,421.1,1.9900,5.216,409.3,2.1340
2.935,3288,0,0,4.804,422.6,1.9760,5.216,416.7,2.1880
2.955,3308,0,0,4.896,428.4,2.0060,5.216,409.5,2.1360
2.976,3328,0,0,4.772,417.6,1.9920,5.216,413.5,2.1560
2.996,3348,0,0,4.824,419.1,1.9920,5.216,409.6,2.1360
3.017,3368,0,0,4.888,422.1,1.9860,5.216,410.5,1.9660
3.037,3388,0,0,4.896,419.1,1.9700,5.216,408.8,2.1360
3.058,3408,0,0,4.744,462.8,2.1760,5.212,409.5,2.1340
3.078,3428,0,0,4.760,611.9,2.8500,5.220,408.8,2.1340
3.099,3448,0,0,5.028,433.8,2.0280,5.216,408.9,2.1340
3.115,3468,0,0,4.868,468.6,2.2080,5.216,409.3,2.1300
3.139,3488,0,0,4.680,595.8,2.7140,5.212,410.8,2.1300
3.156,3508,0,0,4.768,652.0,2.9460,5.216,450.5,2.3460
3.177,3528,0,0,4.864,465.3,2.1980,5.216,409.9,2.1360
3.197,3548,0,0,4.876,463.4,2.1860,5.216,409.2,2.1360
3.217,3568,0,0,4.784,458.7,2.1720,5.216,408.5,1.9460
3.238,3588,0,0,4.812,603.0,2.7860,5.216,411.0,2.1260
3.258,3608,0,0,4.656,556.7,2.2740,5.220,419.2,2.1860
3.279,3628,0,0,4.760,463.2,2.2220,5.216,408.1,2.1260
3.299,3648,0,0,4.792,464.8,2.1960,5.220,408.7,2.1340
3.320,3668,0,0,4.696,625.8,3.1300,5.208,458.5,2.1340
3.336,3688,0,0,4.680,594.6,2.7880,5.220,405.7,2.1160
3.357,3708,0,0,4.676,604.5,2.8140,5.208,455.4,2.3720
3.377,3728,0,0,4.792,582.7,2.7000,5.204,458.2,2.3860
3.398,3748,0,0,4.660,583.9,2.7260,5.220,409.9,2.1360
3.418,3768,0,0,4.656,604.5,2.8080,5.216,410.6,1.9540
3.439,3788,0,0,4.644,625.5,2.8960,5.216,409.9,2.1360
3.459,3808,0,0,4.648,626.2,2.8860,5.216,409.1,2.1340
3.479,3828,0,0,4.660,628.2,2.9200,5.216,409.3,2.1360
3.496,3848,0,0,4.668,624.3,2.9040,5.216,411.0,2.1440
3.517,3868,0,0,4.796,456.5,2.1700,5.212,409.4,1.8880
3.537,3888,0,0,4.720,464.1,2.1620,5.216,409.3,2.1340
3.557,3908,0,0,4.556,656.2,3.4300,5.212,407.1,2.1240
3.578,3928,0,0,4.680,604.5,2.8740,5.216,409.4,2.1340
3.598,3948,0,0,4.700,498.8,2.3420,5.216,408.8,2.1340
3.619,3968,0,0,4.720,500.0,2.3260,5.216,408.8,1.9820
3.639,3988,1,1,4.504,560.8,2.2380,5.216,409.6,2.1340
3.660,4008,1,1,4.564,466.1,2.1520,5.220,408.8,2.1300
3.676,4028,1,1,4.568,464.2,2.1200,5.212,409.9,2.1360
3.697,4048,1,1,4.568,464.4,2.1200,5.216,410.2,2.1400
3.717,4068,1,1,4.572,458.2,2.1040,5.216,414.8,1.8900
3.738,4088,1,1,4.568,461.2,2.1140,5.220,409.3,2.1360
3.758,4108,1,1,4.568,459.7,2.1040,5.212,416.7,2.1720
3.779,4128,1,1,4.572,459.1,2.1000,5.216,409.4,2.1340
3.799,4148,1,1,4.568,458.6,2.0940,5.212,417.0,2.1720
3.819,4168,1,1,4.572,461.4,2.1040,5.216,385.7,2.0620
3.836,4188,1,1,4.568,459.5,2.1000,5.212,416.6,2.1760
3.857,4208,1,1,4.568,461.2,2.1040,5.216,410.7,2.1440
3.877,4228,1,1,4.572,461.2,2.1080,5.216,416.5,2.1700
3.897,4248,1,1,4.572,458.5,2.0940,5.216,409.6,2.1360
3.918,4268,1,1,4.572,458.9,2.1040,5.216,417.0,1.9200
3.938,4288,1,1,4.572,460.8,2.1080,5.220,408.7,2.1300
3.959,4308,1,1,4.568,460.3,2.1040,5.212,417.5,2.1800
3.979,4328,1,1,4.568,460.3,2.1040,5.208,449.1,2.3420
4.000,4348,1,1,4.572,458.4,2.0940,5.212,416.0,2.1660
4.016,4368,1,1,4.572,459.5,2.0900,5.220,390.7,2.0220
4.037,4388,1,1,4.572,461.5,2.1000,5.212,416.2,2.1760
4.057,4408,1,1,4.568,459.8,2.1040,5.220,411.7,2.1460
4.078,4428,1,1,4.568,460.4,2.1040,5.216,458.2,2.3860
4.098,4448,1,1,4.572,460.3,2.1040,5.216,409.2,2.1300
4.119,4468,1,1,4.572,460.2,2.1080,5.216,366.9,2.1800
4.139,4488,1,1,4.568,458.8,2.1080,5.216,409.0,2.1340
4.159,4508,1,1,4.568,460.2,2.1040,5.216,415.7,2.1700
4.176,4528,1,1,4.572,461.8,2.1100,5.216,409.8,2.1360
4.197,4548,1,1,4.568,459.6,2.1000,5.212,418.1,2.1800
4.217,4568,1,1,4.568,458.9,2.1040,5.216,394.9,1.9960
4.237,4588,1,1,4.568,461.6,2.1000,5.216,417.2,2.1760
4.258,4608,1,1,4.568,459.9,2.1000,5.216,410.3,2.1400
4.279,4628,1,1,4.572,459.9,2.1040,5.212,416.0,2.1700
4.299,4648,1,1,4.568,461.1,2.1080,5.216,409.7,2.1360
4.319,4668,1,1,4.568,459.6,2.0900,5.176,438.1,2.5100
4.340,4688,1,1,4.572,459.3,2.1080,5.220,406.7,2.1360
4.356,4708,1,1,4.568,462.3,2.1100,5.220,421.0,2.1960
4.377,4728,1,1,4.564,459.5,2.1000,5.216,415.1,2.1620
4.397,4748,1,1,4.564,460.2,2.1040,5.216,419.7,2.1880
4.418,4768,1,1,4.568,462.5,2.1080,5.224,380.0,2.1400
4.438,4788,1,1,4.572,457.5,2.0980,5.216,409.1,2.1820
4.459,4808,1,1,4.564,459.7,2.1000,5.220,412.1,2.1460
4.479,4828,1,1,4.568,465.8,2.1240,5.216,408.9,2.1340
4.500,4848,1,1,4.568,459.4,2.0980,5.220,409.4,2.1360
4.517,4868,1,1,4.564,460.8,2.1040,5.216,359.4,2.1300
4.538,4888,1,1,4.572,460.4,2.0980,5.216,409.1,2.1360
4.557,4908,1,1,4.568,459.6,2.1000,5.216,408.8,2.1340
4.578,4928,1,1,4.568,461.3,2.1080,5.212,410.0,2.1400
4.598,4948,1,1,4.568,460.6,2.1040,5.208,443.3,2.3060
4.618,4968,1,1,4.568,461.4,2.1100,5.224,409.5,2.3040
4.639,4988,1,1,4.572,461.3,2.1100,5.212,441.0,2.3060
4.659,5008,1,1,4.568,459.9,2.1000,5.212,442.3,2.3040
4.680,5028,1,1,4.568,459.5,2.1000,5.216,410.3,2.1400
4.696,5048,1,1,4.572,464.0,2.1200,5.216,409.0,2.1340
4.717,5068,1,1,4.568,461.2,2.1100,5.224,410.1,2.1340
4.737,5088,1,1,4.568,459.7,2.0980,5.216,408.5,2.1360
4.758,5108,1,1,4.568,459.1,2.0940,5.216,409.2,2.1340
4.778,5128,1,1,4.564,461.9,2.1100,5.216,410.7,2.1440
4.799,5148,1,1,4.560,459.1,2.1000,5.208,424.6,2.1560
4.819,5168,1,1,4.568,460.3,2.0980,5.224,372.4,2.1340
4.839,5188,1,1,4.568,461.6,2.0980,5.216,409.8,2.1340
4.856,5208,1,1,4.572,459.4,2.1000,5.216,409.4,2.1360
4.877,5228,1,1,4.564,460.9,2.1080,5.220,408.2,2.1300
4.897,5248,1,1,4.568,459.9,2.1040,5.216,452.3,2.3560
4.917,5268,1,1,4.560,462.5,2.1000,5.224,409.8,2.1300
4.938,5288,1,1,4.568,460.5,2.1040,5.212,408.8,2.1560
4.958,5308,1,1,4.568,461.5,2.1080,5.216,409.3,2.1360
4.979,5328,1,1,4.572,459.9,2.1000,5.220,409.4,2.1340
4.999,5348,1,1,4.572,460.2,2.1040,5.216,414.6,2.1600
5.020,5368,1,1,4.568,461.6,2.1040,5.212,409.3,2.1460
5.036,5388,1,1,4.572,458.7,2.1080,5.216,408.0,2.1400
5.057,5408,1,1,4.568,460.4,2.1040,5.216,409.5,2.1360
5.077,5428,1,1,4.572,460.7,2.1080,5.216,409.1,2.1340
5.098,5448,1,1,4.572,459.7,2.1000,5.212,412.0,2.1300
5.118,5468,1,1,4.564,459.7,2.0980,5.224,408.8,2.1400
5.139,5488,1,1,4.572,460.3,2.1080,5.216,413.4,2.1300
5.159,5508,1,1,4.572,460.4,2.1040,5.216,409.1,2.1340
5.179,5528,1,1,4.568,460.1,2.1040,5.216,415.8,2.1660
5.196,5548,1,1,4.568,460.1,2.1040,5.216,409.1,2.1300
5.217,5568,1,1,4.564,461.4,2.1000,5.216,415.8,2.1700
5.237,5588,1,1,4.568,460.1,2.1000,5.216,411.3,2.1340
5.258,5608,1,1,4.568,463.2,2.1160,5.216,416.4,2.1700
5.278,5628,1,1,4.568,459.0,2.1000,5.216,409.9,2.1360
5.298,5648,1,1,4.564,464.1,2.1080,5.216,416.2,2.1660
5.319,5668,1,1,4.572,461.5,2.1100,5.204,460.2,2.4220
5.339,5688,1,1,4.568,459.5,2.1000,5.212,413.5,2.1600
5.360,5708,1,1,4.572,460.1,2.1080,5.212,405.5,2.1140
5.376,5728,1,1,4.568,462.5,2.1160,5.212,417.5,2.1800
5.397,5748,1,1,4.564,461.7,2.1200,5.220,409.9,2.1340
5.417,5768,1,1,4.572,458.2,2.1000,5.212,415.4,2.1660
5.438,5788,1,1,4.568,461.0,2.1080,5.212,409.5,2.1340
5.458,5808,1,1,4.572,461.6,2.1100,5.216,416.9,2.1760
5.479,5828,1,1,4.568,458.3,2.0940,5.216,411.1,2.1440
5.499,5848,1,1,4.568,460.7,2.1080,5.216,417.3,2.1660
5.519,5868,1,1,4.568,461.8,2.1040,5.216,410.3,2.1400
5.536,5888,1,1,4.568,460.7,2.0980,5.216,416.0,2.1720
5.557,5908,1,1,4.572,460.4,2.1040,5.216,408.7,2.1340
5.577,5928,1,1,4.568,463.9,2.1200,5.216,419.3,2.1860
5.597,5948,1,1,4.568,459.3,2.1000,5.212,409.1,2.1300
5.618,5968,1,1,4.576,460.3,2.1100,5.216,417.1,2.1700
5.638,5988,1,1,4.568,541.8,2.7240,5.216,409.7,2.1340
5.659,6008,0,2,4.876,460.7,2.2380,5.212,416.2,2.1700
5.679,6028,0,2,4.868,461.7,2.2420,5.220,411.8,2.1460
5.700,6048,0,2,4.912,459.6,2.2320,5.216,416.5,1.9620
5.716,6068,0,2,4.884,460.9,2.2380,5.212,449.1,2.3460
5.737,6088,0,2,4.936,418.8,2.0260,5.212,415.6,2.1720
5.757,6108,0,2,4.884,417.5,2.0340,5.220,409.6,2.1360
5.778,6128,0,2,4.920,419.0,2.0380,5.212,416.8,2.1720
5.798,6148,0,2,4.896,422.9,2.0260,5.216,409.6,2.1400
5.819,6168,0,2,4.940,420.0,2.0620,5.212,429.6,2.3920
5.839,6188,0,2,4.940,417.2,2.0520,5.216,409.3,2.1400
5.859,6208,0,2,4.916,417.6,2.0340,5.216,417.5,2.1760
5.880,6228,0,2,4.916,422.3,2.0520,5.216,409.5,2.1360
5.897,6248,0,2,4.948,417.0,2.0480,5.220,409.3,1.9720
5.917,6268,0,2,4.880,417.6,2.0320,5.216,409.4,2.1260
5.938,6288,0,2,4.884,422.1,2.0280,5.216,409.0,2.1340
5.958,6308,0,2,4.916,420.2,2.0440,5.216,410.0,2.1400
5.978,6328,0,2,4.944,422.2,2.0540,5.212,409.5,2.1340
5.999,6348,0,2,4.872,419.6,2.0280,5.220,360.2,1.8780
6.019,6368,0,2,4.884,417.1,2.0520,5.216,406.9,2.1360
6.040,6388,0,2,4.876,417.1,2.0520,5.212,408.9,2.1360
6.056,6408,0,2,4.944,421.3,2.0520,5.216,407.8,2.1260
6.077,6428,0,2,4.860,418.8,2.0380,5.216,409.1,2.1340
6.097,6448,0,2,4.904,416.6,2.0440,5.216,379.3,1.9820
6.118,6468,0,2,4.876,417.1,2.0380,5.220,409.2,2.1360
6.138,6488,0,2,4.888,416.2,2.0280,5.216,408.8,2.1360
6.158,6508,0,2,4.868,418.0,2.0280,5.216,410.2,2.1360
6.179,6528,0,2,4.896,417.6,2.0320,5.216,409.2,2.1360
6.199,6548,0,2,4.872,422.2,2.0220,5.216,360.3,1.8780
6.220,6568,0,2,4.856,422.2,2.0520,5.220,409.7,2.1260
6.237,6588,0,2,4.900,419.1,2.0220,5.216,409.3,2.1340
6.257,6608,0,2,4.872,415.9,2.0180,5.212,408.6,2.1300
6.277,6628,0,2,4.872,422.1,2.0480,5.216,408.6,2.1300
6.298,6648,0,2,4.872,418.5,2.0220,5.216,394.2,2.0540
6.318,6668,0,2,4.864,418.0,2.0580,5.204,467.8,2.4280
6.339,6688,0,2,4.880,448.8,2.1880,5.208,455.8,2.3820
6.359,6708,0,2,4.856,454.1,2.1980,5.216,408.8,2.1340
6.380,6728,0,2,4.852,451.3,2.1860,5.220,410.2,2.1360
6.396,6748,0,2,4.852,451.3,2.1820,5.216,357.7,1.8680
6.417,6768,0,2,4.864,415.9,2.0520,5.212,409.8,2.1440
6.437,6788,0,2,4.836,460.5,2.1460,5.216,408.5,2.1360
6.458,6808,0,2,4.868,416.2,2.0180,5.216,410.3,2.1400
6.478,6828,0,2,4.876,416.9,2.0280,5.216,409.7,2.1360
6.498,6848,0,2,4.860,417.1,2.0340,5.216,388.5,2.0260
6.519,6868,0,2,4.856,420.3,2.0180,5.216,409.5,2.1340
6.539,6888,0,2,4.848,442.4,2.2320,5.212,450.3,2.1660
6.560,6908,0,2,4.856,418.7,2.0380,5.212,410.0,2.1360
6.577,6928,0,2,4.868,417.7,2.0280,5.216,409.1,2.1340
6.597,6948,0,2,4.852,422.8,2.0340,5.216,410.6,2.1400
6.617,6968,0,2,4.864,418.1,2.0320,5.216,409.2,2.1340
6.638,6988,0,2,4.856,422.6,2.0540,5.208,458.1,2.3700
6.658,7008,0,2,4.864,417.1,2.0260,5.216,409.3,2.1360
6.679,7028,0,2,4.856,421.0,2.0480,5.216,418.2,2.1800
6.699,7048,0,2,4.860,420.7,2.0440,5.216,380.1,1.9820
6.720,7068,0,2,4.856,419.3,2.0380,5.212,417.3,2.1760
6.736,7088,0,2,4.852,417.0,2.0520,5.216,411.1,2.1720
6.757,7108,0,2,4.860,421.1,2.0480,5.216,416.0,2.1700
6.777,7128,0,2,4.860,418.9,2.0380,5.216,408.2,2.1300
6.798,7148,0,2,4.856,418.1,2.0280,5.220,416.4,2.1700
6.818,7168,0,2,4.852,418.9,2.0380,5.216,408.8,2.1300
6.839,7188,0,2,4.852,425.8,2.0640,5.216,417.9,2.1860
6.859,7208,0,2,4.864,416.6,2.0280,5.216,408.5,2.1300
6.879,7228,0,2,4.848,417.3,2.0280,5.220,417.4,2.1720
6.900,7248,0,2,4.852,421.5,2.0320,5.224,408.6,2.1300
6.917,7268,0,2,4.856,422.2,2.0260,5.216,418.6,2.1720
6.937,7288,0,2,4.860,417.7,2.0520,5.216,409.1,2.1400
6.957,7308,0,2,4.868,417.4,2.0320,5.212,416.6,2.1720
6.978,7328,0,2,4.852,421.8,2.0520,5.216,411.4,2.1440
6.998,7348,0,2,4.860,419.3,2.0520,5.216,416.8,2.1720
7.019,7368,0,2,4.860,417.1,2.0380,5.220,409.1,2.1300
7.039,7388,0,2,4.856,416.6,2.0520,5.216,416.9,2.1700
7.060,7408,0,2,4.884,416.6,2.0340,5.220,410.3,2.1400
7.076,7428,0,2,4.852,418.5,2.0340,5.216,416.6,2.1720
7.097,7448,0,2,4.852,416.1,2.0640,5.228,406.5,2.1200
7.117,7468,0,2,4.856,418.3,2.0520,5.212,416.3,2.1760
7.138,7488,0,2,4.852,423.2,2.0340,5.220,409.7,2.1260
7.158,7508,0,2,4.892,413.5,2.0260,5.216,417.4,2.1760
7.178,7528,0,2,4.856,420.1,2.0440,5.216,409.5,2.1340
7.199,7548,0,2,4.864,418.4,2.0260,5.224,421.5,2.1960
7.220,7568,0,2,4.852,417.4,2.0520,5.216,409.7,2.1340
7.240,7588,0,2,4.864,422.7,2.0640,5.216,420.1,2.1800
7.256,7608,0,2,4.828,426.0,2.0800,5.220,409.1,2.1340
7.277,7628,0,2,4.860,414.7,2.0220,5.216,420.6,2.1920
7.297,7648,0,2,4.860,418.4,2.0340,5.228,408.6,2.1300
7.318,7668,0,2,4.868,422.4,2.0320,5.204,462.5,2.5300
7.338,7688,0,2,4.864,419.5,2.0520,5.216,406.9,2.1160
7.359,7708,0,2,4.856,461.0,2.2320,5.200,496.2,2.5780
7.379,7728,0,2,4.856,422.6,2.0540,5.212,442.4,2.3040
7.400,7748,0,2,4.864,422.4,2.0340,5.220,442.8,2.3060
7.416,7768,0,2,4.860,418.2,2.0440,5.212,442.5,2.3060
7.437,7788,0,2,4.868,418.7,2.0520,5.212,444.8,2.3460
7.457,7808,0,2,4.872,426.1,2.0700,5.212,451.9,2.3520
7.478,7828,0,2,4.872,416.5,2.0280,5.216,408.9,2.1340
7.498,7848,0,2,4.860,418.2,2.0620,5.200,475.2,2.4700
7.518,7868,0,2,4.864,418.9,2.0580,5.216,418.5,2.1860
7.539,7888,0,2,4.860,417.7,2.0620,5.216,411.4,2.1460
7.559,7908,0,2,4.860,420.3,2.0480,5.216,416.9,2.1760
7.580,7928,0,2,4.864,415.9,2.0320,5.216,409.7,2.1360
7.597,7948,0,2,4.860,419.0,2.0420,5.224,409.0,2.1340
7.617,7968,0,2,4.864,422.2,2.0480,5.216,409.9,2.1400
7.637,7988,0,2,4.860,417.1,2.0440,5.212,411.2,2.1360
7.658,8008,1,3,4.576,416.6,1.9140,5.216,408.9,2.1340
7.678,8028,1,3,4.584,417.4,1.9160,5.212,407.9,2.1260
7.699,8048,1,3,4.588,417.3,1.9460,5.212,409.2,2.1340
7.719,8068,1,3,4.584,425.1,1.9040,5.212,409.3,2.1360
7.740,8088,1,3,4.592,416.5,1.9340,5.216,409.8,2.1340
7.756,8108,1,3,4.596,420.1,1.9260,5.216,409.3,2.1360
7.777,8128,1,3,4.592,416.7,1.9140,5.216,406.7,2.1200
7.797,8148,1,3,4.584,419.9,1.9260,5.216,416.1,2.1700
7.818,8168,1,3,4.592,420.8,1.9300,5.216,409.9,2.1400
7.838,8188,1,3,4.588,417.8,1.9200,5.216,408.5,2.1360
7.858,8208,1,3,4.592,422.5,1.9400,5.216,408.9,2.1340
7.879,8228,1,3,4.620,414.9,1.9100,5.216,410.0,2.1400
7.899,8248,1,3,4.600,419.8,1.9200,5.216,408.7,2.1300
7.920,8268,1,3,4.588,417.1,1.9440,5.212,411.4,2.1760
7.937,8288,1,3,4.592,417.9,1.9160,5.216,409.8,2.1340
7.957,8308,1,3,4.592,421.7,1.9360,5.216,409.7,2.1360
7.977,8328,1,3,4.628,419.9,1.9400,5.216,413.1,2.1520
7.998,8348,1,3,4.596,421.2,1.9100,5.220,409.0,2.1340
8.018,8368,1,3,4.592,417.4,1.9300,5.212,418.2,2.1600
8.039,8388,1,3,4.588,421.4,1.9340,5.216,409.3,2.1760
8.059,8408,1,3,4.592,424.0,1.9440,5.212,416.9,2.1760
8.080,8428,1,3,4.588,477.4,2.1880,5.216,408.0,2.1300
8.096,8448,1,3,4.568,459.7,2.1080,5.216,419.0,2.1820
8.117,8468,1,3,4.572,462.1,2.1140,5.216,410.9,2.1400
8.137,8488,1,3,4.572,459.4,2.0980,5.216,415.9,2.1720
8.158,8508,1,3,4.572,461.8,2.1100,5.216,409.4,2.1340
8.178,8528,1,3,4.568,462.6,2.1100,5.208,383.5,2.0020
8.198,8548,1,3,4.568,460.9,2.1040,5.216,408.9,2.1300
8.219,8568,1,3,4.568,460.3,2.1040,5.216,415.9,2.1820
8.239,8588,1,3,4.568,461.8,2.1100,5.216,408.6,2.1340
8.260,8608,1,3,4.568,458.6,2.0940,5.216,416.6,2.1720
8.277,8628,1,3,4.564,461.0,2.1080,5.212,447.8,2.3340
8.297,8648,1,3,4.568,461.6,2.0980,5.216,417.4,2.1760
8.317,8668,1,3,4.572,462.8,2.1080,5.200,482.6,2.5000
8.338,8688,1,3,4.568,460.4,2.1040,5.216,413.9,2.1700
8.358,8708,1,3,4.568,460.6,2.1040,5.212,405.3,2.1140
8.379,8728,1,3,4.568,462.3,2.1140,5.212,424.9,2.2160
8.399,8748,1,3,4.572,460.8,2.1100,5.220,408.7,2.1300
8.420,8768,1,3,4.572,461.0,2.0980,5.216,417.2,2.1720
8.440,8788,1,3,4.572,460.7,2.1040,5.216,408.9,2.1400
8.457,8808,1,3,4.564,460.9,2.1080,5.216,415.4,2.1660
8.477,8828,1,3,4.576,461.1,2.1040,5.216,362.8,1.8900
8.498,8848,1,3,4.572,462.0,2.0980,5.216,416.6,2.1720
8.518,8868,1,3,4.572,459.7,2.1080,5.216,409.9,2.1800
8.538,8888,1,3,4.568,459.7,2.1000,5.216,416.6,2.1760
8.559,8908,1,3,4.576,461.8,2.1100,5.216,409.5,2.1360
8.579,8928,1,3,4.572,461.7,2.1140,5.212,388.6,2.0280
8.600,8948,1,3,4.568,461.8,2.1140,5.212,409.5,2.1360
8.616,8968,1,3,4.572,460.1,2.1000,5.212,418.7,2.1760
8.637,8988,1,3,4.572,459.8,2.1000,5.216,409.8,2.1720
8.657,9008,1,3,4.572,459.4,2.0980,5.216,422.7,2.2020
8.678,9028,1,3,4.572,460.6,2.1080,5.216,358.1,1.8680
8.698,9048,1,3,4.568,464.0,2.1080,5.216,418.8,2.1820
8.719,9068,1,3,4.568,460.0,2.0980,5.220,408.5,2.1500
8.739,9088,1,3,4.572,459.7,2.1000,5.216,409.4,2.1660
8.760,9108,1,3,4.568,461.8,2.1100,5.216,408.2,2.1300
8.780,9128,1,3,4.596,462.6,2.1200,5.216,395.9,2.0640
8.797,9148,1,3,4.568,465.9,2.1240,5.220,408.7,2.1340
8.817,9168,1,3,4.568,461.5,2.1140,5.216,409.0,2.1400
8.838,9188,1,3,4.572,461.3,2.1080,5.216,408.7,2.1300
8.858,9208,1,3,4.568,460.0,2.1000,5.216,407.3,2.1240
8.879,9228,1,3,4.568,460.8,2.1040,5.216,360.5,1.8800
8.899,9248,1,3,4.580,458.2,2.1000,5.216,409.7,2.1360
8.919,9268,1,3,4.572,461.5,2.1040,5.216,410.0,2.1300
8.940,9288,1,3,4.568,460.9,2.1080,5.216,409.7,2.1340
8.956,9308,1,3,4.568,460.3,2.1040,5.216,410.5,2.1400
8.977,9328,1,3,4.572,468.2,2.1400,5.216,386.3,2.0120
8.997,9348,1,3,4.568,460.4,2.1160,5.216,409.6,2.1360
9.018,9368,1,3,4.572,463.3,2.1140,5.216,410.1,2.1340
9.038,9388,1,3,4.572,460.8,2.1080,5.216,409.7,2.1400
9.059,9408,1,3,4.572,459.6,2.1000,5.216,410.1,2.1400
9.079,9428,1,3,4.572,463.3,2.1140,5.220,409.7,2.1360
9.100,9448,1,3,4.552,494.8,2.2540,5.212,449.1,2.1660
9.120,9468,1,3,4.556,493.2,2.2480,5.220,409.8,2.1500
9.137,9488,1,3,4.552,493.8,2.2480,5.220,409.5,2.1340
9.157,9508,1,3,4.556,493.7,2.2480,5.220,410.5,2.1400
9.178,9528,1,3,4.588,459.1,2.1000,5.220,385.5,2.0120
9.198,9548,1,3,4.568,460.3,2.0980,5.212,450.0,2.3420
9.219,9568,1,3,4.568,460.9,2.1040,5.216,411.4,2.1340
9.239,9588,1,3,4.568,461.3,2.1080,5.216,409.0,2.1460
9.259,9608,1,3,4.572,461.8,2.1100,5.216,407.5,2.1260
9.280,9628,1,3,4.568,460.4,2.1040,5.220,410.2,2.1360
9.297,9648,1,3,4.572,461.4,2.1200,5.216,410.1,2.1800
9.317,9668,1,3,4.568,462.0,2.1080,5.204,466.5,2.4960
9.337,9688,1,3,4.572,459.2,2.0980,5.204,457.9,2.3720
9.358,9708,1,3,4.568,459.0,2.0940,5.208,456.1,2.3720
9.378,9728,1,3,4.568,460.6,2.1040,5.204,382.0,1.9920
9.399,9748,1,3,4.568,462.2,2.1100,5.216,415.3,2.1340
9.419,9768,1,3,4.568,461.1,2.1040,5.216,409.7,2.1340
9.440,9788,1,3,4.556,459.7,2.1040,5.212,415.2,2.1460
9.460,9808,1,3,4.564,459.8,2.1000,5.216,410.0,2.1400
9.477,9828,1,3,4.568,461.3,2.1040,5.220,417.8,2.1800
9.497,9848,1,3,4.568,463.0,2.1100,5.216,409.4,2.1360
9.518,9868,1,3,4.564,460.2,2.1040,5.216,416.8,2.1720
9.538,9888,1,3,4.568,459.7,2.1000,5.216,410.2,2.1340
9.558,9908,1,3,4.568,460.1,2.1000,5.216,418.1,2.1800
9.579,9928,1,3,4.568,462.0,2.1100,5.224,409.7,2.1360
9.599,9948,1,3,4.572,461.6,2.1100,5.212,416.8,2.1700
9.620,9968,1,3,4.568,461.4,2.0940,5.216,410.0,2.1400
9.636,9988,1,3,4.568,460.8,2.1040,5.212,417.7,2.1720
9.657,10008,0,4,4.860,457.9,2.2240,5.220,409.1,2.1340
9.677,10028,0,4,4.836,462.0,2.2380,5.216,417.1,2.1720
9.698,10048,0,4,4.836,461.1,2.2280,5.216,409.4,2.1400
9.718,10068,0,4,4.840,461.8,2.2220,5.212,417.2,2.1920
9.739,10088,0,4,4.836,460.2,2.2320,5.216,408.6,2.1300
9.759,10108,0,4,4.836,460.9,2.2340,5.216,417.0,2.1760
9.780,10128,0,4,4.836,461.9,2.2380,5.228,408.6,2.1300
9.800,10148,0,4,4.836,460.3,2.2320,5.216,417.6,2.1700
9.817,10168,0,4,4.840,461.3,2.2420,5.220,409.7,2.1400
9.837,10188,0,4,4.836,461.3,2.2340,5.216,417.8,2.1920
9.858,10208,0,4,4.836,463.0,2.2440,5.220,409.1,2.1340
9.878,10228,0,4,4.840,459.7,2.2240,5.220,418.0,2.1800
9.898,10248,0,4,4.840,459.5,2.2240,5.220,408.4,2.1360
9.919,10268,0,4,4.856,458.7,2.2280,5.220,424.0,2.1720
9.939,10288,0,4,4.836,460.5,2.2320,5.216,409.0,2.1400
9.960,10308,0,4,4.840,463.3,2.2440,5.212,417.1,2.1720
9.977,10328,0,4,4.840,461.2,2.2340,5.224,407.3,2.1240
9.997,10348,0,4,4.844,458.6,2.2320,5.216,418.1,2.1720
10.017,10368,0,4,4.840,460.7,2.2380,5.208,451.6,2.3420
10.038,10388,0,4,4.840,461.4,2.2340,5.212,416.3,2.1760
10.058,10408,0,4,4.840,458.4,2.2240,5.216,410.1,2.1400
10.079,10428,0,4,4.840,460.7,2.2340,5.224,419.4,2.1860
10.099,10448,0,4,4.844,460.7,2.2420,5.216,408.6,2.1360
10.119,10468,0,4,4.848,460.3,2.2480,5.216,418.1,2.2700
10.140,10488,0,4,4.868,417.4,2.0340,5.212,443.1,2.3100
10.157,10508,0,4,4.856,418.0,2.0420,5.208,442.8,2.3060
10.177,10528,0,4,4.868,419.9,2.0420,5.212,443.7,2.3140
10.198,10548,0,4,4.864,419.7,2.0320,5.212,442.6,2.3040
10.218,10568,0,4,4.860,416.2,2.0580,5.216,411.0,2.1400
10.239,10588,0,4,4.864,417.7,2.0340,5.216,407.2,2.1440
10.259,10608,0,4,4.876,422.1,2.0620,5.216,409.1,2.1340
10.279,10628,0,4,4.864,421.2,2.0420,5.224,409.8,2.1360
10.300,10648,0,4,4.864,416.1,2.0740,5.212,411.1,2.1440
10.317,10668,0,4,4.860,419.2,2.0520,5.208,460.1,2.3880
10.337,10688,0,4,4.868,417.5,2.0380,5.220,407.2,2.1200
10.357,10708,0,4,4.856,423.8,2.0740,5.208,456.9,2.3820
10.378,10728,0,4,4.864,422.0,2.0380,5.220,414.5,2.1600
10.398,10748,0,4,4.868,417.2,2.0440,5.216,409.8,2.1360
10.419,10768,0,4,4.864,417.4,2.0520,5.216,409.9,2.1400
10.439,10788,0,4,4.880,420.7,2.0580,5.208,457.5,2.4160
10.460,10808,0,4,4.864,418.2,2.0380,5.220,409.5,2.1360
10.480,10828,0,4,4.868,415.6,2.0740,5.216,408.0,2.1260
10.497,10848,0,4,4.864,421.4,2.0580,5.216,409.4,2.1360
10.517,10868,0,4,4.872,417.9,2.0840,5.212,409.4,2.1360
10.538,10888,0,4,4.900,413.2,2.0260,5.220,409.4,2.1360
10.558,10908,0,4,4.864,416.9,2.0440,5.216,408.8,2.1340
10.579,10928,0,4,4.860,417.5,2.0540,5.212,408.7,2.1340
10.599,10948,0,4,4.872,420.9,2.0700,5.216,410.2,2.1360
10.619,10968,0,4,4.868,417.3,2.0540,5.216,410.0,2.1360
10.640,10988,0,4,4.872,421.0,2.0780,5.212,409.0,2.1400
10.657,11008,0,4,4.864,419.0,2.0520,5.216,412.1,2.1500
10.677,11028,0,4,4.864,420.3,2.0740,5.220,409.9,2.1360
10.698,11048,0,4,4.868,417.9,2.0620,5.216,409.0,2.1340
10.718,11068,0,4,4.876,417.1,2.0780,5.216,410.5,2.1260
10.738,11088,0,4,4.836,454.8,2.2520,5.220,409.0,2.1360
10.759,11108,0,4,4.864,422.2,2.0840,5.216,408.0,2.1300
10.779,11128,0,4,4.876,416.8,2.0520,5.216,410.9,2.1440
10.800,11148,0,4,4.868,417.2,2.0800,5.216,410.1,2.1360
10.820,11168,0,4,4.892,422.0,2.0320,5.212,415.7,2.1400
10.837,11188,0,4,4.868,429.4,2.1100,5.212,450.1,2.1660
10.857,11208,0,4,4.876,418.5,2.0480,5.216,384.5,2.0080
10.878,11228,0,4,4.868,423.2,2.0620,5.224,409.0,2.1340
10.898,11248,0,4,4.888,419.4,2.0280,5.212,417.7,2.1800
10.919,11268,0,4,4.864,423.5,2.0580,5.212,409.7,2.1340
10.939,11288,0,4,4.868,421.5,2.0680,5.212,445.0,2.4020
10.959,11308,0,4,4.872,416.0,2.0520,5.216,409.1,2.1340
10.980,11328,0,4,4.888,424.0,2.0280,5.216,417.2,2.1760
11.000,11348,0,4,4.924,422.7,2.0340,5.216,409.2,2.1340
11.017,11368,0,4,4.896,419.6,2.0320,5.212,416.3,2.1920
11.037,11388,0,4,4.900,421.6,2.0540,5.216,410.0,2.1760
11.058,11408,0,4,4.888,422.9,2.0620,5.216,391.5,2.0440
11.078,11428,0,4,4.912,417.4,2.0280,5.216,409.8,2.1360
11.099,11448,0,4,4.892,420.5,2.0520,5.212,417.7,2.1760
11.119,11468,0,4,4.948,420.4,2.0380,5.216,408.9,2.1400
11.139,11488,0,4,4.888,418.3,2.0380,5.216,416.4,2.2120
11.160,11508,0,4,4.920,417.1,2.0340,5.216,359.0,1.8720
11.177,11528,0,4,4.896,419.3,2.0320,5.216,416.6,2.1720
11.197,11548,0,4,4.952,421.3,2.0340,5.220,409.0,2.1340
11.218,11568,0,4,4.932,420.9,2.0480,5.216,415.9,2.1720
11.238,11588,0,4,4.912,417.3,2.0340,5.216,409.5,2.1400
11.258,11608,0,4,4.908,415.3,2.0260,5.212,398.4,2.0800
11.279,11628,0,4,4.940,415.7,2.0520,5.216,410.6,2.1400
11.299,11648,0,4,4.932,420.3,2.0420,5.212,417.6,2.1760
11.320,11668,0,4,4.904,421.1,2.0320,5.208,466.9,2.5140
11.340,11688,0,4,4.932,421.3,2.0480,5.208,464.0,2.4120
11.357,11708,0,4,4.972,416.1,2.0320,5.208,406.7,2.1160
11.377,11728,0,4,4.872,419.7,2.0280,5.216,419.4,2.1860
11.398,11748,0,4,4.900,421.2,2.0280,5.216,412.0,2.1500
11.418,11768,0,4,4.872,418.2,2.0480,5.216,417.3,2.1720
11.439,11788,0,4,4.944,421.9,2.0540,5.216,410.0,2.1400
11.459,11808,0,4,4.904,418.4,2.0480,5.216,395.7,2.0620
11.479,11828,0,4,4.912,416.9,2.0380,5.216,409.4,2.1360
11.500,11848,0,4,4.868,421.2,2.0340,5.216,425.4,2.2180
11.517,11868,0,4,4.876,422.4,2.0340,5.216,410.0,2.1620
11.538,11888,0,4,4.880,422.9,2.0540,5.220,412.5,2.1860
11.558,11908,0,4,4.888,433.1,2.1160,5.212,361.9,1.8900
11.578,11928,0,4,4.868,419.7,2.0440,5.216,411.6,2.1460
11.599,11948,0,4,4.876,422.3,2.0340,5.216,410.7,2.1400
11.619,11968,0,4,4.868,416.1,2.0440,5.220,409.4,2.1440
11.640,11988,0,4,4.876,419.5,2.0380,5.216,413.7,2.1500
11.660,12008,1,5,4.672,455.8,2.0880,5.204,384.7,2.0060
11.681,12028,1,5,4.592,417.9,1.9240,5.216,408.2,2.1300
11.697,12048,1,5,4.596,416.8,1.9440,5.216,410.0,2.1360
11.717,12068,1,5,4.588,417.1,1.9140,5.216,408.8,2.1300
11.738,12088,1,5,4.588,417.9,1.9200,5.216,409.3,2.1440
11.758,12108,1,5,4.592,423.5,1.9400,5.216,455.4,2.3720
11.779,12128,1,5,4.596,416.5,1.9360,5.216,408.4,2.1300
11.799,12148,1,5,4.588,415.7,1.9360,5.216,409.2,2.1340
11.819,12168,1,5,4.596,416.6,1.9100,5.216,409.0,2.1400
11.840,12188,1,5,4.588,419.9,1.9340,5.216,408.8,2.1440
11.857,12208,1,5,4.560,451.4,2.0640,5.216,383.0,1.9980
11.877,12228,1,5,4.576,454.1,2.0740,5.212,414.5,2.1620
11.898,12248,1,5,4.568,454.6,2.0740,5.212,408.2,2.1260
11.918,12268,1,5,4.572,454.4,2.0780,5.220,409.3,2.1340
11.938,12288,1,5,4.572,453.9,2.0700,5.216,408.6,2.1360
11.959,12308,1,5,4.584,420.5,1.9300,5.216,408.7,2.1340
11.979,12328,1,5,4.588,418.6,1.9080,5.216,411.5,2.1460
12.000,12348,1,5,4.588,416.8,1.9340,5.216,416.8,2.1720
12.020,12368,1,5,4.596,419.4,1.9260,5.216,408.9,2.1300
12.037,12388,1,5,4.588,417.3,1.9140,5.212,410.5,2.1360
12.057,12408,1,5,4.584,421.4,1.9360,5.224,409.4,2.1360
12.078,12428,1,5,4.596,416.3,1.9240,5.216,410.2,2.1400
12.098,12448,1,5,4.592,421.5,1.9140,5.220,408.2,2.1260
12.119,12468,1,5,4.588,424.4,1.9500,5.216,409.2,2.1660
12.139,12488,1,5,4.588,417.7,1.9160,5.216,410.0,2.1340
12.160,12508,1,5,4.588,417.3,1.9160,5.220,409.9,2.1360
12.180,12528,1,5,4.612,418.0,1.9080,5.216,409.3,2.1360
12.197,12548,1,5,4.600,416.8,1.9140,5.216,409.8,2.1360
12.217,12568,1,5,4.588,421.0,1.9300,5.216,409.1,2.1360
12.238,12588,1,5,4.592,417.3,1.9140,5.212,417.0,2.1760
12.258,12608,1,5,4.592,417.8,1.9140,5.224,409.6,2.1400
12.279,12628,1,5,4.624,419.3,1.9160,5.216,413.1,2.1560
12.299,12648,1,5,4.584,418.9,1.9340,5.216,408.7,2.1300
12.319,12668,1,5,4.592,417.7,1.9160,5.204,473.7,2.4580
12.340,12688,1,5,4.592,420.6,1.9300,5.204,456.6,2.3880
12.360,12708,1,5,4.592,418.6,1.9200,5.220,470.5,2.4480
12.377,12728,1,5,4.580,426.7,1.9400,5.208,409.8,2.1360
12.397,12748,1,5,4.588,417.6,1.9360,5.212,416.6,2.1660
12.418,12768,1,5,4.588,422.4,1.9360,5.216,409.0,2.1260
12.438,12788,1,5,4.588,417.8,1.9160,5.216,417.2,2.1460
12.459,12808,1,5,4.588,418.3,1.9200,5.224,409.7,2.1360
12.479,12828,1,5,4.556,461.6,2.1100,5.216,422.6,2.2020
12.499,12848,1,5,4.584,418.9,1.9360,5.212,409.9,2.1360
12.520,12868,1,5,4.588,417.1,1.9100,5.216,417.0,2.1760
12.537,12888,1,5,4.592,419.3,1.9260,5.216,411.1,2.1300
12.557,12908,1,5,4.588,415.6,1.9080,5.228,417.1,2.1720
12.577,12928,1,5,4.584,427.8,1.9700,5.212,449.4,2.3400
12.598,12948,1,5,4.588,422.4,1.9160,5.216,417.1,2.2020
12.619,12968,1,5,4.584,421.1,1.9360,5.216,408.6,2.1300
12.639,12988,1,5,4.588,418.0,1.9160,5.212,416.5,2.1660
12.659,13008,1,5,4.588,420.3,1.9300,5.216,408.8,2.1300
12.680,13028,1,5,4.588,416.8,1.9300,5.212,430.4,2.2380
12.700,13048,1,5,4.592,416.3,1.9400,5.212,410.9,2.1300
12.717,13068,1,5,4.588,423.1,1.9440,5.212,417.4,2.2160
12.737,13088,1,5,4.584,419.3,1.9300,5.212,408.2,1.8780
12.758,13108,1,5,4.584,427.1,1.9660,5.220,416.5,2.1700
12.778,13128,1,5,4.588,422.2,1.9160,5.212,409.8,2.1360
12.799,13148,1,5,4.600,416.5,1.9160,5.212,418.4,2.1720
12.819,13168,1,5,4.588,422.2,1.9400,5.212,409.1,2.1340
12.840,13188,1,5,4.584,415.9,1.9080,5.212,419.3,2.2060
12.860,13208,1,5,4.584,419.6,1.9240,5.216,409.3,2.1340
12.877,13228,1,5,4.592,420.0,1.9100,5.212,418.1,2.1800
12.897,13248,1,5,4.596,421.3,1.9160,5.208,442.1,2.3040
12.918,13268,1,5,4.588,416.6,1.9100,5.208,452.8,2.3400
12.938,13288,1,5,4.584,422.4,1.9360,5.208,442.6,2.0880
12.959,13308,1,5,4.600,416.2,1.9100,5.212,460.0,2.3960
12.979,13328,1,5,4.588,416.7,1.9340,5.212,408.9,2.1300
12.999,13348,1,5,4.600,416.1,1.9400,5.216,409.1,2.1860
13.020,13368,1,5,4.588,422.1,1.9400,5.212,410.1,2.1240
13.040,13388,1,5,4.588,415.7,1.9080,5.212,407.9,1.9240
13.057,13408,1,5,4.584,417.3,1.9160,5.216,408.5,2.1300
13.077,13428,1,5,4.584,418.1,1.9460,5.216,417.1,2.1720
13.098,13448,1,5,4.620,415.6,1.9300,5.216,412.0,2.1340
13.118,13468,1,5,4.584,420.0,1.9300,5.212,409.6,2.1360
13.139,13488,1,5,4.588,418.8,1.9200,5.216,409.0,1.9340
13.159,13508,1,5,4.588,418.0,1.9160,5.216,408.9,2.1300
13.179,13528,1,5,4.592,421.0,1.9260,5.216,409.4,2.1340
13.200,13548,1,5,4.620,418.2,1.9240,5.212,409.5,2.1860
13.217,13568,1,5,4.584,423.0,1.9400,5.212,409.3,2.1340
13.237,13588,1,5,4.588,417.3,1.9160,5.212,409.4,1.8840
13.258,13608,1,5,4.588,420.9,1.9200,5.216,410.1,2.1360
13.278,13628,1,5,4.592,422.1,1.9080,5.216,411.1,2.1440
13.299,13648,1,5,4.564,455.8,1.9660,5.216,410.5,2.1340
13.319,13668,1,5,4.588,417.8,1.9160,5.204,463.4,2.4480
13.339,13688,1,5,4.584,422.3,1.9360,5.216,380.5,2.2640
13.360,13708,1,5,4.592,419.8,1.9240,5.216,407.3,2.1240
13.380,13728,1,5,4.588,417.4,1.9300,5.212,412.5,2.1500
13.397,13748,1,5,4.580,437.0,2.0900,5.208,449.7,2.1600
13.417,13768,1,5,4.588,420.5,1.9340,5.216,409.0,2.1520
13.438,13788,1,5,4.588,421.5,1.9340,5.204,457.3,2.1560
13.458,13808,1,5,4.592,421.0,1.9240,5.216,408.7,2.1300
13.479,13828,1,5,4.588,421.6,1.9140,5.216,409.8,2.1340
13.499,13848,1,5,4.588,419.0,1.9600,5.204,489.9,2.6280
13.519,13868,1,5,4.592,422.2,1.9400,5.212,418.9,2.1820
13.540,13888,1,5,4.588,416.8,1.9140,5.212,377.5,2.0900
13.560,13908,1,5,4.592,420.9,1.9260,5.212,410.3,2.1400
13.577,13928,1,5,4.600,417.6,1.9140,5.216,409.9,2.1360
13.598,13948,1,5,4.592,421.5,1.9160,5.212,411.3,2.1700
13.618,13968,1,5,4.588,418.9,1.9260,5.212,410.4,2.1360
13.639,13988,1,5,4.588,421.1,1.9340,5.220,358.0,2.1300
13.659,14008,0,6,5.004,389.0,2.1820,5.212,412.8,2.1520
13.679,14028,0,6,4.896,423.7,2.0620,5.212,412.6,2.1500
13.700,14048,0,6,4.884,419.8,2.0440,5.212,417.6,2.2680
13.720,14068,0,6,4.888,421.3,2.0540,5.212,409.6,2.1340
13.737,14088,0,6,4.884,420.2,2.0580,5.212,389.2,2.1080
13.757,14108,0,6,4.896,415.9,2.0380,5.216,409.7,2.1360
13.778,14128,0,6,4.888,419.7,2.0440,5.212,417.6,2.1760
13.798,14148,0,6,4.924,417.0,2.0480,5.212,410.1,2.1560
13.819,14168,0,6,4.892,415.6,2.0440,5.216,417.7,2.1760
13.839,14188,0,6,4.896,419.9,2.0480,5.220,357.4,2.1260
13.859,14208,0,6,4.896,420.4,2.0340,5.216,417.2,2.1760
13.880,14228,0,6,4.924,425.7,2.0340,5.216,410.7,2.1400
13.901,14248,0,6,4.904,417.4,2.0520,5.212,417.0,2.1720
13.917,14268,0,6,4.928,416.8,2.0380,5.216,409.1,2.1560
13.938,14288,0,6,4.944,416.5,2.0280,5.216,401.0,2.1820
13.958,14308,0,6,4.924,417.5,2.0480,5.216,409.5,2.1340
13.979,14328,0,6,4.920,418.8,2.0320,5.216,416.6,2.1720
13.999,14348,0,6,4.940,417.4,2.0540,5.212,410.0,2.1300
14.019,14368,0,6,4.972,419.9,2.0580,5.212,417.3,2.1720
14.040,14388,0,6,4.916,419.2,2.0420,5.220,362.9,2.1500
14.060,14408,0,6,4.932,420.7,2.0340,5.212,416.9,2.1720
14.077,14428,0,6,4.948,417.4,2.0280,5.216,409.6,2.1360
14.098,14448,0,6,4.876,420.8,2.0420,5.216,415.9,2.1660
14.118,14468,0,6,4.884,429.3,2.1000,5.216,409.1,2.1360
14.138,14488,0,6,4.936,421.1,2.0480,5.220,395.9,2.1720
14.163,14508,0,6,4.928,419.8,2.0480,5.216,408.7,2.1340
14.179,14528,0,6,4.872,420.8,2.0380,5.212,416.6,2.1700
14.200,14548,0,6,4.868,422.7,2.0220,5.212,410.0,2.1360
14.220,14568,0,6,4.932,462.5,2.2380,5.204,466.1,2.1880
14.240,14588,0,6,4.872,423.4,2.0540,5.220,408.8,2.1260
14.257,14608,0,6,4.876,417.0,2.0520,5.212,419.1,2.1820
14.278,14628,0,6,4.868,419.1,2.0320,5.212,413.1,2.1520
14.298,14648,0,6,4.872,415.5,2.0480,5.212,417.7,2.1620
14.318,14668,0,6,4.864,431.5,2.0980,5.192,538.6,2.6180
14.339,14688,0,6,4.872,418.9,2.0380,5.224,390.1,2.1720
14.359,14708,0,6,4.868,421.2,2.0260,5.216,406.0,2.1160
14.380,14728,0,6,4.872,419.5,2.0260,5.216,419.4,2.1860
14.400,14748,0,6,4.872,422.5,2.0180,5.212,410.0,2.1560
14.417,14768,0,6,4.880,416.5,2.0260,5.216,414.7,2.2120
14.437,14788,0,6,4.872,420.5,2.0420,5.216,410.9,2.1360
14.458,14808,0,6,4.876,420.5,2.0380,5.216,409.7,2.1360
14.478,14828,0,6,4.868,416.6,2.0480,5.216,410.7,2.1440
14.499,14848,0,6,4.868,422.1,2.0340,5.216,408.9,2.1360
14.519,14868,0,6,4.868,417.2,2.0260,5.216,409.8,2.1620
14.540,14888,0,6,4.868,422.3,2.0520,5.216,408.4,2.1300
14.560,14908,0,6,4.872,417.2,2.0480,5.212,411.3,2.1440
14.580,14928,0,6,4.856,419.0,2.0340,5.216,408.8,2.1300
14.597,14948,0,6,4.864,421.1,2.0640,5.212,410.2,2.1340
14.618,14968,0,6,4.864,420.1,2.0380,5.216,410.6,2.1340
14.638,14988,0,6,4.860,451.8,2.1860,5.220,408.7,2.1500
14.659,15008,0,6,4.844,451.8,2.1880,5.216,408.9,2.1300
14.679,15028,0,6,4.844,452.4,2.1880,5.216,409.2,2.1340
14.699,15048,0,6,4.840,452.4,2.2180,5.216,410.6,2.1300
14.720,15068,0,6,4.872,418.0,2.0280,5.216,409.9,2.1360
14.740,15088,0,6,4.876,415.7,2.0220,5.212,409.1,2.1360
14.757,15108,0,6,4.864,417.9,2.0260,5.216,409.7,2.1360
14.777,15128,0,6,4.868,430.5,2.0680,5.216,409.9,2.1340
14.798,15148,0,6,4.856,428.8,2.0840,5.216,409.0,2.1440
14.818,15168,0,6,4.860,419.1,2.0340,5.212,409.1,2.1300
14.839,15188,0,6,4.900,417.9,2.0420,5.220,408.0,2.1400
14.859,15208,0,6,4.860,417.7,2.0520,5.212,411.2,2.1440
14.880,15228,0,6,4.852,416.8,2.0440,5.212,412.4,2.1500
14.900,15248,0,6,4.852,423.0,2.0420,5.212,410.5,2.1340
14.920,15268,0,6,4.856,416.9,2.0280,5.212,408.2,2.1100
14.937,15288,0,6,4.852,416.5,2.0380,5.216,407.9,2.1300
14.958,15308,0,6,4.860,416.7,2.0520,5.220,409.4,2.1340
14.978,15328,0,6,4.856,422.0,2.0380,5.216,411.5,2.1460
14.998,15348,0,6,4.848,417.7,2.0280,5.216,410.5,2.1460
15.019,15368,0,6,4.856,417.9,2.0280,5.212,410.3,2.1400
15.039,15388,0,6,4.820,460.5,2.2380,5.212,409.9,2.1340
15.060,15408,0,6,4.852,418.5,2.0480,5.212,408.9,2.1300
15.080,15428,0,6,4.856,421.6,2.0420,5.212,410.3,2.1400
15.097,15448,0,6,4.852,417.1,2.0220,5.220,409.8,2.1440
15.117,15468,0,6,4.856,420.7,2.0440,5.216,417.2,2.1460
15.138,15488,0,6,4.852,429.5,2.0840,5.204,450.2,2.3040
15.158,15508,0,6,4.852,422.4,2.0280,5.212,417.5,2.1760
15.179,15528,0,6,4.856,417.5,2.0580,5.212,408.7,2.1340
15.199,15548,0,6,4.860,421.9,2.0260,5.216,416.8,2.1760
15.220,15568,0,6,4.852,419.8,2.0420,5.212,410.6,1.8800
15.240,15588,0,6,4.852,422.8,2.0580,5.212,427.9,2.3960
15.260,15608,0,6,4.852,421.6,2.0280,5.216,408.9,2.1340
15.277,15628,0,6,4.856,416.2,2.0480,5.212,418.0,2.1800
15.298,15648,0,6,4.860,420.6,2.0320,5.212,409.2,2.1360
15.318,15668,0,6,4.860,416.6,2.0280,5.204,473.0,2.4960
15.339,15688,0,6,4.856,422.4,2.0520,5.204,458.8,2.4180
15.359,15708,0,6,4.856,423.3,2.0340,5.204,462.9,2.4080
15.379,15728,0,6,4.860,416.8,2.0520,5.212,410.6,2.1400
15.400,15748,0,6,4.860,419.0,2.0540,5.216,416.1,2.1720
15.420,15768,0,6,4.848,417.9,2.0320,5.216,409.1,1.9900
15.437,15788,0,6,4.856,416.6,2.0260,5.212,416.9,2.1660
15.457,15808,0,6,4.864,415.7,2.0520,5.216,410.7,2.1400
15.478,15828,0,6,4.860,422.3,2.0320,5.216,423.2,2.2060
15.498,15848,0,6,4.860,422.5,2.0320,5.216,410.5,2.1300
15.519,15868,0,6,4.860,424.5,2.0680,5.212,414.4,1.9340
15.539,15888,0,6,4.856,417.7,2.0340,5.212,409.4,2.1340
15.560,15908,0,6,4.876,421.6,2.0420,5.216,418.1,2.1800
15.580,15928,0,6,4.856,418.2,2.0620,5.216,411.9,2.1460
15.600,15948,0,6,4.860,421.6,2.0320,5.212,419.9,2.1800
15.617,15968,0,6,4.860,422.7,2.0540,5.212,408.1,1.9340
15.638,15988,0,6,4.872,417.7,2.0380,5.216,417.8,2.1720
15.658,16008,0,6,4.724,557.0,2.4700,5.216,409.4,2.1340
15.679,16028,1,7,4.596,417.6,1.9140,5.212,449.6,2.3420
15.699,16048,1,7,4.588,421.5,1.9240,5.208,442.6,2.3100
15.719,16068,1,7,4.592,417.0,1.9140,5.204,457.3,2.0940
15.740,16088,1,7,4.588,419.3,1.9240,5.208,442.2,2.3160
15.760,16108,1,7,4.616,417.2,1.9340,5.220,419.5,2.1860
15.777,16128,1,7,4.588,417.1,1.9160,5.216,408.6,2.1300
15.797,16148,1,7,4.592,419.5,1.9100,5.216,409.3,2.1820
15.818,16168,1,7,4.596,420.3,1.9260,5.216,374.9,2.1140
15.838,16188,1,7,4.592,416.7,1.9140,5.216,413.9,2.1860
15.859,16208,1,7,4.564,464.0,2.1340,5.216,408.8,2.1300
15.879,16228,1,7,4.580,420.9,1.9360,5.216,410.4,2.1400
15.900,16248,1,7,4.592,416.9,1.9140,5.216,409.5,2.1360
15.920,16268,1,7,4.588,421.1,1.9300,5.216,407.1,1.8740
15.940,16288,1,7,4.588,419.3,1.9260,5.212,411.8,2.1340
15.957,16308,1,7,4.584,435.4,2.1080,5.208,424.5,2.2120
15.978,16328,1,7,4.588,422.7,1.9200,5.216,409.5,2.1360
15.998,16348,1,7,4.584,417.7,1.9160,5.212,408.7,2.1340
16.018,16368,1,7,4.588,421.4,1.9360,5.212,378.4,2.1000
16.039,16388,1,7,4.584,416.7,1.9100,5.216,409.6,2.1340
16.059,16408,1,7,4.588,418.3,1.9720,5.216,452.8,2.3600
16.080,16428,1,7,4.588,419.8,1.9100,5.216,415.1,2.1620
16.100,16448,1,7,4.588,423.0,1.9400,5.212,409.3,2.1240
16.121,16468,1,7,4.592,418.8,1.9240,5.220,362.2,2.1360
16.137,16488,1,7,4.596,419.1,1.9260,5.216,408.4,2.1300
16.158,16508,1,7,4.588,416.6,1.9300,5.216,414.9,2.1600
16.178,16528,1,7,4.596,421.2,1.9260,5.216,411.4,2.1440
16.199,16548,1,7,4.592,416.7,1.9100,5.212,415.8,2.1360
16.219,16568,1,7,4.584,418.2,1.9200,5.216,381.3,2.0700
16.239,16588,1,7,4.600,416.7,1.9140,5.216,409.5,2.1360
16.260,16608,1,7,4.596,417.4,1.9200,5.212,416.5,2.1700
16.280,16628,1,7,4.588,421.2,1.9160,5.216,409.6,2.1340
16.298,16648,1,7,4.596,417.9,1.9200,5.212,409.4,2.1400
16.319,16668,1,7,4.604,422.7,1.9440,5.204,416.4,2.3920
16.338,16688,1,7,4.580,415.7,1.9140,5.212,406.3,2.1200
16.358,16708,1,7,4.596,416.4,1.9400,5.216,406.8,2.1200
16.379,16728,1,7,4.600,419.6,1.9340,5.216,408.3,2.1300
16.399,16748,1,7,4.592,419.4,1.9260,5.216,410.3,2.1340
16.420,16768,1,7,4.592,418.3,1.9240,5.216,385.8,2.0740
16.440,16788,1,7,4.596,425.8,1.9540,5.212,409.1,2.1340
16.461,16808,1,7,4.596,417.6,1.9240,5.212,410.6,2.1400
16.477,16828,1,7,4.612,422.4,1.9200,5.212,408.5,2.1300
16.498,16848,1,7,4.588,416.6,1.9100,5.212,414.9,2.1440
16.518,16868,1,7,4.592,416.9,1.9140,5.224,359.4,2.1340
16.539,16888,1,7,4.592,421.7,1.9340,5.212,419.8,2.1880
16.559,16908,1,7,4.592,421.6,1.9200,5.212,410.9,2.1440
16.580,16928,1,7,4.628,416.2,1.9160,5.212,415.9,2.1700
16.600,16948,1,7,4.600,419.2,1.9240,5.216,408.6,2.1400
16.620,16968,1,7,4.600,421.0,1.9300,5.224,398.6,2.1700
16.637,16988,1,7,4.584,418.1,1.9160,5.220,409.5,2.1340
16.658,17008,1,7,4.592,422.4,1.9160,5.212,419.4,2.1860
16.678,17028,1,7,4.568,431.6,1.9300,5.216,409.8,2.1360
16.699,17048,1,7,4.592,418.7,1.9240,5.216,415.5,2.1720
16.719,17068,1,7,4.596,421.3,1.9340,5.220,359.8,2.1300
16.739,17088,1,7,4.596,417.0,1.9140,5.212,418.9,2.1820
16.760,17108,1,7,4.584,421.3,1.9140,5.212,409.4,2.1340
16.780,17128,1,7,4.552,464.5,2.1080,5.216,420.2,2.1880
16.801,17148,1,7,4.592,423.8,1.9460,5.212,409.7,2.1440
16.817,17168,1,7,4.588,420.7,1.9300,5.224,394.2,2.1800
16.838,17188,1,7,4.592,418.0,1.9160,5.212,408.8,2.1300
16.858,17208,1,7,4.600,416.2,1.9260,5.212,417.8,2.1760
16.879,17228,1,7,4.584,429.8,2.0620,5.204,449.6,2.3420
16.899,17248,1,7,4.596,419.9,1.9260,5.212,416.3,2.1880
16.919,17268,1,7,4.588,421.1,1.9340,5.220,409.1,2.1340
16.940,17288,1,7,4.588,418.2,1.9200,5.212,421.6,2.1980
16.960,17308,1,7,4.592,417.3,1.9400,5.212,411.2,2.1440
16.977,17328,1,7,4.584,418.8,1.9340,5.212,426.3,2.2220
16.998,17348,1,7,4.592,418.1,1.9200,5.216,411.3,2.1360
17.018,17368,1,7,4.592,418.5,1.9200,5.224,389.4,2.1920
17.039,17388,1,7,4.588,418.3,1.9200,5.216,409.5,2.1340
17.059,17408,1,7,4.592,417.9,1.9240,5.212,419.0,2.1820
17.079,17428,1,7,4.592,421.6,1.9140,5.216,408.2,2.1260
17.100,17448,1,7,4.596,423.0,1.9400,5.212,417.4,2.1700
17.120,17468,1,7,4.592,417.6,1.9160,5.220,411.6,2.1360
17.141,17488,1,7,4.592,422.7,1.9360,5.212,419.0,2.1820
17.161,17508,1,7,4.596,415.8,1.9400,5.212,409.8,2.1360
17.181,17528,1,7,4.588,417.1,1.9340,5.212,418.2,2.1800
17.198,17548,1,7,4.592,422.1,1.9400,5.216,410.2,2.1360
17.219,17568,1,7,4.592,417.4,1.9140,5.212,417.6,2.1820
17.239,17588,1,7,4.588,422.5,1.9400,5.212,414.2,2.1600
17.259,17608,1,7,4.588,426.0,1.9140,5.216,417.2,2.1760
17.280,17628,1,7,4.588,416.2,1.9240,5.212,408.5,2.1300
17.301,17648,1,7,4.612,420.1,1.9300,5.216,410.2,2.1360
17.321,17668,1,7,4.592,420.3,1.9260,5.216,457.2,2.3860
17.341,17688,1,7,4.592,420.6,1.9260,5.204,455.4,2.3700
17.358,17708,1,7,4.588,421.4,1.9400,5.216,408.4,2.1260
17.378,17728,1,7,4.588,416.7,1.9240,5.212,413.7,2.1560
17.399,17748,1,7,4.588,450.7,2.0640,5.212,409.3,2.0700
17.419,17768,1,7,4.576,452.3,2.0680,5.216,408.3,2.3000
17.440,17788,1,7,4.572,452.8,2.0800,5.212,408.5,2.1300
17.460,17808,1,7,4.572,453.0,2.0840,5.212,409.4,2.1360
17.481,17828,1,7,4.624,419.1,1.9140,5.216,409.7,2.1360
17.501,17848,1,7,4.588,418.4,1.9340,5.212,410.6,2.1520
17.521,17868,1,7,4.588,417.3,1.9140,5.216,408.7,2.1400
17.538,17888,1,7,4.600,415.0,1.9260,5.212,409.7,2.1360
17.559,17908,1,7,4.588,422.4,1.9240,5.216,409.1,2.1340
17.579,17928,1,7,4.588,416.9,1.9300,5.216,409.5,2.1340
17.600,17948,1,7,4.556,461.9,2.1200,5.216,410.8,2.0940
17.620,17968,1,7,4.588,417.4,1.9140,5.216,408.6,2.1460
17.640,17988,1,7,4.584,416.0,1.9540,5.216,409.3,2.1360
17.661,18008,1,7,4.588,419.0,1.9400,5.216,408.2,2.1260
17.681,18028,0,8,4.868,414.7,2.0680,5.212,412.4,2.1500
17.698,18048,0,8,4.860,430.7,2.0880,5.204,450.1,2.2880
17.719,18068,0,8,4.864,421.7,2.0480,5.216,410.9,2.1360
17.739,18088,0,8,4.856,417.2,2.0520,5.212,412.9,2.1520
17.759,18108,0,8,4.856,421.6,2.0340,5.216,409.1,2.1340
17.780,18128,0,8,4.852,416.2,2.0700,5.216,410.4,2.1400
17.800,18148,0,8,4.856,421.1,2.0440,5.212,420.8,2.3340
17.821,18168,0,8,4.856,416.1,2.0260,5.212,409.4,2.1400
17.841,18188,0,8,4.856,421.8,2.0280,5.216,412.9,2.1520
17.861,18208,0,8,4.860,416.9,2.0480,5.220,413.1,2.1520
17.878,18228,0,8,4.856,417.0,2.0420,5.212,410.3,2.1400
17.899,18248,0,8,4.852,422.4,2.0520,5.216,409.8,1.9360
17.919,18268,0,8,4.856,418.9,2.0380,5.212,416.9,2.1560
17.939,18288,0,8,4.856,417.3,2.0440,5.220,409.5,2.1360
17.960,18308,0,8,4.856,421.3,2.0320,5.212,418.3,2.1800
17.980,18328,0,8,4.860,418.2,2.0540,5.216,412.3,2.1500
18.001,18348,0,8,4.860,423.3,2.0620,5.216,416.6,2.1720
18.021,18368,0,8,4.864,418.3,2.0340,5.216,409.0,2.1340
18.042,18388,0,8,4.864,420.5,2.0380,5.216,418.3,2.1800
18.058,18408,0,8,4.856,422.2,2.0280,5.216,410.0,2.1360
18.079,18428,0,8,4.864,421.7,2.0320,5.212,416.5,2.1700
18.099,18448,0,8,4.852,426.1,2.0780,5.216,410.2,1.9100
18.120,18468,0,8,4.868,422.1,2.0580,5.212,417.7,2.1700
18.140,18488,0,8,4.852,419.7,2.0260,5.216,410.0,2.1360
18.161,18508,0,8,4.868,416.2,2.0580,5.212,417.0,2.1720
18.181,18528,0,8,4.860,419.6,2.0580,5.216,410.9,2.1440
18.201,18548,0,8,4.856,421.9,2.0520,5.216,417.4,1.9240
18.218,18568,0,8,4.884,420.5,2.0520,5.212,412.2,2.1460
18.239,18588,0,8,4.864,420.2,2.0440,5.216,416.7,2.1720
18.259,18608,0,8,4.856,417.8,2.0520,5.216,409.4,2.1340
18.279,18628,0,8,4.864,421.4,2.0740,5.216,420.0,2.1880
18.300,18648,0,8,4.856,418.8,2.0380,5.212,409.1,1.9340
18.320,18668,0,8,4.888,416.2,2.0380,5.200,490.7,2.4180
18.341,18688,0,8,4.856,422.4,2.0340,5.212,459.8,2.3920
18.361,18708,0,8,4.856,417.6,2.0340,5.216,413.2,2.1520
18.382,18728,0,8,4.872,419.6,2.0280,5.212,409.6,2.1360
18.398,18748,0,8,4.864,417.4,2.0340,5.216,415.3,1.9240
18.419,18768,0,8,4.844,424.2,2.0800,5.216,407.9,2.1360
18.439,18788,0,8,4.864,419.9,2.0340,5.204,453.5,2.3620
18.460,18808,0,8,4.860,418.1,2.0580,5.208,443.6,2.3100
18.480,18828,0,8,4.864,421.4,2.0440,5.204,452.2,2.3520
18.501,18848,0,8,4.864,417.8,2.0380,5.212,406.0,2.2840
18.521,18868,0,8,4.852,464.7,2.2480,5.200,428.4,2.1880
18.541,18888,0,8,4.860,418.3,2.0440,5.216,408.8,2.1300
18.558,18908,0,8,4.860,416.9,2.0620,5.216,429.4,2.2380
18.579,18928,0,8,4.868,422.7,2.0380,5.212,410.2,2.1360
18.599,18948,0,8,4.868,419.8,2.0440,5.216,408.6,1.9160
18.620,18968,0,8,4.864,423.2,2.0640,5.200,451.4,2.3460
18.640,18988,0,8,4.868,418.0,2.0620,5.216,411.1,2.1440
18.660,19008,0,8,4.864,419.5,2.0420,5.220,408.8,2.1340
18.681,19028,0,8,4.864,420.2,2.0740,5.216,419.0,2.1820
18.701,19048,0,8,4.864,422.0,2.0620,5.216,383.9,2.1000
18.722,19068,0,8,4.868,416.9,2.0420,5.212,414.9,2.3100
18.739,19088,0,8,4.864,421.2,2.0480,5.216,409.8,2.1360
18.759,19108,0,8,4.872,415.5,2.0800,5.216,409.9,2.1360
18.779,19128,0,8,4.876,420.4,2.0700,5.216,408.5,2.1300
18.800,19148,0,8,4.868,417.8,2.0480,5.216,357.7,2.1400
18.820,19168,0,8,4.860,420.6,2.0580,5.216,426.0,2.1340
18.841,19188,0,8,4.868,421.8,2.0780,5.216,409.9,2.1360
18.861,19208,0,8,4.860,424.0,2.0340,5.216,408.6,2.1300
18.882,19228,0,8,4.872,417.0,2.0740,5.216,409.9,2.1360
18.898,19248,0,8,4.868,417.7,2.0420,5.212,382.6,2.0880
18.919,19268,0,8,4.872,418.6,2.0680,5.216,409.6,2.1340
18.939,19288,0,8,4.876,419.2,2.0380,5.216,416.9,2.1720
18.959,19308,0,8,4.872,422.6,2.0640,5.216,409.2,2.1340
18.980,19328,0,8,4.868,422.7,2.0640,5.216,414.7,2.1620
19.000,19348,0,8,4.872,417.8,2.0580,5.220,358.0,2.1340
19.021,19368,0,8,4.876,415.9,2.0380,5.216,409.9,2.1360
19.041,19388,0,8,4.896,416.0,2.0800,5.216,410.1,2.1360
19.062,19408,0,8,4.888,423.0,2.0440,5.216,409.5,2.1340
19.078,19428,0,8,4.884,419.8,2.0320,5.216,408.7,2.1300
19.099,19448,0,8,4.884,422.4,2.0740,5.224,394.9,2.1440
19.119,19468,0,8,4.876,414.3,2.0480,5.216,408.8,2.1300
19.140,19488,0,8,4.924,419.1,2.0380,5.216,409.1,2.1340
19.160,19508,0,8,4.884,419.7,2.0520,5.216,409.1,2.1340
19.181,19528,0,8,4.896,418.0,2.0380,5.212,409.1,2.1340
19.201,19548,0,8,4.872,417.6,2.0620,5.220,356.5,2.1360
19.221,19568,0,8,4.888,419.9,2.0440,5.216,409.9,2.1360
19.238,19588,0,8,4.868,430.3,2.0480,5.212,408.4,2.1300
19.259,19608,0,8,4.896,416.7,2.0520,5.212,410.2,2.1360
19.279,19628,0,8,4.892,417.0,2.0540,5.216,411.2,2.1440
19.299,19648,0,8,4.888,421.0,2.0520,5.224,403.7,2.1200
19.320,19668,0,8,4.916,422.4,2.0580,5.208,458.9,2.3920
19.340,19688,0,8,4.860,462.5,2.2520,5.212,415.1,2.1660
19.361,19708,0,8,4.944,418.6,2.0480,5.208,456.9,2.3780
19.381,19728,0,8,4.936,417.9,2.0520,5.212,415.4,2.1660
19.402,19748,0,8,4.908,418.9,2.0380,5.220,415.9,2.1360
19.419,19768,0,8,4.900,417.1,2.0340,5.216,416.4,2.3200
19.439,19788,0,8,4.936,425.0,2.1920,5.204,449.8,2.3420
19.459,19808,0,8,4.924,422.0,2.0320,5.216,417.0,2.1720
19.480,19828,0,8,4.900,418.7,2.0320,5.212,411.3,2.1440
19.500,19848,0,8,4.888,421.8,2.0540,5.212,456.7,2.5000
19.521,19868,0,8,4.948,420.0,2.0440,5.200,468.5,2.1800
19.541,19888,0,8,4.924,416.1,2.0480,5.216,424.0,2.2080
19.561,19908,0,8,4.908,417.5,2.0480,5.212,421.0,2.1960
19.578,19928,0,8,4.944,418.2,2.0520,5.212,418.5,2.1820
19.599,19948,0,8,4.940,421.2,2.0480,5.220,410.9,2.1300
19.619,19968,0,8,4.920,418.2,2.0380,5.216,417.8,2.1800
19.639,19988,0,8,4.920,416.2,2.0440,5.216,411.5,2.1460
19.660,20008,0,8,4.872,422.6,2.0220,5.216,419.1,2.1860
19.680,20028,1,9,4.592,418.1,2.0340,5.216,409.4,2.1340
19.701,20048,1,9,4.592,416.0,1.9080,5.212,416.3,2.1760
19.721,20068,1,9,4.588,420.6,1.9300,5.212,408.8,2.1360
19.742,20088,1,9,4.596,422.3,1.9160,5.216,415.0,2.1620
19.759,20108,1,9,4.592,421.9,1.9200,5.216,413.2,2.1520
19.779,20128,1,9,4.588,416.3,1.9300,5.212,416.3,2.1700
19.799,20148,1,9,4.588,419.4,1.9240,5.220,409.7,2.1360
19.820,20168,1,9,4.592,417.1,1.9160,5.212,416.9,2.1700
19.840,20188,1,9,4.592,417.2,1.9440,5.220,409.9,2.1360
19.861,20208,1,9,4.608,417.3,1.9160,5.216,416.4,2.1700
19.881,20228,1,9,4.592,417.5,1.9160,5.216,413.9,2.1560
19.901,20248,1,9,4.592,418.8,1.9200,5.212,416.5,2.1660
19.918,20268,1,9,4.592,416.8,1.9140,5.216,407.4,2.1360
19.939,20288,1,9,4.592,417.7,1.9260,5.212,416.3,2.1700
19.959,20308,1,9,4.624,421.2,1.9200,5.216,409.1,2.1340
19.979,20328,1,9,4.588,418.6,1.9200,5.212,417.2,2.1760
20.000,20348,1,9,4.588,421.7,1.9300,5.216,413.6,2.1400
20.020,20368,1,9,4.592,417.5,1.9160,5.216,417.1,2.1880
20.041,20388,1,9,4.584,419.8,1.9340,5.216,409.1,2.1340
20.061,20408,1,9,4.616,421.3,1.9500,5.216,417.2,2.1720
20.082,20428,1,9,4.588,418.5,1.9200,5.216,409.9,2.0740
20.098,20448,1,9,4.588,416.0,1.9100,5.212,410.4,2.1520
20.119,20468,1,9,4.588,423.0,1.9400,5.216,412.0,2.1360
20.139,20488,1,9,4.592,422.1,1.9160,5.216,409.5,2.1340
20.160,20508,1,9,4.568,458.5,2.0320,5.212,407.9,2.1260
20.180,20528,1,9,4.572,455.3,2.0800,5.216,410.9,2.1300
20.201,20548,1,9,4.572,451.3,2.0620,5.212,408.6,2.1340
20.221,20568,1,9,4.572,454.7,2.0800,5.216,410.5,2.1500
20.241,20588,1,9,4.572,455.1,2.0680,5.216,411.9,2.1460
20.258,20608,1,9,4.580,429.3,2.1000,5.208,455.5,2.3700
20.279,20628,1,9,4.588,422.9,1.9400,5.216,409.1,2.1000
20.299,20648,1,9,4.584,419.7,1.9260,5.212,409.4,2.2240
20.319,20668,1,9,4.588,422.4,1.9360,5.200,470.3,2.3780
20.340,20688,1,9,4.588,417.8,1.9160,5.208,454.5,2.3660
20.360,20708,1,9,4.584,418.6,1.9460,5.212,451.6,2.3500
20.381,20728,1,9,4.584,418.8,1.9200,5.216,408.8,1.8840
20.401,20748,1,9,4.588,422.4,1.9400,5.216,409.4,2.1300
20.422,20768,1,9,4.588,417.5,1.9160,5.212,417.4,2.1360
20.438,20788,1,9,4.588,417.8,1.9360,5.212,409.7,2.1360
20.459,20808,1,9,4.588,419.6,1.9140,5.220,417.8,2.1800
20.479,20828,1,9,4.600,420.9,1.9340,5.216,409.5,2.1240
20.500,20848,1,9,4.588,417.6,1.9160,5.212,408.7,2.1340
20.520,20868,1,9,4.588,420.5,1.9300,5.216,409.0,2.1300
20.540,20888,1,9,4.588,416.9,1.9260,5.216,409.2,2.1340
20.561,20908,1,9,4.592,419.7,1.9200,5.216,409.9,2.1360
20.581,20928,1,9,4.588,416.3,1.9080,5.212,410.5,1.8780
20.602,20948,1,9,4.588,421.0,1.9300,5.212,412.5,2.1300
20.618,20968,1,9,4.596,418.9,1.9240,5.216,412.2,2.1460
20.656,20988,1,9,4.584,421.2,1.9080,5.216,408.7,2.1300
20.659,21008,1,9,4.588,418.2,1.9160,5.216,408.5,2.1300
20.680,21028,1,9,4.596,422.0,1.9360,5.216,407.5,1.9260
20.700,21048,1,9,4.588,420.7,1.9340,5.216,411.4,2.1340
20.721,21068,1,9,4.588,418.7,1.9200,5.212,414.0,2.1440
20.741,21088,1,9,4.592,417.1,1.9360,5.216,409.0,2.1340
20.762,21108,1,9,4.580,422.5,1.9080,5.212,409.5,2.1360
20.778,21128,1,9,4.656,421.6,1.9500,5.216,410.6,1.9000
20.799,21148,1,9,4.584,431.6,1.9720,5.212,414.8,2.1360
20.819,21168,1,9,4.584,417.4,1.9100,5.216,410.3,2.1460
20.840,21188,1,9,4.592,417.8,1.9400,5.216,420.7,2.1920
20.860,21208,1,9,4.588,422.4,1.9160,5.216,408.3,2.1260
20.880,21228,1,9,4.608,420.8,1.9500,5.212,415.6,1.9460
20.901,21248,1,9,4.584,414.8,1.9040,5.216,408.8,2.1340
20.921,21268,1,9,4.592,420.1,1.9260,5.212,417.8,2.1760
20.942,21288,1,9,4.588,417.6,1.9200,5.212,409.1,2.1340
20.959,21308,1,9,4.588,420.5,1.9300,5.216,418.0,2.1760
20.979,21328,1,9,4.568,422.7,1.9540,5.212,364.5,2.1340
21.000,21348,1,9,4.588,419.2,1.9240,5.212,417.8,2.1700
21.020,21368,1,9,4.584,417.3,1.9140,5.212,411.7,2.1400
21.040,21388,1,9,4.596,415.7,1.9360,5.212,416.2,2.1700
21.061,21408,1,9,4.588,419.0,1.9100,5.212,407.4,2.1240
21.081,21428,1,9,4.576,464.9,2.1200,5.208,429.2,1.9300
21.102,21448,1,9,4.588,421.9,1.9400,5.216,409.2,2.1360
21.119,21468,1,9,4.596,418.6,1.9200,5.216,417.4,2.1660
21.139,21488,1,9,4.584,423.9,1.9560,5.216,409.7,2.1360
21.159,21508,1,9,4.588,415.8,1.9400,5.216,417.3,2.1760
21.180,21528,1,9,4.596,427.3,1.9540,5.204,413.7,2.3300
21.200,21548,1,9,4.588,415.8,1.9080,5.204,456.7,2.3460
21.221,21568,1,9,4.584,419.9,1.9260,5.208,442.6,2.3040
21.241,21588,1,9,4.600,416.3,1.9200,5.212,449.4,2.3360
21.262,21608,1,9,4.588,418.5,1.9400,5.208,443.2,2.3060
21.282,21628,1,9,4.588,417.8,1.9140,5.212,406.5,2.5140
21.299,21648,1,9,4.592,418.1,1.9200,5.212,409.7,2.1360
21.319,21668,1,9,4.584,419.7,1.9340,5.200,473.1,2.4240
21.339,21688,1,9,4.588,421.6,1.9160,5.216,409.4,2.1360
21.360,21708,1,9,4.584,419.7,1.9340,5.204,463.3,2.4120
21.380,21728,1,9,4.584,422.2,1.9360,5.216,388.1,2.1100
21.401,21748,1,9,4.592,419.7,1.9260,5.216,418.5,2.1960
21.421,21768,1,9,4.584,419.4,1.9240,5.216,409.4,2.1920
21.442,21788,1,9,4.592,416.8,1.9440,5.216,420.3,2.1880
21.458,21808,1,9,4.588,422.4,1.9160,5.216,409.6,2.1360
21.479,21828,1,9,4.588,416.8,1.9140,5.224,363.6,2.1920
21.499,21848,1,9,4.600,420.8,1.9340,5.216,409.1,2.1340
21.520,21868,1,9,4.596,420.2,1.9140,5.216,409.0,2.1880
21.540,21888,1,9,4.588,420.7,1.9100,5.212,410.2,2.1360
21.560,21908,1,9,4.592,422.1,1.9200,5.216,409.8,2.1360
21.581,21928,1,9,4.588,416.8,1.9140,5.224,401.6,2.1340
21.601,21948,1,9,4.608,415.4,1.9080,5.212,412.4,2.1200
21.622,21968,1,9,4.588,426.2,1.9400,5.212,409.7,2.1360
21.642,21988,1,9,4.604,421.1,1.9160,5.216,408.8,2.1300
21.659,22008,1,9,4.592,417.4,1.9360,5.216,409.0,2.1340
21.683,22028,0,10,4.832,424.9,2.0700,5.220,366.3,2.1440
21.700,22048,0,10,4.904,423.1,2.0940,5.212,407.8,2.1340
21.720,22068,0,10,4.864,418.1,2.0580,5.216,409.0,2.1300
21.741,22088,0,10,4.880,417.1,2.0700,5.216,409.0,2.1340
21.761,22108,0,10,4.872,422.6,2.0580,5.216,409.6,2.1340
21.782,22128,0,10,4.880,418.4,2.0680,5.224,398.2,2.1360
21.798,22148,0,10,4.856,417.2,2.0640,5.212,415.7,2.1340
21.819,22168,0,10,4.876,419.1,2.0680,5.216,409.4,2.1360
21.839,22188,0,10,4.876,416.2,2.0900,5.216,408.2,2.1260
21.860,22208,0,10,4.884,418.3,2.0320,5.216,408.8,2.1340
21.880,22228,0,10,4.876,417.9,2.0340,5.216,408.9,2.1360
21.900,22248,0,10,4.840,459.5,2.2520,5.212,410.3,2.1360
21.921,22268,0,10,4.888,416.7,2.0540,5.216,409.0,2.1300
21.941,22288,0,10,4.880,417.9,2.0620,5.216,408.3,2.1260
21.962,22308,0,10,4.900,419.4,2.0380,5.216,411.3,2.1460
21.979,22328,0,10,4.884,422.7,2.0800,5.224,391.5,2.1240
21.999,22348,0,10,4.880,458.9,2.2220,5.208,449.9,2.1620
22.019,22368,0,10,4.872,416.5,2.0580,5.216,409.3,2.1300
22.040,22388,0,10,4.912,419.7,2.0340,5.212,413.1,2.1520
22.060,22408,0,10,4.900,420.4,2.0440,5.212,408.7,2.1340
22.081,22428,0,10,4.884,418.5,2.0380,5.216,407.0,2.1340
22.101,22448,0,10,4.876,420.5,2.0520,5.212,419.0,2.3420
22.122,22468,0,10,4.904,417.4,2.0520,5.216,409.5,2.1340
22.138,22488,0,10,4.888,417.8,2.0580,5.216,409.8,2.1360
22.159,22508,0,10,4.936,419.2,2.0340,5.216,409.5,2.1360
22.179,22528,0,10,4.876,416.9,2.0320,5.220,395.8,2.1500
22.200,22548,0,10,4.900,419.1,2.0420,5.216,409.1,2.1520
22.220,22568,0,10,4.940,417.7,2.0520,5.212,413.7,2.1300
22.240,22588,0,10,4.936,421.4,2.0420,5.212,409.3,2.1340
22.261,22608,0,10,4.880,417.4,2.0480,5.212,414.7,2.1660
22.281,22628,0,10,4.892,419.9,2.0480,5.216,416.5,2.1300
22.302,22648,0,10,4.944,416.3,2.0260,5.212,416.9,2.3400
22.319,22668,0,10,4.952,417.3,2.0540,5.200,465.0,2.4220
22.339,22688,0,10,4.884,418.0,2.0440,5.216,468.3,2.4340
22.359,22708,0,10,4.920,421.2,2.0280,5.216,410.7,2.1400
22.380,22728,0,10,4.944,416.7,2.0280,5.212,419.9,2.1720
22.400,22748,0,10,4.936,421.5,2.0540,5.216,406.9,2.1340
22.421,22768,0,10,4.900,417.3,2.0520,5.216,439.0,2.1700
22.441,22788,0,10,4.928,418.8,2.0520,5.216,409.6,2.1360
22.462,22808,0,10,4.872,416.3,2.0540,5.216,415.2,2.1660
22.478,22828,0,10,4.932,421.3,2.0480,5.220,410.4,2.1360
22.499,22848,0,10,4.892,420.1,2.0420,5.212,420.4,2.1700
22.519,22868,0,10,4.896,416.3,2.0520,5.212,411.6,2.1360
22.540,22888,0,10,4.876,416.6,2.0440,5.216,416.3,2.1700
22.560,22908,0,10,4.868,422.1,2.0220,5.216,391.6,2.0440
22.581,22928,0,10,4.900,419.6,2.0420,5.212,416.6,2.1620
22.601,22948,0,10,4.872,419.7,2.0340,5.216,409.8,2.1360
22.621,22968,0,10,4.900,419.9,2.1000,5.212,419.8,2.1700
22.642,22988,0,10,4.876,417.1,2.0440,5.212,409.5,2.1360
22.659,23008,0,10,4.868,422.2,2.0260,5.216,416.0,2.1700
22.679,23028,0,10,4.868,417.1,2.0260,5.216,409.7,2.1240
22.699,23048,0,10,4.872,421.5,2.0480,5.212,416.2,2.1720
22.720,23068,0,10,4.848,460.0,2.0980,5.216,407.5,2.1340
22.740,23088,0,10,4.872,417.1,2.0440,5.212,420.3,2.1920
22.761,23108,0,10,4.864,422.1,2.0220,5.216,396.9,2.0740
22.781,23128,0,10,4.872,418.0,2.0280,5.212,420.6,2.1720
22.802,23148,0,10,4.868,417.1,2.0260,5.216,409.2,2.1360
22.818,23168,0,10,4.860,430.6,2.2320,5.204,454.1,2.2160
22.839,23188,0,10,4.864,418.2,2.0480,5.216,408.9,2.1300
22.859,23208,0,10,4.856,418.8,2.0280,5.208,368.0,1.9160
22.880,23228,0,10,4.868,419.5,2.0340,5.216,409.3,2.1300
22.900,23248,0,10,4.860,419.6,2.0380,5.216,419.2,2.1820
22.921,23268,0,10,4.864,419.2,2.0800,5.204,451.0,2.3420
22.941,23288,0,10,4.840,455.1,2.1920,5.216,418.4,2.1800
22.961,23308,0,10,4.844,455.2,2.1860,5.212,401.1,2.0940
22.982,23328,0,10,4.848,456.1,2.2060,5.216,412.3,2.1560
22.999,23348,0,10,4.856,450.8,2.1820,5.216,409.5,2.1360
23.019,23368,0,10,4.876,420.4,2.0320,5.216,416.6,2.1980
23.039,23388,0,10,4.864,417.7,2.0420,5.216,409.4,2.1340
23.060,23408,0,10,4.852,421.5,2.0260,5.216,358.6,1.8720
23.080,23428,0,10,4.868,418.3,2.0320,5.216,410.7,2.1440
23.101,23448,0,10,4.860,421.5,2.0480,5.212,412.4,2.1360
23.121,23468,0,10,4.860,420.7,2.0220,5.212,409.1,2.1340
23.142,23488,0,10,4.860,414.0,2.0380,5.216,410.1,2.1360
23.162,23508,0,10,4.852,420.6,2.0440,5.216,373.5,1.9460
23.179,23528,0,10,4.860,422.7,2.0520,5.212,405.7,2.1300
23.199,23548,0,10,4.856,416.8,2.0280,5.220,409.0,2.1340
23.220,23568,0,10,4.856,416.5,2.0520,5.212,412.1,2.1500
23.240,23588,0,10,4.856,418.6,2.0260,5.216,410.3,2.1400
23.260,23608,0,10,4.856,419.2,2.0440,5.212,363.1,1.8940
23.281,23628,0,10,4.852,419.4,2.0420,5.216,410.1,2.1300
23.301,23648,0,10,4.852,416.9,2.0260,5.216,409.8,2.1260
23.322,23668,0,10,4.852,417.5,2.0580,5.204,456.1,2.3720
23.339,23688,0,10,4.876,415.4,2.0520,5.208,457.8,2.3820
23.359,23708,0,10,4.852,422.2,2.0520,5.204,415.7,2.1620
23.379,23728,0,10,4.856,424.0,2.0580,5.216,412.2,2.1340
23.400,23748,0,10,4.856,420.9,2.0480,5.212,409.5,2.1340
23.420,23768,0,10,4.856,417.0,2.0580,5.216,407.6,2.1240
23.441,23788,0,10,4.888,418.9,2.0440,5.212,409.4,2.1360
23.461,23808,0,10,4.852,416.4,2.0260,5.216,365.9,1.9080
23.482,23828,0,10,4.856,417.5,2.0320,5.216,410.3,2.1360
23.502,23848,0,10,4.856,420.9,2.0480,5.216,409.7,2.1400
23.519,23868,0,10,4.856,422.3,2.0340,5.216,410.9,2.1440
23.539,23888,0,10,4.872,426.1,2.0440,5.216,409.5,2.1360
23.560,23908,0,10,4.856,421.9,2.0520,5.216,363.5,1.8940
23.580,23928,0,10,4.856,417.6,2.0320,5.212,412.1,2.1400
23.601,23948,0,10,4.856,419.2,2.0380,5.212,414.3,2.1360
23.621,23968,0,10,4.860,420.3,2.0280,5.216,409.7,2.1360
23.641,23988,0,10,4.824,461.8,2.2380,5.208,418.9,2.1820
23.662,24008,0,10,4.856,419.8,2.0420,5.212,406.6,2.1200
23.679,24028,0,10,4.564,419.7,2.0280,5.212,418.1,2.1660
23.699,24048,0,10,4.728,425.1,2.0160,5.220,410.3,2.1440
23.719,24068,0,10,4.724,421.0,1.9820,5.212,416.1,2.1700
23.740,24088,0,10,4.728,424.1,2.1200,5.204,449.9,2.3420
23.760,24108,0,10,4.732,421.0,1.9920,5.216,367.8,1.9160
23.781,24128,0,10,4.728,418.3,1.9860,5.216,409.5,2.1340
23.801,24148,0,10,4.728,417.1,1.9820,5.216,417.1,2.1700
23.822,24168,0,10,4.732,419.1,1.9820,5.216,407.7,2.1240
23.842,24188,0,10,4.724,421.9,2.0020,5.212,443.2,2.3040
23.859,24208,0,10,4.732,419.0,1.9900,5.216,406.5,2.1200
23.879,24228,0,10,4.728,419.9,1.9920,5.212,416.5,2.1700
23.900,24248,0,10,4.732,420.1,1.9920,5.216,409.7,2.1360
23.920,24268,0,10,4.740,417.2,1.9760,5.212,416.5,2.1700
23.940,24288,0,10,4.732,417.9,2.0160,5.216,409.8,2.1340
23.961,24308,0,10,4.732,418.3,1.9860,5.224,416.8,2.1700
23.981,24328,0,10,4.736,419.0,1.9900,5.208,442.4,2.3040
24.002,24348,0,10,4.732,420.7,2.0020,5.208,448.7,2.3400
24.018,24368,0,10,4.740,421.5,1.9900,5.208,442.9,2.3060
24.039,24388,0,10,4.736,417.2,2.0220,5.204,449.6,2.3400
24.059,24408,0,10,4.744,421.3,1.9980,5.216,408.1,2.1300
24.080,24428,0,10,4.736,417.0,1.9860,5.212,416.2,2.1700
24.100,24448,0,10,4.740,415.7,1.9720,5.212,414.3,2.1400
24.121,24468,0,10,4.732,415.6,2.0160,5.212,416.4,2.1700
24.141,24488,0,10,4.736,422.3,2.0440,5.216,408.3,2.1260
24.161,24508,0,10,4.752,417.7,1.9900,5.220,417.5,2.1760
24.182,24528,0,10,4.732,421.3,2.0220,5.216,409.4,2.1300
24.199,24548,0,10,4.736,420.4,2.0120,5.212,419.4,2.1720
24.219,24568,0,10,4.732,419.7,2.0320,5.212,409.1,2.1340
24.240,24588,0,10,4.736,418.0,2.0020,5.216,417.9,2.1800
24.260,24608,0,10,4.768,416.0,2.0080,5.224,412.0,2.1460
24.282,24628,0,10,4.740,419.4,2.0060,5.216,420.3,2.1880
24.301,24648,0,10,4.732,422.8,2.0540,5.212,409.6,2.3500
24.321,24668,0,10,4.740,422.5,2.0060,5.204,474.1,2.4680
24.342,24688,0,10,4.740,416.2,2.0680,5.204,455.3,2.3700
24.359,24708,0,10,4.720,417.2,2.0120,5.224,413.4,2.1520
24.379,24728,0,10,4.736,421.0,2.0440,5.216,409.0,2.1340
24.399,24748,0,10,4.740,421.8,2.0260,5.216,410.0,2.1800
24.420,24768,0,10,4.740,419.7,2.0380,5.212,437.6,2.2840
24.440,24788,0,10,4.780,421.0,1.9900,5.216,409.7,2.1340
24.461,24808,0,10,4.696,459.4,2.2180,5.220,409.4,2.1340
24.481,24828,0,10,4.748,419.4,2.0520,5.216,411.6,2.1400
24.502,24848,0,10,4.744,415.9,2.0320,5.216,408.9,2.1340
24.522,24868,0,10,4.780,420.7,1.9860,5.212,409.1,2.1340
24.539,24888,0,10,4.748,422.1,2.0320,5.212,410.1,2.1360
24.559,24908,0,10,4.732,459.8,2.2380,5.212,414.2,2.1600
24.580,24928,0,10,4.740,422.0,2.0680,5.212,410.0,2.1360
24.600,24948,0,10,4.768,417.6,1.9900,5.212,409.1,2.1440
24.621,24968,0,10,4.760,415.5,2.0380,5.216,408.7,2.1300
24.641,24988,0,10,4.796,419.2,1.9960,5.216,409.7,2.1360
24.661,25008,0,10,4.740,417.0,2.0420,5.220,449.3,2.3360
24.682,25028,0,10,4.768,417.2,1.9960,5.216,409.7,2.1340
24.699,25048,0,10,4.756,420.9,2.0440,5.216,408.3,2.1360
24.719,25068,0,10,4.804,426.4,1.9960,5.216,409.7,2.1360
24.739,25088,0,10,4.780,420.9,1.9820,5.216,410.2,2.1360
24.760,25108,0,10,4.764,422.3,2.0220,5.220,414.2,2.1560
24.780,25128,0,10,4.808,421.1,2.0020,5.212,409.5,2.1400
24.801,25148,0,10,4.792,418.8,1.9900,5.212,408.0,2.1360
24.821,25168,0,10,4.888,422.5,1.9960,5.216,410.1,2.1360
24.842,25188,0,10,4.844,417.4,2.0020,5.216,410.6,2.1400
24.862,25208,0,10,4.816,418.5,1.9900,5.212,408.6,2.1300
24.879,25228,0,10,4.800,416.0,1.9800,5.216,409.2,2.1300
24.899,25248,0,10,4.880,425.4,2.0180,5.212,409.4,2.1360
24.920,25268,0,10,4.852,417.2,1.9980,5.216,409.5,2.1340
24.940,25288,0,10,4.884,417.4,2.0020,5.212,407.6,2.1260
24.961,25308,0,10,4.784,415.5,1.9760,5.220,409.6,2.1360
24.981,25328,0,10,4.900,416.3,1.9760,5.216,408.5,2.1360
25.001,25348,0,10,4.832,417.6,1.9860,5.212,408.8,2.1300
25.022,25368,0,10,4.896,420.5,1.9900,5.216,409.6,2.1360
25.038,25388,0,10,4.888,420.9,1.9760,5.216,410.3,2.1400
25.059,25408,0,10,4.864,418.9,1.9900,5.216,410.4,2.1400
25.079,25428,0,10,4.860,414.8,1.9720,5.212,408.2,2.1300
25.100,25448,0,10,4.896,417.0,1.9800,5.212,415.9,2.1520
25.120,25468,0,10,4.748,422.9,1.9800,5.216,408.5,2.1300
25.141,25488,0,10,4.776,420.2,2.0160,5.220,417.0,2.1720
25.161,25508,0,10,4.852,420.6,1.9920,5.212,409.5,2.1360
25.182,25528,0,10,4.924,424.7,2.0260,5.212,417.6,2.1720
25.202,25548,0,10,4.748,421.8,1.9960,5.216,408.5,2.1340
25.219,25568,0,10,4.792,416.7,1.9980,5.216,416.6,2.1720
25.239,25588,0,10,4.744,424.0,1.9660,5.216,388.9,2.0320
25.260,25608,0,10,4.900,416.7,1.9760,5.216,417.6,2.1760
25.280,25628,0,10,4.724,427.6,2.0420,5.216,406.4,2.1440
25.300,25648,0,10,4.792,422.6,2.0020,5.216,416.8,2.2180
25.321,25668,0,10,4.744,422.1,1.9720,5.204,456.2,2.3760
25.341,25688,0,10,4.744,417.6,2.0020,5.208,462.5,2.4060
25.362,25708,0,10,4.748,418.4,1.9820,5.204,455.0,2.3660
25.378,25728,0,10,4.804,462.1,2.1760,5.208,451.7,2.2220
25.399,25748,0,10,4.744,420.6,1.9900,5.216,409.6,2.1340
25.419,25768,0,10,4.744,416.0,1.9920,5.212,418.1,2.1800
25.440,25788,0,10,4.748,418.1,1.9980,5.216,395.6,2.0640
25.460,25808,0,10,4.744,418.4,1.9800,5.212,416.2,2.1660
25.481,25828,0,10,4.748,423.5,2.0020,5.204,454.1,2.3420
25.501,25848,0,10,4.740,422.5,1.9980,5.204,476.9,2.4800
25.522,25868,0,10,4.740,418.4,1.9920,5.200,468.4,2.4340
25.542,25888,0,10,4.736,417.6,2.0020,5.200,417.4,2.1720
25.559,25908,0,10,4.752,421.0,1.9920,5.216,408.8,2.1340
25.579,25928,0,10,4.752,419.5,1.9860,5.216,425.0,2.2280
25.600,25948,0,10,4.740,421.5,1.9960,5.212,412.7,2.1360
25.620,25968,0,10,4.736,420.3,1.9820,5.212,415.6,2.1660
25.640,25988,0,10,4.736,426.2,1.9920,5.212,400.1,2.0880
25.661,26008,0,10,4.744,420.6,1.9920,5.216,416.6,2.1720
25.681,26028,0,10,4.704,471.4,2.2880,5.216,408.5,2.1360
25.702,26048,0,10,4.720,453.2,2.1400,5.212,422.1,2.1700
25.722,26068,0,10,4.712,455.6,2.1400,5.212,409.7,2.1360
25.739,26088,0,10,4.716,453.1,2.1440,5.216,371.3,1.9360
25.759,26108,0,10,4.716,451.7,2.1300,5.220,410.0,2.1360
25.780,26128,0,10,4.720,451.9,2.1360,5.216,413.9,2.1920
25.800,26148,0,10,4.736,421.5,1.9960,5.216,410.2,2.1500
25.821,26168,0,10,4.736,422.5,1.9800,5.216,411.5,2.1460
25.841,26188,0,10,4.728,421.2,1.9860,5.212,373.0,1.9440
25.862,26208,0,10,4.740,416.9,1.9760,5.216,409.6,2.1360
25.882,26228,0,10,4.732,422.4,1.9980,5.216,409.1,2.1340
25.899,26248,0,10,4.760,414.8,1.9700,5.220,408.9,2.1340
25.919,26268,0,10,4.728,415.8,1.9980,5.216,409.3,2.1340
25.940,26288,0,10,4.728,417.0,1.9960,5.216,362.1,1.8900
25.962,26308,0,10,4.728,422.1,1.9960,5.212,409.7,2.1340
25.980,26328,0,10,4.728,418.5,1.9800,5.212,408.6,2.1300
26.001,26348,0,10,4.768,416.5,1.9720,5.216,409.1,2.1520
26.022,26368,0,10,4.728,422.4,1.9820,5.216,408.3,2.1300
26.042,26388,0,10,4.728,417.5,2.0020,5.220,369.1,1.9240
26.063,26408,0,10,4.728,422.5,2.0020,5.212,408.4,2.1300
26.079,26428,0,10,4.728,421.3,1.9960,5.216,412.1,2.1340
26.099,26448,0,10,4.752,422.2,1.9960,5.216,409.2,2.1360
26.120,26468,0,10,4.728,417.5,1.9980,5.216,409.0,2.1340
26.140,26488,0,10,4.724,419.1,1.9800,5.220,411.0,2.1440
26.161,26508,0,10,4.724,416.0,1.9700,5.216,408.8,2.1340
26.181,26528,0,10,4.732,422.4,2.0020,5.216,409.8,2.1340
26.202,26548,0,10,4.688,464.8,2.1720,5.204,429.2,2.1660
26.222,26568,0,10,4.728,421.2,1.9720,5.216,410.2,2.1360
26.239,26588,0,10,4.732,421.0,1.9960,5.216,365.0,1.9040
26.259,26608,0,10,4.724,421.2,1.9920,5.212,409.3,2.1340
26.280,26628,0,10,4.728,417.0,1.9760,5.216,408.9,2.1360
26.300,26648,0,10,4.728,422.4,2.1200,5.204,449.8,2.4060
26.320,26668,0,10,4.732,421.9,1.9700,5.204,464.4,2.4180
26.341,26688,0,10,4.728,417.7,2.0020,5.212,405.5,2.1140
26.361,26708,0,10,4.728,417.0,1.9760,5.216,406.6,2.1200
26.382,26728,0,10,4.728,421.4,1.9960,5.216,409.6,2.1340
26.402,26748,0,10,4.728,419.1,1.9720,5.212,444.3,2.3500
26.419,26768,0,10,4.728,421.3,1.9720,5.216,429.7,2.2420
26.439,26788,0,10,4.736,417.7,2.0020,5.220,409.5,2.1340
26.460,26808,0,10,4.720,420.7,1.9960,5.216,408.3,2.1260
26.480,26828,0,10,4.732,416.2,1.9720,5.216,411.2,2.1340
26.501,26848,0,10,4.728,416.8,1.9920,5.216,410.8,2.1360
26.521,26868,0,10,4.740,420.6,1.9760,5.212,413.7,2.1600
26.542,26888,0,10,4.732,416.5,2.0120,5.212,407.9,2.1260
26.562,26908,0,10,4.740,423.0,2.0020,5.216,418.1,2.1800
26.579,26928,0,10,4.724,419.9,1.9920,5.216,409.6,2.1440
26.599,26948,0,10,4.732,422.3,2.0020,5.216,416.1,2.1700
26.619,26968,0,10,4.740,420.3,2.0740,5.216,408.6,2.1300
26.640,26988,0,10,4.720,435.4,2.0440,5.220,417.2,2.1720
26.660,27008,0,10,4.724,434.0,2.0540,5.216,408.4,2.1300
26.681,27028,0,10,4.736,430.5,2.0420,5.212,417.8,2.1700
26.701,27048,0,10,4.736,430.3,2.0620,5.216,409.5,2.1300
26.722,27068,0,10,4.740,429.8,2.0540,5.216,416.8,2.1720
26.742,27088,0,10,4.736,430.8,2.0740,5.216,442.4,2.3040
26.759,27108,0,10,4.724,433.6,2.0620,5.208,450.0,2.3420
26.780,27128,0,10,4.748,425.5,2.0220,5.208,443.6,2.3040
26.800,27148,0,10,4.724,432.9,2.0160,5.208,450.1,2.3360
26.820,27168,0,10,4.768,415.1,2.0220,5.216,410.8,2.1400
26.841,27188,0,10,4.732,419.3,2.0120,5.220,416.4,2.1700
26.861,27208,0,10,4.736,421.6,2.0020,5.216,409.1,2.1340
26.881,27228,0,10,4.736,417.5,1.9820,5.212,415.2,2.1720
26.902,27248,0,10,4.736,416.8,2.0280,5.216,409.3,2.1360
26.919,27268,0,10,4.716,428.4,2.0160,5.212,417.4,2.1760
26.939,27288,0,10,4.736,421.9,2.0260,5.224,408.9,2.1300
26.959,27308,0,10,4.728,417.7,1.9860,5.216,416.6,2.1720
26.980,27328,0,10,4.736,422.8,2.0260,5.216,408.5,2.1340
27.000,27348,0,10,4.740,421.6,2.0380,5.212,416.3,2.1660
27.021,27368,0,10,4.708,459.9,2.0880,5.216,411.9,2.1460
27.041,27388,0,10,4.740,422.9,2.0160,5.216,415.8,2.1660
27.062,27408,0,10,4.732,420.6,2.0180,5.212,409.0,2.1340
27.082,27428,0,10,4.736,417.2,2.0380,5.216,416.3,2.1700
27.099,27448,0,10,4.736,416.2,2.0340,5.212,408.9,2.1340
27.119,27468,0,10,4.736,458.0,2.2420,5.204,422.9,2.2060
27.140,27488,0,10,4.740,420.3,2.0580,5.224,408.1,2.1300
27.161,27508,0,10,4.740,417.0,2.0340,5.212,416.2,2.1660
27.181,27528,0,10,4.740,415.2,2.0060,5.212,409.0,2.1340
27.201,27548,0,10,4.744,415.9,2.0640,5.212,420.0,2.1720
27.221,27568,0,10,4.740,417.7,2.0980,5.212,450.9,2.3460
27.242,27588,0,10,4.752,419.7,2.0020,5.220,419.3,2.1820
27.259,27608,0,10,4.736,422.4,2.0380,5.216,409.8,2.1360
27.279,27628,0,10,4.744,415.4,2.0320,5.212,410.3,2.1800
27.299,27648,0,10,4.744,416.9,2.0480,5.216,410.6,2.2520
27.320,27668,0,10,4.748,422.6,1.9820,5.204,460.9,2.3980
27.340,27688,0,10,4.824,417.4,1.9960,5.204,454.9,2.3660
27.361,27708,0,10,4.736,417.5,2.0440,5.208,456.3,2.3760
27.381,27728,0,10,4.772,418.0,1.9860,5.216,406.4,2.1340
27.402,27748,0,10,4.752,419.1,2.0020,5.216,408.8,2.1360
27.422,27768,0,10,4.808,423.1,1.9760,5.216,409.5,2.1360
27.439,27788,0,10,4.796,422.6,1.9860,5.220,408.6,2.1300
27.459,27808,0,10,4.772,416.0,1.9760,5.216,408.8,2.1300
27.480,27828,0,10,4.740,418.6,1.9920,5.216,409.5,2.1300
27.500,27848,0,10,4.812,420.7,1.9920,5.216,409.5,2.1340
27.521,27868,0,10,4.804,418.9,1.9820,5.216,409.7,2.1360
27.541,27888,0,10,4.884,417.7,1.9760,5.216,410.5,2.1400
27.561,27908,0,10,4.748,418.3,2.0020,5.212,409.0,2.1340
27.582,27928,0,10,4.804,425.1,2.0260,5.212,410.3,2.1340
27.599,27948,0,10,4.792,416.9,2.0060,5.216,409.5,2.1360
27.619,27968,0,10,4.876,422.8,1.9800,5.216,408.7,2.1340
27.640,27988,0,10,4.796,416.2,1.9820,5.216,409.9,2.1360
27.660,28008,0,10,4.808,415.3,1.9720,5.216,408.9,2.1340
27.681,28028,0,10,4.876,561.8,2.6280,5.216,410.2,2.1400
27.701,28048,0,10,4.888,417.0,2.0180,5.212,408.4,2.1340
27.721,28068,0,10,4.792,422.0,1.9720,5.212,385.6,2.0160
27.742,28088,0,10,4.900,421.7,2.0160,5.212,408.5,2.1300
27.762,28108,0,10,4.900,420.9,1.9960,5.216,410.0,2.1300
27.779,28128,0,10,4.884,422.2,2.0060,5.216,408.9,2.1360
27.799,28148,0,10,4.800,421.0,1.9820,5.216,409.0,2.1340
27.820,28168,0,10,4.880,418.7,1.9800,5.212,408.8,2.1340
27.840,28188,0,10,4.884,462.4,2.1980,5.220,409.5,2.1340
27.861,28208,0,10,4.888,419.7,1.9920,5.216,415.2,2.1300
27.881,28228,0,10,4.808,417.9,1.9820,5.216,408.4,2.1340
27.901,28248,0,10,4.888,416.1,2.0020,5.212,415.0,2.1360
27.922,28268,0,10,4.752,419.2,1.9760,5.216,388.3,2.0280
27.939,28288,0,10,4.720,461.6,2.1760,5.200,423.6,2.2080
27.959,28308,0,10,4.824,422.6,2.0060,5.216,408.6,2.1340
27.980,28328,0,10,4.756,416.6,1.9720,5.212,417.5,2.1500
28.000,28348,0,10,4.748,418.9,1.9720,5.216,408.7,2.1300
28.021,28368,0,10,4.740,421.5,1.9860,5.212,365.1,1.9040
28.041,28388,0,10,4.828,426.3,2.0180,5.204,449.8,2.3400
28.061,28408,0,10,4.752,421.2,1.9960,5.216,416.3,2.1760
28.082,28428,0,10,4.752,421.2,1.9960,5.216,409.6,2.1300
28.102,28448,0,10,4.748,416.2,1.9960,5.212,417.4,2.1800
28.119,28468,0,10,4.744,421.4,1.9820,5.216,393.8,2.0540
28.139,28488,0,10,4.752,414.4,1.9620,5.212,427.7,2.2240
28.160,28508,0,10,4.756,416.6,1.9760,5.220,408.7,2.1300
28.180,28528,0,10,4.744,420.4,1.9920,5.216,416.4,2.1720
28.201,28548,0,10,4.748,420.4,1.9800,5.216,410.8,2.1340
28.221,28568,0,10,4.740,420.9,1.9860,5.212,364.5,1.9000
28.241,28588,0,10,4.756,418.7,1.9820,5.212,413.2,2.1520
28.262,28608,0,10,4.744,417.6,1.9800,5.216,416.8,2.1700
28.282,28628,0,10,4.736,422.0,1.9980,5.216,408.4,2.1340
28.299,28648,0,10,4.744,421.2,1.9760,5.216,415.2,2.4060
28.320,28668,0,10,4.732,423.2,1.9820,5.200,428.8,2.2320
28.340,28688,0,10,4.740,423.2,2.0020,5.204,463.4,2.4120
28.360,28708,0,10,4.744,421.5,1.9980,5.216,408.1,2.1260
28.381,28728,0,10,4.740,421.5,1.9960,5.212,416.8,2.1700
28.401,28748,0,10,4.736,422.3,1.9980,5.216,409.3,2.1340
28.422,28768,0,10,4.736,422.2,1.9760,5.212,370.6,1.9340
28.442,28788,0,10,4.732,417.9,1.9760,5.204,408.6,2.1300
28.460,28808,0,10,4.764,417.4,1.9800,5.212,418.5,2.1760
28.479,28828,0,10,4.716,452.6,2.1340,5.212,409.7,2.1360
28.500,28848,0,10,4.720,451.9,2.1440,5.212,416.4,2.1720
28.520,28868,0,10,4.712,452.5,2.1400,5.216,379.7,1.9800
28.541,28888,0,10,4.724,462.2,2.1800,5.212,418.1,2.1800
28.561,28908,0,10,4.776,413.3,1.9660,5.212,409.1,2.1260
28.581,28928,0,10,4.740,416.5,1.9700,5.212,418.5,2.1860
28.602,28948,0,10,4.728,420.2,1.9920,5.216,409.3,2.1340
28.622,28968,0,10,4.736,419.1,1.9820,5.216,420.1,2.1880
28.639,28988,0,10,4.732,421.5,1.9920,5.216,410.1,2.1360
28.660,29008,0,10,4.744,420.5,2.0020,5.212,413.5,2.1880
28.680,29028,0,10,4.728,416.9,1.9760,5.216,409.5,2.1400
28.701,29048,0,10,4.732,416.1,1.9960,5.212,410.4,2.1920
28.721,29068,0,10,4.732,420.8,1.9900,5.216,373.5,1.9460
28.741,29088,0,10,4.728,417.1,1.9760,5.216,409.7,2.1340
28.762,29108,0,10,4.696,460.3,2.1700,5.212,411.1,2.1260
28.782,29128,0,10,4.724,419.6,1.9900,5.216,409.6,2.1340
28.799,29148,0,10,4.732,416.1,2.0020,5.212,413.1,2.1360
28.819,29168,0,10,4.728,419.8,1.9700,5.212,409.3,2.1340
28.840,29188,0,10,4.728,418.0,1.9820,5.216,409.4,2.1340
28.860,29208,0,10,4.716,456.7,2.1500,5.208,450.3,2.1700
28.881,29228,0,10,4.732,419.6,1.9860,5.216,409.6,2.1340
28.901,29248,0,10,4.728,417.8,2.0020,5.212,406.7,2.1360
28.922,29268,0,10,4.728,416.9,1.9920,5.224,410.2,2.1360
28.942,29288,0,10,4.728,421.2,2.0020,5.216,408.8,2.1340
28.962,29308,0,10,4.728,427.5,2.0260,5.212,437.4,2.3500
28.979,29328,0,10,4.732,418.0,1.9820,5.216,409.5,2.1340
29.000,29348,0,10,4.728,421.5,1.9820,5.216,410.5,2.1340
29.020,29368,0,10,4.724,419.1,1.9760,5.216,408.3,2.1260
29.040,29388,0,10,4.724,419.2,1.9860,5.216,409.2,2.1340
29.061,29408,0,10,4.728,421.6,1.9980,5.216,409.9,2.1340
29.081,29428,0,10,4.732,420.8,1.9960,5.212,410.0,2.1300
29.102,29448,0,10,4.724,424.0,1.9820,5.212,410.2,2.1360
29.122,29468,0,10,4.736,416.4,1.9920,5.224,409.1,2.1340
29.139,29488,0,10,4.732,420.4,1.9960,5.212,407.8,2.1260
29.162,29508,0,10,4.724,420.8,1.9980,5.216,410.1,2.1340
29.180,29528,0,10,4.712,421.9,2.0180,5.220,408.5,2.1340
29.200,29548,0,10,4.736,422.3,1.9800,5.216,408.8,2.1440
29.221,29568,0,10,4.732,417.2,1.9900,5.216,409.5,2.1340
29.241,29588,0,10,4.724,421.1,1.9960,5.216,408.0,2.1260
29.262,29608,0,10,4.740,417.3,1.9800,5.220,408.9,2.1300
29.282,29628,0,10,4.752,422.3,2.0060,5.216,410.6,2.1300
29.302,29648,0,10,4.732,418.4,1.9860,5.216,450.0,2.3560
29.319,29668,0,10,4.744,415.4,2.0020,5.200,457.4,2.3780
29.339,29688,0,10,4.728,420.4,1.9920,5.220,407.6,2.1240
29.360,29708,0,10,4.732,419.9,1.9920,5.212,415.9,2.1400
29.380,29728,0,10,4.764,419.1,2.0020,5.216,409.1,2.1340
29.401,29748,0,10,4.728,418.1,2.0180,5.212,416.9,2.1600
29.421,29768,0,10,4.728,417.4,2.0080,5.228,411.3,2.1440
29.442,29788,0,10,4.736,417.7,1.9800,5.216,417.4,2.1720
29.462,29808,0,10,4.732,421.4,2.0060,5.216,410.0,2.1340
29.479,29828,0,10,4.752,418.7,2.0020,5.212,417.2,2.1720
29.499,29848,0,10,4.732,421.3,2.0260,5.216,409.4,2.1340
29.520,29868,0,10,4.732,424.9,1.9900,5.220,450.3,2.3420
29.540,29888,0,10,4.728,417.1,1.9900,5.208,444.0,2.3100
29.561,29908,0,10,4.740,418.8,2.0160,5.204,450.4,2.3620
29.581,29928,0,10,4.708,425.3,2.0540,5.208,442.3,2.3040
29.601,29948,0,10,4.740,420.0,2.0520,5.212,416.4,1.9700
29.622,29968,0,10,4.740,416.5,2.0340,5.220,408.8,2.1300
29.642,29988,0,10,4.732,418.6,2.0160,5.212,416.7,2.1720
29.659,30008,0,10,4.732,420.9,2.0260,5.216,409.6,2.1300
29.680,30028,0,10,4.724,460.8,2.2380,5.208,421.9,2.1720
29.700,30048,0,10,4.728,423.3,2.0440,5.216,408.4,2.1300
29.720,30068,0,10,4.740,420.1,2.0480,5.212,416.8,2.1720
29.741,30088,0,10,4.732,416.7,1.9960,5.212,407.5,2.1260
29.761,30108,0,10,4.740,418.5,2.0340,5.212,417.1,2.1660
29.782,30128,0,10,4.740,424.8,2.0440,5.212,449.1,2.3400
29.802,30148,0,10,4.740,417.0,2.0680,5.216,417.1,1.9860
29.819,30168,0,10,4.744,417.0,2.0580,5.220,408.9,2.1300
29.839,30188,0,10,4.748,417.1,2.0320,5.216,415.9,2.1700
29.860,30208,0,10,4.728,415.4,1.9960,5.212,413.2,2.1340
29.880,30228,0,10,4.748,417.5,2.0420,5.212,419.2,2.2160
29.901,30248,0,10,4.784,418.8,1.9800,5.216,407.9,1.8740
29.921,30268,0,10,4.760,418.6,2.0180,5.216,416.9,2.1720
29.942,30288,0,10,4.744,418.6,2.0340,5.216,409.6,2.1360
29.962,30308,0,10,4.740,421.2,2.0640,5.216,420.0,2.1700
29.982,30328,0,10,4.780,416.2,1.9980,5.216,411.1,2.1340
29.999,30348,0,10,4.760,423.1,1.9980,5.212,420.3,2.0280
30.020,30368,0,10,4.808,419.6,1.9960,5.220,408.8,2.1340
30.040,30388,0,10,4.744,418.7,2.0480,5.212,420.6,2.1880
30.060,30408,0,10,4.788,423.3,2.0120,5.216,408.8,2.1340
30.081,30428,0,10,4.756,417.2,2.0060,5.212,408.7,2.1720
30.101,30448,0,10,4.804,418.5,1.9960,5.216,408.3,1.8780
30.122,30468,0,10,4.796,419.7,2.0020,5.220,408.3,2.1300
30.142,30488,0,10,4.784,418.6,1.9920,5.216,409.6,2.1360
30.159,30508,0,10,4.756,423.5,2.0420,5.212,409.8,2.1300
30.179,30528,0,10,4.800,420.2,1.9800,5.216,409.7,2.1360
30.200,30548,0,10,4.912,421.0,1.9760,5.216,385.2,2.0540
30.220,30568,0,10,4.884,419.5,1.9760,5.220,409.5,2.1360
30.241,30588,0,10,4.840,418.9,1.9920,5.216,410.0,2.1360
30.261,30608,0,10,4.804,421.4,2.0020,5.216,409.9,2.1340
30.281,30628,0,10,4.896,422.8,1.9800,5.216,409.6,2.1340
30.302,30648,0,10,4.916,428.1,1.9900,5.212,409.6,2.1040
30.322,30668,0,10,4.836,419.0,1.9800,5.208,457.5,2.3820
30.339,30688,0,10,4.796,421.0,2.0020,5.216,406.7,2.1200
30.359,30708,0,10,4.904,422.0,2.0020,5.208,456.3,2.3760
30.380,30728,0,10,4.880,418.4,1.9900,5.208,458.4,2.3860
30.400,30748,0,10,4.852,426.7,1.9980,5.216,389.7,2.0380
30.421,30768,0,10,4.880,418.7,1.9980,5.220,408.8,2.1300
30.441,30788,0,10,4.896,417.1,1.9800,5.212,409.8,2.1360
30.462,30808,0,10,4.868,419.0,1.9900,5.216,409.4,2.1340
30.482,30828,0,10,4.844,417.4,1.9760,5.212,409.2,2.1300
30.499,30848,0,10,4.872,460.7,2.1820,5.216,417.2,1.8800
30.519,30868,0,10,4.744,419.5,1.9920,5.216,409.0,2.1340
30.540,30888,0,10,4.772,416.0,1.9700,5.216,409.4,2.1340
30.560,30908,0,10,4.844,416.3,1.9760,5.216,409.5,2.1360
30.581,30928,0,10,4.744,421.3,1.9860,5.212,407.4,2.1400
30.601,30948,0,10,4.740,429.2,2.0420,5.208,434.5,2.1920
30.622,30968,0,10,4.740,422.4,1.9820,5.216,408.6,2.1300
30.642,30988,0,10,4.860,421.5,1.9980,5.216,409.5,2.1340
30.662,31008,0,10,4.748,423.8,2.0080,5.212,410.3,2.1360
30.679,31028,0,10,4.744,424.6,1.9720,5.216,411.5,2.1340
30.700,31048,0,10,4.744,416.5,1.9920,5.216,370.1,2.3420
30.720,31068,0,10,4.752,422.2,1.9820,5.220,409.2,2.1340
30.740,31088,0,10,4.752,417.4,1.9760,5.216,410.5,2.1400
30.761,31108,0,10,4.744,417.5,1.9760,5.216,410.1,2.1360
30.781,31128,0,10,4.744,422.0,1.9760,5.212,418.4,2.1600
30.802,31148,0,10,4.740,417.1,1.9980,5.212,396.0,2.0080
30.822,31168,0,10,4.744,418.0,1.9800,5.216,417.3,2.1760
30.843,31188,0,10,4.744,423.2,2.0020,5.220,409.6,2.1360
30.860,31208,0,10,4.748,420.4,1.9920,5.212,417.2,2.1760
30.880,31228,0,10,4.736,417.3,1.9800,5.216,409.3,2.1360
30.900,31248,0,10,4.744,417.5,1.9860,5.220,367.8,1.9160
30.921,31268,0,10,4.744,420.4,1.9860,5.212,409.0,2.1340
30.941,31288,0,10,4.748,422.4,2.0020,5.216,416.6,2.1720
30.962,31308,0,10,4.740,416.9,1.9720,5.212,409.4,2.1360
30.982,31328,0,10,4.744,414.9,1.9960,5.212,416.3,2.1660
31.002,31348,0,10,4.736,422.4,1.9760,5.220,380.6,1.9820
31.019,31368,0,10,4.752,415.5,1.9820,5.212,416.9,2.1720
31.040,31388,0,10,4.736,419.2,1.9820,5.216,409.4,2.1340
31.060,31408,0,10,4.740,420.1,1.9900,5.212,415.1,2.1760
31.080,31428,0,10,4.732,422.5,1.9800,5.216,410.0,2.1360
31.101,31448,0,10,4.732,421.2,1.9860,5.216,367.5,1.9160
31.121,31468,0,10,4.760,414.7,1.9800,5.212,410.9,2.1440
31.142,31488,0,10,4.740,417.3,1.9760,5.212,416.9,2.1720
31.162,31508,0,10,4.728,421.4,1.9920,5.216,408.9,2.1500
31.183,31528,0,10,4.728,423.8,1.9720,5.212,416.5,2.1700
31.199,31548,0,10,4.728,422.5,1.9760,5.220,376.4,1.9620
31.220,31568,0,10,4.768,417.1,1.9820,5.216,415.9,2.1700
31.240,31588,0,10,4.716,452.9,2.1360,5.220,409.8,2.1360
31.261,31608,0,10,4.708,457.5,2.1620,5.216,415.2,2.1760
31.282,31628,0,10,4.712,455.2,2.1360,5.216,409.7,2.1340
31.302,31648,0,10,4.712,451.3,2.1300,5.220,462.7,2.4080
31.322,31668,0,10,4.704,463.2,2.0220,5.204,467.6,2.4320
31.342,31688,0,10,4.720,419.1,1.9860,5.212,413.5,2.1520
31.359,31708,0,10,4.732,417.1,1.9760,5.216,408.1,2.1200
31.380,31728,0,10,4.728,419.6,1.9920,5.212,420.0,2.1720
31.400,31748,0,10,4.732,423.5,1.9760,5.224,373.8,1.9500
31.420,31768,0,10,4.708,454.7,2.1360,5.204,427.9,2.2320
31.441,31788,0,10,4.728,416.7,1.9720,5.216,408.7,2.1300
31.461,31808,0,10,4.728,417.8,1.9800,5.216,411.8,2.1860
31.482,31828,0,10,4.728,419.0,1.9920,5.216,408.8,2.1260
31.502,31848,0,10,4.728,422.1,1.9760,5.204,468.2,2.4340
31.523,31868,0,10,4.732,418.9,1.9800,5.212,452.2,2.3520
31.539,31888,0,10,4.732,419.6,1.9860,5.216,410.1,2.1360
31.560,31908,0,10,4.728,418.0,1.9800,5.216,410.2,2.1400
31.580,31928,0,10,4.732,419.7,1.9720,5.216,409.2,2.1360
31.601,31948,0,10,4.728,420.8,1.9980,5.224,410.2,2.1400
31.621,31968,0,10,4.732,418.4,1.9820,5.212,409.8,2.1340
31.641,31988,0,10,4.728,422.3,2.0020,5.216,409.2,2.1340
31.662,32008,0,10,4.724,415.2,1.9660,5.216,411.8,2.1340
31.682,32028,0,10,4.724,416.9,2.0060,5.212,409.7,2.1360
31.699,32048,0,10,4.752,422.0,1.9820,5.216,409.8,2.1360
31.719,32068,0,10,4.740,421.9,1.9980,5.212,410.9,2.1440
31.740,32088,0,10,4.736,422.2,2.0020,5.212,410.5,2.1400
31.760,32108,0,10,4.720,422.3,1.9980,5.212,409.4,2.1360
31.781,32128,0,10,4.732,421.1,1.9820,5.216,410.0,2.1360
31.801,32148,0,10,4.732,417.6,1.9900,5.220,408.1,2.1300
31.822,32168,0,10,4.736,421.2,1.9960,5.216,409.6,2.1360
31.842,32188,0,10,4.756,417.2,1.9820,5.216,410.9,2.1440
31.863,32208,0,10,4.732,421.2,1.9980,5.216,409.1,2.1360
31.883,32228,0,10,4.736,418.6,1.9900,5.216,409.9,2.1360
31.903,32248,0,10,4.732,419.1,1.9820,5.224,409.9,2.1360
31.920,32268,0,10,4.736,418.0,1.9820,5.216,409.0,2.1340
31.941,32288,0,10,4.760,416.9,1.9820,5.216,409.1,2.1340
31.961,32308,0,10,4.732,422.4,2.0060,5.216,409.7,2.1340
31.981,32328,0,10,4.732,418.6,1.9860,5.212,408.7,2.1400
32.002,32348,0,10,4.728,416.8,1.9960,5.220,411.7,2.1460
32.023,32368,0,10,4.728,423.3,2.0060,5.216,408.7,2.1300
32.043,32388,0,10,4.760,416.0,1.9900,5.216,408.8,2.1300
32.063,32408,0,10,4.736,420.5,1.9980,5.220,409.8,2.1360
32.080,32428,0,10,4.736,419.1,2.0060,5.216,409.1,2.1300
32.101,32448,0,10,4.736,418.8,1.9900,5.220,409.5,2.1340
32.121,32468,0,10,4.728,423.5,2.0180,5.216,409.5,2.1340
32.141,32488,0,10,4.704,459.9,2.1800,5.212,409.6,2.1360
32.162,32508,0,10,4.736,420.0,2.0160,5.212,410.3,2.1360
32.182,32528,0,10,4.724,427.5,2.0620,5.212,409.4,2.1300
32.203,32548,0,10,4.740,422.5,2.0380,5.216,411.6,2.1460
32.223,32568,0,10,4.736,420.8,1.9980,5.216,409.4,2.1340
32.243,32588,0,10,4.716,461.5,2.2060,5.204,415.4,2.1660
32.260,32608,0,10,4.732,419.5,2.0020,5.216,409.5,2.1300
32.281,32628,0,10,4.736,421.3,2.0340,5.208,453.1,2.1260
32.301,32648,0,10,4.736,422.4,2.0060,5.220,459.2,2.3860
32.322,32668,0,10,4.736,418.3,2.0060,5.200,498.7,2.5920
32.342,32688,0,10,4.732,430.9,2.0580,5.196,530.5,2.7520
32.363,32708,0,10,4.736,418.0,2.0280,5.212,413.6,2.1620
32.383,32728,0,10,4.740,419.3,2.0020,5.216,413.1,2.1300
32.403,32748,0,10,4.748,422.2,2.0440,5.216,418.0,2.1800
32.420,32768,0,10,4.728,420.6,2.0020,5.220,410.1,2.1360
32.440,32788,0,10,4.748,419.4,2.0380,5.204,425.2,2.2160
32.461,32808,0,10,4.744,422.3,2.0480,5.216,408.0,2.1300
32.481,32828,0,10,4.736,422.6,2.0440,5.212,417.1,1.9860
32.502,32848,0,10,4.760,416.7,1.9960,5.216,408.9,2.1340
32.522,32868,0,10,4.732,420.7,2.0340,5.216,416.8,2.1720
32.543,32888,0,10,4.740,419.0,2.0380,5.216,409.3,2.1340
32.563,32908,0,10,4.748,421.6,2.0620,5.212,416.0,2.1720
32.583,32928,0,10,4.768,421.2,1.9860,5.212,407.6,1.8840
32.600,32948,0,10,4.744,416.0,2.0380,5.216,416.9,2.1720
32.621,32968,0,10,4.752,422.8,2.0580,5.212,409.4,2.1360
32.641,32988,0,10,4.744,419.3,2.0520,5.216,417.6,2.1760
32.661,33008,0,10,4.768,416.3,1.9800,5.216,408.6,2.1340
32.682,33028,0,10,4.756,416.0,2.0080,5.212,416.6,2.0060
32.702,33048,0,10,4.784,425.2,1.9760,5.216,408.7,2.1300
32.723,33068,0,10,4.740,418.3,2.0440,5.216,416.0,2.1700
32.743,33088,0,10,4.756,418.3,1.9900,5.216,409.3,2.1360
32.764,33108,0,10,4.848,417.2,1.9820,5.212,416.6,2.1700
32.780,33128,0,10,4.808,425.6,2.0440,5.216,407.4,1.8840
32.801,33148,0,10,4.880,427.9,1.9980,5.212,415.3,2.1660
32.821,33168,0,10,4.756,417.0,1.9820,5.216,407.8,2.1260
32.842,33188,0,10,4.820,416.7,1.9800,5.212,416.5,2.1700
32.862,33208,0,10,4.836,419.2,2.0080,5.216,408.5,2.1360
32.883,33228,0,10,4.892,421.9,1.9800,5.208,392.3,2.1080
32.903,33248,0,10,4.876,416.7,2.0060,5.216,410.8,2.1400
32.923,33268,0,10,4.820,422.1,2.0060,5.216,420.1,2.1880
32.940,33288,0,10,4.796,418.4,1.9920,5.216,409.4,2.1360
32.961,33308,0,10,4.908,421.2,2.0160,5.212,409.4,2.1820
32.981,33328,0,10,4.864,416.3,1.9980,5.212,408.2,1.8800
33.001,33348,0,10,4.828,420.7,1.9800,5.216,409.5,2.1360
33.022,33368,0,10,4.788,415.6,1.9760,5.216,408.5,2.1300
33.043,33388,0,10,4.892,419.0,1.9900,5.216,409.4,2.1360
33.063,33408,0,10,4.840,460.6,2.1800,5.212,418.3,2.1200
33.083,33428,0,10,4.832,422.7,1.9760,5.212,385.4,2.0520
33.104,33448,0,10,4.748,422.9,2.0060,5.216,408.9,2.1300
33.121,33468,0,10,4.888,422.5,2.0060,5.216,409.1,2.1340
33.141,33488,0,10,4.772,415.5,1.9720,5.220,409.2,2.1340
33.161,33508,0,10,4.836,434.0,2.0380,5.208,451.3,2.3060
33.182,33528,0,10,4.748,423.1,1.9800,5.220,359.5,2.1300
33.202,33548,0,10,4.748,422.0,1.9700,5.216,409.0,2.1340
33.223,33568,0,10,4.772,420.4,1.9960,5.212,409.6,2.1360
33.243,33588,0,10,4.844,422.1,1.9960,5.216,409.5,2.1360
33.264,33608,0,10,4.748,416.5,1.9720,5.216,419.4,2.3460
33.280,33628,0,10,4.752,416.5,1.9960,5.220,390.8,2.0280
33.301,33648,0,10,4.752,418.0,1.9820,5.216,453.0,2.3560
33.321,33668,0,10,4.872,414.9,1.9700,5.200,458.7,2.3860
33.342,33688,0,10,4.756,418.7,1.9820,5.204,455.3,2.3700
33.362,33708,0,10,4.752,417.0,1.9760,5.216,406.6,2.1400
33.382,33728,0,10,4.748,422.2,1.9800,5.224,358.3,2.1360
33.403,33748,0,10,4.744,420.6,1.9800,5.216,408.9,2.1340
33.424,33768,0,10,4.756,419.7,1.9900,5.216,410.6,2.1400
33.444,33788,0,10,4.740,418.9,1.9860,5.216,409.3,2.1340
33.460,33808,0,10,4.744,418.5,1.9800,5.216,409.2,2.1520
33.481,33828,0,10,4.740,422.9,1.9800,5.224,383.9,2.1300
33.501,33848,0,10,4.736,422.4,1.9700,5.212,409.7,2.1360
33.522,33868,0,10,4.744,416.2,1.9700,5.212,409.2,2.1340
33.542,33888,0,10,4.744,417.1,1.9760,5.216,409.3,2.1340
33.563,33908,0,10,4.740,417.7,1.9760,5.216,408.1,2.1360
33.583,33928,0,10,4.756,421.1,1.9700,5.220,359.5,2.1360
33.603,33948,0,10,4.728,417.5,1.9800,5.212,408.6,2.1300
33.620,33968,0,10,4.748,415.5,1.9660,5.212,414.3,2.1600
33.641,33988,0,10,4.732,422.8,2.0020,5.216,408.2,2.1260
33.661,34008,0,10,4.736,421.0,1.9980,5.216,416.6,2.1660
33.681,34028,0,10,4.764,418.5,1.9900,5.224,377.5,2.1300
33.702,34048,0,10,4.816,415.4,1.9800,5.212,418.6,2.1820
33.722,34068,0,10,4.740,422.1,2.0020,5.216,409.3,2.1340
33.743,34088,0,10,4.728,417.2,1.9760,5.212,417.1,2.1720
33.763,34108,0,10,4.736,418.9,1.9820,5.216,408.7,2.1340
33.784,34128,0,10,4.764,419.7,1.9900,5.220,416.2,2.1700
33.800,34148,0,10,4.732,421.4,1.9720,5.220,410.1,2.1400
33.821,34168,0,10,4.732,415.2,1.9660,5.212,416.6,2.1700
33.841,34188,0,10,4.736,416.6,1.9720,5.216,409.8,2.1360
33.862,34208,0,10,4.732,419.6,1.9900,5.212,416.7,2.1760
33.882,34228,0,10,4.704,460.8,2.2120,5.228,373.6,2.1300
33.903,34248,0,10,4.728,422.0,1.9860,5.212,415.9,2.1700
33.923,34268,0,10,4.732,425.6,2.0220,5.212,409.6,2.1340
33.943,34288,0,10,4.728,422.8,2.0020,5.212,416.9,2.1720
33.960,34308,0,10,4.732,417.7,1.9760,5.212,411.1,2.1360
33.981,34328,0,10,4.720,453.1,2.1800,5.216,425.2,2.1820
34.001,34348,0,10,4.728,422.7,2.0260,5.212,409.5,2.1360
34.021,34368,0,10,4.708,456.2,2.1520,5.212,418.8,2.1820
34.042,34388,0,10,4.712,453.1,2.1400,5.220,410.2,2.1360
34.062,34408,0,10,4.712,452.5,2.1360,5.212,416.8,2.1720
34.083,34428,0,10,4.716,455.1,2.1820,5.204,451.8,2.3560
34.103,34448,0,10,4.736,415.7,2.0080,5.212,415.4,2.1660
34.124,34468,0,10,4.728,421.0,1.9920,5.216,409.6,2.1360
34.140,34488,0,10,4.728,416.4,1.9720,5.212,416.0,2.1660
34.161,34508,0,10,4.724,420.5,1.9920,5.216,409.4,2.1300
34.181,34528,0,10,4.728,417.5,1.9760,5.220,417.5,2.2060
34.202,34548,0,10,4.732,422.6,1.9720,5.212,413.6,2.1560
34.222,34568,0,10,4.728,417.1,1.9760,5.212,416.4,2.1700
34.243,34588,0,10,4.732,418.3,1.9820,5.216,409.1,2.1340
34.263,34608,0,10,4.724,417.4,1.9800,5.212,419.9,2.1760
34.283,34628,0,10,4.728,417.2,1.9980,5.216,408.8,2.1300
34.300,34648,0,10,4.736,417.7,1.9800,5.216,449.1,2.3360
34.321,34668,0,10,4.728,421.2,1.9960,5.208,456.5,2.3760
34.341,34688,0,10,4.736,419.7,1.9900,5.208,466.8,2.4280
34.361,34708,0,10,4.728,416.1,1.9720,5.212,406.3,2.1440
34.382,34728,0,10,4.740,416.6,2.0060,5.216,419.0,2.1800
34.402,34748,0,10,4.740,418.6,1.9960,5.216,408.6,2.1300
34.423,34768,0,10,4.728,419.6,1.9900,5.212,419.3,2.1860
34.443,34788,0,10,4.724,416.1,1.9700,5.216,408.8,2.1300
34.464,34808,0,10,4.740,418.6,1.9980,5.212,409.8,2.1600
34.480,34828,0,10,4.744,422.2,1.9760,5.216,408.3,2.1360
34.501,34848,0,10,4.760,421.3,1.9900,5.212,409.3,2.1360
34.521,34868,0,10,4.724,421.4,1.9980,5.216,409.0,2.1340
34.542,34888,0,10,4.736,421.4,2.0020,5.212,407.0,2.1240
34.562,34908,0,10,4.732,421.9,2.0020,5.212,409.3,2.1340
34.583,34928,0,10,4.728,424.1,1.9960,5.220,410.6,2.1300
34.603,34948,0,10,4.772,420.4,1.9900,5.216,409.1,2.1340
34.623,34968,0,10,4.736,420.1,1.9960,5.212,408.9,2.1300
34.640,34988,0,10,4.744,420.2,1.9920,5.216,409.1,2.1340
34.660,35008,0,10,4.728,419.6,1.9960,5.212,409.4,2.1340
34.681,35028,0,10,4.744,421.6,2.0160,5.212,409.7,2.1340
34.701,35048,0,10,4.736,429.1,2.0120,5.216,410.5,2.1400
34.722,35068,0,10,4.740,416.8,1.9960,5.216,409.5,2.1340
34.742,35088,0,10,4.740,418.7,1.9960,5.216,408.1,2.1300
34.763,35108,0,10,4.732,422.3,2.0060,5.216,410.2,1.9240
34.783,35128,0,10,4.732,421.0,2.0020,5.212,408.6,2.1260
34.804,35148,0,10,4.700,463.7,2.2680,5.208,449.6,2.3340
34.820,35168,0,10,4.716,460.1,2.1820,5.208,449.3,2.3400
34.841,35188,0,10,4.708,462.5,2.2240,5.208,449.9,2.3420
34.861,35208,0,10,4.716,459.3,2.1960,5.212,448.6,2.3360
34.882,35228,0,10,4.716,461.9,2.2420,5.204,449.3,2.3400
34.902,35248,0,10,4.716,458.2,2.2120,5.208,449.1,2.3400
34.923,35268,0,10,4.712,459.7,2.2020,5.208,448.7,2.3360
34.943,35288,0,10,4.712,462.0,2.2060,5.204,449.5,2.3400
34.963,35308,0,10,4.716,459.5,2.2340,5.208,449.8,2.1500
34.980,35328,0,10,4.716,458.8,2.2160,5.204,450.3,2.3420
35.001,35348,0,10,4.728,460.8,2.2440,5.208,451.0,2.3460
35.021,35368,0,10,4.716,459.4,2.2420,5.208,451.0,2.3500
35.041,35388,0,10,4.720,461.0,2.2480,5.200,482.0,2.5060
35.062,35408,0,10,4.736,459.6,2.2160,5.204,481.9,2.2540
35.082,35428,0,10,4.720,460.3,2.2520,5.196,488.1,2.5100
35.103,35448,0,10,4.764,458.1,2.1660,5.204,483.4,2.5140
35.123,35468,0,10,4.720,460.1,2.2420,5.200,489.5,2.5420
35.144,35488,0,10,4.740,461.9,2.2280,5.208,450.1,2.3420
35.160,35508,0,10,4.724,457.5,2.2480,5.204,456.1,2.2120
35.181,35528,0,10,4.768,459.8,2.1860,5.204,449.8,2.3400
35.201,35548,0,10,4.752,460.3,2.1880,5.204,456.0,2.3720
35.222,35568,0,10,4.736,460.2,2.2180,5.208,449.4,2.3400
35.242,35588,0,10,4.720,461.9,2.2540,5.208,457.4,2.3780
35.262,35608,0,10,4.768,459.4,2.1700,5.208,448.3,2.0800
35.283,35628,0,10,4.744,460.3,2.1960,5.208,457.3,2.3780
35.303,35648,0,10,4.808,457.9,2.1720,5.208,494.1,2.5660
35.324,35668,0,10,4.780,460.2,2.1760,5.200,505.4,2.6240
35.340,35688,0,10,4.768,461.2,2.1800,5.200,495.9,2.5760
35.361,35708,0,10,4.856,458.5,2.1720,5.208,425.9,2.3060
35.381,35728,0,10,4.792,459.5,2.1700,5.208,448.4,2.3360
35.402,35748,0,10,4.884,460.4,2.1860,5.208,457.5,2.3780
35.422,35768,0,10,4.764,460.8,2.1860,5.196,449.3,2.3400
35.443,35788,0,10,4.848,459.4,2.1720,5.204,457.4,2.3780
35.463,35808,0,10,4.784,459.4,2.1800,5.204,448.0,2.0800
35.484,35828,0,10,4.880,457.9,2.1720,5.204,457.4,2.3760
35.501,35848,0,10,4.884,459.6,2.1800,5.208,448.9,2.3360
35.521,35868,0,10,4.844,457.7,2.1700,5.208,456.7,2.3760
35.541,35888,0,10,4.796,459.5,2.1720,5.208,449.3,2.3360
35.562,35908,0,10,4.888,461.7,2.1700,5.204,430.3,2.3060
35.583,35928,0,10,4.872,458.4,2.1720,5.204,449.5,2.3400
35.603,35948,0,10,4.776,461.0,2.1760,5.208,456.8,2.3760
35.623,35968,0,10,4.784,460.5,2.1820,5.204,449.3,2.3400
35.643,35988,0,10,4.884,458.0,2.1620,5.208,457.1,2.3780
35.664,36008,0,10,4.728,458.7,2.1660,5.216,399.3,2.3400
35.681,36028,0,10,4.784,461.6,2.1720,5.208,457.0,2.3780
35.701,36048,0,10,4.872,451.1,2.1820,5.212,450.2,2.3420
35.721,36068,0,10,4.884,459.3,2.1720,5.204,458.5,2.3880
35.742,36088,0,10,4.732,460.1,2.1700,5.208,450.9,2.3420
35.762,36108,0,10,4.784,464.5,2.1860,5.204,439.7,2.2980
35.783,36128,0,10,4.724,463.0,2.1700,5.204,449.4,2.3420
35.803,36148,0,10,4.728,458.8,2.1660,5.208,459.8,2.3920
35.824,36168,0,10,4.728,461.5,2.1800,5.212,450.1,2.3420
35.840,36188,0,10,4.796,461.8,2.1800,5.204,448.8,2.3820
35.861,36208,0,10,4.728,458.6,2.1820,5.216,398.6,2.3460
35.881,36228,0,10,4.728,459.2,2.1760,5.208,449.4,2.3620
35.902,36248,0,10,4.724,459.2,2.1660,5.212,449.3,2.3400
35.922,36268,0,10,4.808,460.1,2.1720,5.204,448.9,2.3360
35.943,36288,0,10,4.724,461.4,2.1760,5.208,449.9,2.3420
35.963,36308,0,10,4.720,457.4,2.1720,5.216,427.5,2.3460
35.983,36328,0,10,4.720,458.8,2.1620,5.204,449.7,2.3400
36.004,36348,0,10,4.716,460.7,2.1660,5.208,449.8,2.3400
36.021,36368,0,10,4.728,459.9,2.1700,5.204,449.5,2.3400
36.041,36388,0,10,4.724,461.8,2.1800,5.204,449.5,2.3420
36.061,36408,0,10,4.728,458.8,2.1620,5.212,397.3,2.3360
36.082,36428,0,10,4.716,459.8,2.1660,5.208,449.5,2.3420
36.102,36448,0,10,4.720,458.8,2.1620,5.208,449.0,2.3360
36.123,36468,0,10,4.720,461.0,2.1700,5.208,449.5,2.3360
36.143,36488,0,10,4.720,459.8,2.1660,5.208,449.3,2.3400
36.164,36508,0,10,4.716,459.4,2.1720,5.216,423.2,2.3340
36.180,36528,0,10,4.720,458.3,2.1660,5.208,449.6,2.3400
36.201,36548,0,10,4.712,459.1,2.1600,5.212,449.5,2.3400
36.221,36568,0,10,4.720,460.3,2.1700,5.208,449.5,2.3400
36.242,36588,0,10,4.720,460.2,2.1700,5.212,449.0,2.3360
36.262,36608,0,10,4.716,462.0,2.1720,5.212,401.3,2.3340
36.282,36628,0,10,4.708,459.4,2.1600,5.204,448.9,2.3340
36.304,36648,0,10,4.712,459.5,2.1620,5.204,494.4,2.5700
36.323,36668,0,10,4.716,459.0,2.1660,5.196,498.7,2.5920
36.344,36688,0,10,4.708,460.6,2.1720,5.196,496.9,2.5960
36.361,36708,0,10,4.708,459.9,2.1620,5.212,463.5,2.5760
36.381,36728,0,10,4.708,459.4,2.1800,5.208,449.7,2.3600
36.401,36748,0,10,4.712,456.8,2.1520,5.204,448.8,2.3360
36.422,36768,0,10,4.712,461.0,2.1720,5.208,450.0,2.3420
36.442,36788,0,10,4.712,459.5,2.1660,5.208,449.1,2.3400
36.463,36808,0,10,4.704,460.9,2.1720,5.212,448.2,2.3420
36.483,36828,0,10,4.712,459.1,2.1700,5.208,448.9,2.3400
36.504,36848,0,10,4.712,459.1,2.1620,5.208,450.2,2.3420
36.520,36868,0,10,4.708,459.8,2.1660,5.208,448.8,2.3360
36.541,36888,0,10,4.696,459.3,2.1700,5.212,460.3,2.3460
36.561,36908,0,10,4.708,460.9,2.1660,5.216,415.6,2.3400
36.582,36928,0,10,4.704,459.8,2.1720,5.204,456.1,2.3420
36.602,36948,0,10,4.708,459.3,2.1660,5.208,449.6,2.3400
36.623,36968,0,10,4.708,458.6,2.1660,5.204,456.3,2.3760
36.643,36988,0,10,4.712,461.4,2.1760,5.212,451.7,2.3360
36.663,37008,0,10,4.704,459.5,2.1700,5.212,456.7,2.3760
36.684,37028,0,10,4.704,464.8,2.1700,5.208,449.6,2.3420
36.701,37048,0,10,4.712,460.5,2.1720,5.208,455.7,2.3720
36.721,37068,0,10,4.708,458.6,2.1660,5.208,449.6,2.3400
36.741,37088,0,10,4.708,460.6,2.1720,5.212,456.5,2.3780
36.762,37108,0,10,4.708,460.9,2.1700,5.204,450.9,2.3420
36.782,37128,0,10,4.696,492.3,2.3260,5.204,456.7,2.3760
36.803,37148,0,10,4.696,493.2,2.3200,5.208,449.4,2.3400
36.823,37168,0,10,4.696,495.1,2.3300,5.208,456.8,2.3760
36.844,37188,0,10,4.688,494.8,2.3260,5.208,449.5,2.3360
36.860,37208,0,10,4.752,415.0,2.0060,5.220,416.0,2.1760
36.881,37228,0,10,4.732,422.7,1.9800,5.216,410.5,2.1300
36.901,37248,0,10,4.732,419.5,1.9860,5.212,415.9,2.1700
36.922,37268,0,10,4.728,422.5,2.0020,5.216,408.6,2.1300
36.942,37288,0,10,4.732,417.0,1.9800,5.216,417.6,2.1620
36.963,37308,0,10,4.736,420.6,1.9920,5.216,408.5,2.1340
36.983,37328,0,10,4.728,417.8,1.9860,5.212,416.8,2.2080
37.003,37348,0,10,4.732,419.2,1.9900,5.212,409.5,2.1360
37.024,37368,0,10,4.732,423.7,2.0120,5.212,416.2,2.1700
37.040,37388,0,10,4.728,422.0,1.9980,5.212,410.2,2.1300
37.061,37408,0,10,4.752,420.9,1.9820,5.212,417.3,2.1700
37.082,37428,0,10,4.732,421.9,1.9820,5.216,410.5,2.1460
37.102,37448,0,10,4.744,415.6,1.9720,5.212,416.1,2.1700
37.122,37468,0,10,4.724,422.5,2.0060,5.216,408.7,2.1340
37.143,37488,0,10,4.728,416.6,1.9800,5.216,417.7,2.1620
37.163,37508,0,10,4.772,417.4,1.9920,5.216,409.2,2.1440
37.184,37528,0,10,4.728,420.9,1.9920,5.212,417.1,2.1700
37.200,37548,0,10,4.736,417.2,1.9760,5.216,410.2,2.1360
37.221,37568,0,10,4.732,420.4,1.9960,5.216,419.6,2.1820
37.241,37588,0,10,4.736,415.5,1.9820,5.220,409.4,1.9140
37.262,37608,0,10,4.732,429.4,1.9980,5.216,415.0,2.1920
37.282,37628,0,10,4.740,419.6,2.0060,5.216,409.8,2.1440
37.303,37648,0,10,4.728,419.4,1.9960,5.216,454.4,2.3620
37.323,37668,0,10,4.732,422.0,2.0120,5.208,457.7,2.3780
37.343,37688,0,10,4.736,420.4,1.9980,5.216,405.7,2.1160
37.364,37708,0,10,4.700,464.8,2.2080,5.212,405.8,2.1160
37.380,37728,0,10,4.732,416.2,2.0220,5.212,409.6,2.1340
37.401,37748,0,10,4.728,420.9,2.0080,5.216,408.9,2.1300
37.421,37768,0,10,4.732,420.8,1.9980,5.208,451.2,2.3500
37.442,37788,0,10,4.736,419.2,2.0160,5.204,461.4,2.2840
37.462,37808,0,10,4.732,428.9,2.0520,5.204,448.0,2.3300
37.483,37828,0,10,4.740,421.5,2.0380,5.220,405.5,2.1240
37.503,37848,0,10,4.744,422.1,2.0080,5.200,472.5,2.4580
37.524,37868,0,10,4.732,424.8,2.0440,5.212,417.4,2.1720
37.540,37888,0,10,4.728,420.7,2.0160,5.216,409.3,2.1300
37.561,37908,0,10,4.740,419.1,2.0340,5.216,416.4,2.3260
37.582,37928,0,10,4.748,421.5,2.0060,5.216,409.8,2.1300
37.602,37948,0,10,4.736,424.6,2.0340,5.216,410.2,2.1400
37.622,37968,0,10,4.756,418.0,2.0440,5.216,408.5,2.1300
37.642,37988,0,10,4.740,421.0,2.0540,5.216,409.3,1.9500
37.663,38008,0,10,4.748,421.8,1.9920,5.216,409.3,2.1400
37.683,38028,0,10,4.748,422.6,2.0520,5.216,408.6,2.1360
37.704,38048,0,10,4.624,553.6,2.6880,5.216,409.4,2.1340
37.721,38068,0,10,4.740,423.0,2.0620,5.216,409.7,2.1360
37.741,38088,0,10,4.748,422.2,2.0320,5.216,407.7,1.8780
37.762,38108,0,10,4.744,419.2,2.0640,5.216,409.1,2.1360
37.782,38128,0,10,4.776,417.4,1.9920,5.212,409.7,2.1260
37.803,38148,0,10,4.736,417.2,2.0320,5.216,408.7,2.1340
37.823,38168,0,10,4.728,414.8,2.0080,5.212,442.8,2.3040
37.843,38188,0,10,4.740,420.6,2.0580,5.212,443.3,2.1560
37.864,38208,0,10,4.784,422.1,1.9820,5.208,442.5,2.2940
37.884,38228,0,10,4.892,415.7,2.0020,5.208,443.0,2.3040
37.901,38248,0,10,4.756,416.5,2.0120,5.216,409.8,2.1360
37.921,38268,0,10,4.800,418.0,1.9900,5.220,409.3,2.1340
37.942,38288,0,10,4.780,417.2,1.9820,5.212,408.4,1.8720
37.962,38308,0,10,4.852,417.2,2.0060,5.216,409.9,2.1440
37.983,38328,0,10,4.840,420.7,1.9760,5.216,409.0,2.1360
38.003,38348,0,10,4.796,417.2,1.9860,5.212,410.3,2.1400
38.023,38368,0,10,4.768,417.2,1.9860,5.216,410.1,2.1360
38.044,38388,0,10,4.864,419.9,1.9960,5.212,388.3,2.0800
38.061,38408,0,10,4.820,420.9,1.9960,5.216,409.6,2.1460
38.081,38428,0,10,4.924,422.6,1.9800,5.212,416.5,2.1600
38.101,38448,0,10,4.772,422.9,2.0080,5.220,409.0,2.1340
38.122,38468,0,10,4.848,418.1,1.9860,5.216,418.1,2.1800
38.142,38488,0,10,4.808,418.2,1.9900,5.216,407.7,1.8800
38.163,38508,0,10,4.884,419.6,1.9820,5.216,416.2,2.1660
38.183,38528,0,10,4.864,463.9,2.1080,5.216,415.4,2.1340
38.204,38548,0,10,4.844,421.9,2.0020,5.212,417.0,2.1720
38.224,38568,0,10,4.848,416.2,1.9760,5.216,410.8,2.1400
38.241,38588,0,10,4.896,419.0,1.9900,5.216,393.9,2.0840
38.261,38608,0,10,4.752,420.2,1.9700,5.216,409.2,2.1360
38.282,38628,0,10,4.768,440.1,2.1820,5.204,454.6,2.2120
38.302,38648,0,10,4.856,422.3,2.0020,5.216,455.7,2.3720
38.322,38668,0,10,4.908,418.9,1.9900,5.204,464.6,2.4160
38.343,38688,0,10,4.752,424.3,2.0160,5.216,358.1,2.1240
38.363,38708,0,10,4.792,418.7,1.9860,5.212,413.8,2.1520
38.384,38728,0,10,4.752,421.2,1.9960,5.208,450.6,2.3520
38.400,38748,0,10,4.888,422.3,2.0020,5.212,416.7,2.1720
38.421,38768,0,10,4.756,415.4,1.9700,5.216,409.4,2.1340
38.441,38788,0,10,4.792,420.5,1.9920,5.212,399.7,2.0680
38.462,38808,0,10,4.748,416.8,1.9820,5.216,409.3,2.1300
38.482,38828,0,10,4.756,420.8,1.9820,5.212,416.9,2.2120
38.503,38848,0,10,4.752,417.2,1.9760,5.216,410.8,2.1400
38.523,38868,0,10,4.752,417.2,1.9760,5.212,416.8,2.1700
38.544,38888,0,10,4.740,416.9,1.9760,5.220,361.8,2.1300
38.564,38908,0,10,4.748,416.6,1.9980,5.212,417.6,2.1660
38.581,38928,0,10,4.748,417.2,1.9960,5.216,409.0,2.1300
38.601,38948,0,10,4.752,422.2,1.9980,5.216,415.5,2.1660
38.622,38968,0,10,4.748,419.5,1.9860,5.216,411.0,2.1400
38.642,38988,0,10,4.744,422.2,1.9980,5.220,394.0,2.1800
38.663,39008,0,10,4.744,421.0,1.9860,5.216,409.3,2.1340
38.683,39028,0,10,4.736,418.4,1.9820,5.212,420.5,2.1820
38.703,39048,0,10,4.764,419.6,1.9860,5.216,406.1,2.1160
38.724,39068,0,10,4.740,418.0,1.9800,5.216,419.7,2.1880
38.740,39088,0,10,4.744,416.9,1.9720,5.216,357.9,2.1300
38.761,39108,0,10,4.740,418.8,1.9980,5.216,408.3,2.1860
38.781,39128,0,10,4.736,428.6,2.0320,5.216,408.8,2.1340
38.802,39148,0,10,4.752,415.7,1.9760,5.212,408.7,2.1300
38.822,39168,0,10,4.740,416.8,1.9700,5.216,409.8,2.1360
38.843,39188,0,10,4.744,420.1,1.9900,5.220,379.8,2.1340
38.863,39208,0,10,4.724,416.5,2.0080,5.212,408.5,2.1460
38.883,39228,0,10,4.728,417.3,1.9960,5.216,409.9,2.1340
38.904,39248,0,10,4.760,419.0,1.9980,5.220,408.4,2.1300
38.921,39268,0,10,4.736,418.2,1.9820,5.216,409.3,2.1340
38.941,39288,0,10,4.732,422.2,2.0020,5.220,409.8,2.1360
38.962,39308,0,10,4.736,417.6,1.9820,5.216,409.5,2.1300
38.982,39328,0,10,4.732,416.3,1.9820,5.220,410.0,2.1500
39.002,39348,0,10,4.712,430.2,2.0440,5.216,409.4,2.1340
39.023,39368,0,10,4.728,416.9,1.9800,5.220,409.5,2.1340
39.043,39388,0,10,4.732,419.5,1.9820,5.220,376.2,2.1200
39.064,39408,0,10,4.728,422.5,1.9760,5.216,408.6,2.1340
39.080,39428,0,10,4.732,419.2,1.9720,5.212,409.4,2.1340
39.101,39448,0,10,4.724,462.8,2.1800,5.208,413.4,2.1560
39.121,39468,0,10,4.728,420.3,1.9860,5.216,409.5,2.1340
39.142,39488,0,10,4.732,416.8,1.9760,5.224,409.6,2.1360
39.162,39508,0,10,4.728,420.7,1.9900,5.216,409.5,2.1360
39.183,39528,0,10,4.724,419.7,1.9700,5.212,410.7,2.1360
39.203,39548,0,10,4.728,428.6,2.0280,5.204,449.3,2.3360
39.224,39568,0,10,4.724,426.0,2.0180,5.216,409.0,2.1340
39.244,39588,0,10,4.736,418.2,1.9960,5.212,409.3,2.1520
39.261,39608,0,10,4.732,416.2,2.0020,5.216,409.4,2.1360
39.281,39628,0,10,4.724,421.0,1.9700,5.216,408.5,2.1260
39.302,39648,0,10,4.724,417.4,1.9760,5.216,457.7,2.3820
39.322,39668,0,10,4.732,420.8,1.9960,5.208,457.2,2.3780
39.343,39688,0,10,4.728,417.7,1.9720,5.224,407.0,2.1400
39.363,39708,0,10,4.728,418.0,1.9920,5.216,405.9,2.1400
39.383,39728,0,10,4.732,420.7,1.9720,5.216,411.0,2.1300
39.404,39748,0,10,4.728,416.8,1.9720,5.212,408.6,2.1300
39.420,39768,0,10,4.728,418.0,1.9820,5.204,409.9,2.1360
39.441,39788,0,10,4.728,419.4,1.9700,5.216,408.6,2.1300
39.461,39808,0,10,4.728,417.4,2.0060,5.216,416.8,2.1500
39.482,39828,0,10,4.728,422.8,1.9900,5.216,409.8,2.2240
39.503,39848,0,10,4.724,417.6,1.9800,5.212,414.0,2.1560
39.523,39868,0,10,4.732,421.7,2.0020,5.216,407.3,2.1240
39.543,39888,0,10,4.716,454.9,2.1300,5.212,417.7,2.1660
39.564,39908,0,10,4.716,452.1,2.1360,5.216,409.0,2.1360
39.584,39928,0,10,4.720,454.3,2.1440,5.216,416.3,2.1800
39.601,39948,0,10,4.708,455.2,2.1500,5.216,409.8,2.1360
39.621,39968,0,10,4.736,422.2,2.0180,5.212,418.4,2.1820
39.642,39988,0,10,4.728,417.0,2.0020,5.212,409.8,2.1360
39.662,40008,0,10,4.728,420.1,1.9860,5.212,417.0,2.1760
39.683,40028,0,10,4.736,416.9,2.0020,5.216,410.0,2.1360
39.703,40048,0,10,4.732,422.9,2.0080,5.212,415.9,2.1660
39.723,40068,0,10,4.768,419.8,2.0020,5.212,408.6,2.1300
39.744,40088,0,10,4.732,422.7,1.9860,5.216,417.2,2.1700
39.760,40108,0,10,4.732,417.8,1.9820,5.216,410.8,2.1400
39.781,40128,0,10,4.732,419.7,1.9960,5.212,415.5,2.1800
39.801,40148,0,10,4.728,417.6,1.9900,5.212,411.2,2.1440
39.822,40168,0,10,4.736,418.8,2.0060,5.216,416.3,2.1720
39.842,40188,0,10,4.728,418.2,2.0220,5.216,409.0,2.1720
39.863,40208,0,10,4.740,419.7,2.0120,5.216,415.3,2.1700
39.883,40228,0,10,4.732,418.9,2.0380,5.216,408.0,2.1260
39.903,40248,0,10,4.728,416.9,1.9820,5.212,417.5,2.1760
39.924,40268,0,10,4.696,460.5,2.1980,5.216,365.7,1.9100
39.941,40288,0,10,4.732,417.2,2.0180,5.212,417.0,2.1700
39.961,40308,0,10,4.732,419.0,2.0480,5.216,409.3,2.1700
39.982,40328,0,10,4.740,422.3,2.0220,5.212,418.1,2.1760
40.002,40348,0,10,4.732,417.1,1.9980,5.216,408.7,2.1300
40.022,40368,0,10,4.736,428.6,2.0420,5.204,454.1,2.3660
40.043,40388,0,10,4.736,419.3,2.0380,5.216,410.1,2.1360
40.063,40408,0,10,4.736,416.6,2.0280,5.212,418.3,2.1800
40.084,40428,0,10,4.744,422.6,2.0380,5.216,410.0,2.1560
40.100,40448,0,10,4.728,417.7,1.9960,5.216,420.6,2.1920
40.121,40468,0,10,4.736,421.3,2.0340,5.212,408.0,2.1260
40.141,40488,0,10,4.748,421.3,2.0380,5.212,420.4,2.1720
40.162,40508,0,10,4.740,416.5,2.0580,5.216,409.4,2.1360
40.182,40528,0,10,4.780,418.9,2.0020,5.212,419.5,2.1720
40.203,40548,0,10,4.736,421.6,2.0380,5.216,409.3,2.1360
40.223,40568,0,10,4.748,417.2,2.0340,5.212,372.5,1.9400
40.244,40588,0,10,4.740,417.1,2.0640,5.216,409.2,2.1340
40.264,40608,0,10,4.772,422.1,1.9860,5.212,409.8,2.1820
40.281,40628,0,10,4.752,421.0,2.0280,5.216,408.6,2.1360
40.301,40648,0,10,4.736,422.3,2.0680,5.212,453.6,2.3600
40.322,40668,0,10,4.736,419.5,2.0520,5.204,446.4,2.3260
40.342,40688,0,10,4.764,420.4,1.9960,5.216,406.5,2.1260
40.363,40708,0,10,4.760,421.4,2.0180,5.208,454.9,2.3780
40.383,40728,0,10,4.800,418.6,2.0080,5.200,458.7,2.3820
40.403,40748,0,10,4.740,420.1,2.0620,5.216,409.6,2.1360
40.424,40768,0,10,4.764,419.6,1.9980,5.216,361.7,1.8880
40.444,40788,0,10,4.824,415.7,1.9920,5.216,409.3,2.1820
40.461,40808,0,10,4.792,426.6,1.9920,5.216,407.7,2.1400
40.481,40828,0,10,4.896,417.8,1.9800,5.216,408.8,2.1440
40.502,40848,0,10,4.760,420.4,2.0120,5.216,408.9,2.1300
40.522,40868,0,10,4.816,420.7,1.9980,5.216,401.1,2.0900
40.543,40888,0,10,4.820,420.4,1.9920,5.216,409.4,2.1360
40.563,40908,0,10,4.896,424.9,1.9960,5.216,409.7,2.1860
40.583,40928,0,10,4.856,418.8,1.9860,5.212,443.1,2.3060
40.604,40948,0,10,4.808,420.6,1.9980,5.208,443.1,2.3060
40.621,40968,0,10,4.800,423.5,2.0160,5.212,391.2,2.0380
40.641,40988,0,10,4.920,421.4,1.9860,5.208,442.2,2.3060
40.662,41008,0,10,4.860,419.9,1.9980,5.216,408.8,2.1360
40.682,41028,0,10,4.864,418.7,1.9760,5.216,409.0,2.1660
40.702,41048,0,10,4.800,416.6,1.9760,5.216,410.0,2.1360
40.723,41068,0,10,4.896,421.2,2.0020,5.220,395.0,2.0580
40.743,41088,0,10,4.828,464.8,2.1040,5.216,411.3,2.1440
40.764,41108,0,10,4.868,422.6,1.9820,5.216,408.5,2.1400
40.784,41128,0,10,4.752,415.3,2.0020,5.212,408.8,2.1340
40.801,41148,0,10,4.892,419.4,1.9960,5.216,410.6,2.1400
40.821,41168,0,10,4.808,418.0,1.9860,5.220,409.7,2.1360
40.842,41188,0,10,4.872,440.6,2.1820,5.208,449.8,2.1800
40.862,41208,0,10,4.744,422.0,1.9760,5.216,409.7,2.1360
40.883,41228,0,10,4.760,416.1,1.9800,5.212,413.7,2.1360
40.903,41248,0,10,4.812,416.4,1.9720,5.216,410.3,2.1400
40.924,41268,0,10,4.892,416.6,1.9760,5.216,397.0,2.0680
40.944,41288,0,10,4.752,419.4,2.0180,5.212,449.7,2.3420
40.966,41308,0,10,4.748,421.2,1.9860,5.212,416.4,2.2160
40.981,41328,0,10,4.744,416.0,1.9960,5.216,409.4,2.1440
41.002,41348,0,10,4.888,417.2,1.9800,5.212,416.1,2.1700
41.022,41368,0,10,4.748,417.0,1.9760,5.220,410.8,2.1440
41.066,41388,0,10,4.748,418.3,1.9760,5.212,415.9,2.2080
41.066,41408,0,10,4.744,420.3,1.9720,5.216,409.9,2.1340
41.083,41428,0,10,4.740,418.2,1.9800,5.216,415.8,2.1760
41.104,41448,0,10,4.744,421.0,1.9960,5.212,409.7,2.1360
41.124,41468,0,10,4.744,421.2,1.9960,5.224,417.2,2.1760
41.141,41488,0,10,4.744,422.5,1.9720,5.216,411.4,2.1300
41.161,41508,0,10,4.740,415.3,2.0020,5.212,417.1,2.2080
41.182,41528,0,10,4.748,419.6,1.9900,5.212,409.2,2.1300
41.202,41548,0,10,4.748,416.2,1.9720,5.212,418.2,2.1800
41.222,41568,0,10,4.744,417.5,1.9760,5.216,408.5,2.1300
41.243,41588,0,10,4.736,418.4,1.9820,5.216,417.8,2.1660
41.263,41608,0,10,4.744,417.3,1.9700,5.216,409.3,2.1260
41.284,41628,0,10,4.740,420.0,1.9920,5.216,416.2,2.2120
41.301,41648,0,10,4.748,420.2,1.9900,5.216,451.4,2.3500
41.321,41668,0,10,4.748,416.7,1.9760,5.212,464.2,2.4160
41.342,41688,0,10,4.740,417.7,1.9900,5.208,454.6,2.3780
41.362,41708,0,10,4.756,415.4,1.9720,5.212,413.9,2.1560
41.382,41728,0,10,4.732,421.5,1.9900,5.212,409.4,2.1360
41.403,41748,0,10,4.736,422.4,1.9980,5.212,416.7,2.1720
41.423,41768,0,10,4.728,416.1,1.9660,5.224,411.7,2.1460
41.444,41788,0,10,4.736,418.3,1.9800,5.212,416.5,2.1700
41.464,41808,0,10,4.764,418.4,1.9920,5.216,409.4,2.1360
41.481,41828,0,10,4.736,415.1,2.0180,5.212,418.6,2.1660
41.501,41848,0,10,4.736,417.8,1.9800,5.212,409.5,2.1340
41.522,41868,0,10,4.728,416.6,1.9720,5.220,415.7,2.1660
41.542,41888,0,10,4.732,416.3,1.9980,5.216,406.4,2.1700
41.563,41908,0,10,4.712,428.1,2.0080,5.216,420.2,2.1700
41.583,41928,0,10,4.724,420.4,1.9800,5.216,408.7,2.1300
41.603,41948,0,10,4.736,416.2,1.9700,5.216,420.0,2.1880
41.624,41968,0,10,4.728,420.4,1.9920,5.224,409.9,2.1360
41.641,41988,0,10,4.728,418.4,1.9920,5.216,409.4,2.1820
41.661,42008,0,10,4.688,462.9,2.1800,5.220,414.6,2.1340
41.681,42028,0,10,4.728,418.8,1.9920,5.212,408.6,2.1660
41.702,42048,0,10,4.732,416.7,1.9720,5.216,409.9,2.1360
41.723,42068,0,10,4.732,417.7,1.9760,5.216,411.2,2.1440
41.743,42088,0,10,4.732,421.0,1.9820,5.216,409.3,2.1340
41.763,42108,0,10,4.720,428.4,2.1560,5.204,450.0,2.2520
41.784,42128,0,10,4.728,421.0,1.9960,5.216,409.5,2.1300
41.804,42148,0,10,4.736,417.7,1.9760,5.216,408.1,2.1300
41.821,42168,0,10,4.724,419.6,1.9860,5.224,408.7,2.1340
41.841,42188,0,10,4.728,421.4,1.9960,5.212,409.7,2.1300
41.862,42208,0,10,4.724,418.0,1.9820,5.216,417.1,2.2080
41.882,42228,0,10,4.732,416.0,2.0020,5.216,409.1,2.1300
41.903,42248,0,10,4.724,417.1,1.9760,5.216,409.4,2.1340
41.923,42268,0,10,4.732,417.7,1.9820,5.216,409.3,2.1360
41.943,42288,0,10,4.728,417.1,1.9800,5.216,408.9,2.1260
41.964,42308,0,10,4.724,416.5,2.0080,5.212,409.4,2.1440
41.981,42328,0,10,4.736,420.2,1.9920,5.216,409.9,2.1200
42.001,42348,0,10,4.728,417.8,1.9760,5.212,408.9,2.1340
42.022,42368,0,10,4.732,414.7,1.9620,5.224,410.5,2.1400
42.042,42388,0,10,4.732,420.9,1.9900,5.220,409.2,2.1400
42.063,42408,0,10,4.732,417.9,1.9960,5.216,411.5,2.1440
42.083,42428,0,10,4.740,420.3,1.9980,5.216,409.0,2.1360
42.103,42448,0,10,4.736,418.4,1.9860,5.212,411.1,2.1460
42.124,42468,0,10,4.728,422.6,2.0020,5.212,407.7,2.1240
42.144,42488,0,10,4.728,420.6,1.9700,5.216,408.0,2.1260
42.161,42508,0,10,4.736,415.1,1.9920,5.212,409.6,2.1360
42.181,42528,0,10,4.744,417.6,1.9800,5.216,407.1,2.1400
42.202,42548,0,10,4.728,415.8,1.9720,5.216,408.5,2.1300
42.222,42568,0,10,4.732,422.6,2.0060,5.216,409.9,2.1360
42.243,42588,0,10,4.736,419.2,1.9980,5.216,408.1,2.1300
42.263,42608,0,10,4.728,416.8,2.0060,5.220,408.2,2.1300
42.283,42628,0,10,4.768,420.1,1.9800,5.216,410.2,2.1400
42.304,42648,0,10,4.736,422.2,2.0020,5.204,455.8,2.3780
42.321,42668,0,10,4.716,452.0,2.1360,5.208,457.6,2.3820
42.341,42688,0,10,4.716,454.2,2.1520,5.204,462.2,2.3860
42.362,42708,0,10,4.720,451.3,2.1560,5.208,455.6,2.3980
42.382,42728,0,10,4.756,453.1,2.1520,5.212,414.9,2.1360
42.402,42748,0,10,4.736,419.6,1.9960,5.216,366.8,1.9140
42.423,42768,0,10,4.728,418.2,1.9860,5.212,416.0,2.1660
42.443,42788,0,10,4.744,417.9,2.0180,5.212,409.6,2.1300
42.464,42808,0,10,4.732,420.5,2.0080,5.212,416.3,2.1860
42.484,42828,0,10,4.716,458.7,2.1800,5.212,408.4,2.1560
42.501,42848,0,10,4.732,420.8,1.9980,5.212,415.3,2.1700
42.522,42868,0,10,4.736,418.2,2.0060,5.212,408.0,2.1260
42.542,42888,0,10,4.732,421.4,2.0080,5.212,416.9,2.1720
42.562,42908,0,10,4.744,415.9,2.0420,5.216,409.1,2.1300
42.583,42928,0,10,4.728,433.5,2.0540,5.204,456.9,2.1920
42.603,42948,0,10,4.736,417.8,2.0060,5.216,372.0,1.9440
42.624,42968,0,10,4.732,421.6,2.0080,5.216,416.7,2.1720
42.644,42988,0,10,4.736,418.6,2.0220,5.216,409.5,2.1400
42.661,43008,0,10,4.736,416.1,2.0220,5.212,415.8,2.1820
42.681,43028,0,10,4.744,424.8,2.0320,5.212,448.6,2.3460
42.702,43048,0,10,4.744,422.3,2.0620,5.216,370.0,1.9300
42.722,43068,0,10,4.736,418.1,2.0220,5.212,410.8,2.1400
42.743,43088,0,10,4.752,422.9,2.0580,5.216,416.6,2.1700
42.763,43108,0,10,4.744,418.3,2.0380,5.220,408.9,2.1340
42.783,43128,0,10,4.760,420.3,2.0520,5.212,417.2,2.2120
42.804,43148,0,10,4.740,417.5,2.0220,5.216,376.0,1.9620
42.824,43168,0,10,4.744,422.3,2.0540,5.216,417.4,2.1760
42.841,43188,0,10,4.744,418.0,2.0580,5.216,409.1,2.1300
42.861,43208,0,10,4.756,417.5,1.9900,5.216,416.0,2.1700
42.882,43228,0,10,4.736,416.3,2.0120,5.216,410.4,2.1400
42.902,43248,0,10,4.752,422.0,2.0620,5.212,367.4,1.9140
42.923,43268,0,10,4.744,419.9,2.0520,5.216,409.0,2.1340
42.943,43288,0,10,4.764,414.9,2.0120,5.212,417.0,2.1820
42.963,43308,0,10,4.748,414.7,2.0380,5.216,409.4,2.1300
42.984,43328,0,10,4.740,424.7,2.0780,5.216,418.3,2.1800
43.004,43348,0,10,4.788,416.6,1.9820,5.216,401.1,2.0900
43.021,43368,0,10,4.756,421.8,2.0060,5.216,417.6,2.1760
43.042,43388,0,10,4.836,417.0,1.9920,5.216,409.9,2.1360
43.062,43408,0,10,4.804,416.5,2.0060,5.216,414.0,2.2120
43.083,43428,0,10,4.784,418.4,1.9900,5.216,409.1,2.1300
43.103,43448,0,10,4.780,413.9,1.9800,5.216,363.3,1.8940
43.123,43468,0,10,4.820,421.3,2.0020,5.216,408.2,2.1260
43.144,43488,0,10,4.800,417.9,1.9920,5.212,409.3,2.1360
43.164,43508,0,10,4.892,417.1,1.9980,5.212,409.3,2.1340
43.181,43528,0,10,4.752,421.4,2.0080,5.212,408.8,2.1300
43.201,43548,0,10,4.844,421.4,2.0180,5.216,398.0,2.0740
43.222,43568,0,10,4.796,427.1,2.0260,5.216,412.3,2.1500
43.242,43588,0,10,4.896,423.5,1.9800,5.216,409.1,2.1360
43.263,43608,0,10,4.860,421.5,1.9760,5.216,406.4,2.1360
43.283,43628,0,10,4.820,415.4,1.9760,5.216,411.4,2.1440
43.303,43648,0,10,4.760,439.7,2.1000,5.216,403.7,2.1040
43.324,43668,0,10,4.896,417.4,1.9820,5.204,458.9,2.3880
43.346,43688,0,10,4.768,416.7,1.9980,5.216,406.2,2.1300
43.361,43708,0,10,4.848,418.3,1.9960,5.208,440.7,2.2900
43.382,43728,0,10,4.904,416.0,1.9760,5.204,442.8,2.3040
43.402,43748,0,10,4.884,463.3,2.1860,5.204,433.7,2.2620
43.422,43768,0,10,4.768,419.6,1.9860,5.208,448.2,2.3340
43.443,43788,0,10,4.840,421.6,1.9760,5.216,411.1,2.1360
43.463,43808,0,10,4.744,420.9,1.9760,5.212,408.1,2.1400
43.484,43828,0,10,4.896,420.7,1.9980,5.216,409.7,2.1360
43.504,43848,0,10,4.784,427.0,2.0220,5.204,513.7,2.6640
43.521,43868,0,10,4.856,416.7,1.9760,5.224,409.5,2.1340
43.541,43888,0,10,4.756,416.6,1.9900,5.212,409.1,2.1800
43.562,43908,0,10,4.756,422.1,1.9700,5.216,409.4,2.1400
43.582,43928,0,10,4.776,420.5,1.9900,5.216,409.3,2.1360
43.603,43948,0,10,4.860,421.6,1.9980,5.212,395.8,2.0640
43.623,43968,0,10,4.752,417.3,1.9760,5.212,409.5,2.1340
43.643,43988,0,10,4.748,420.5,1.9960,5.216,410.4,2.1340
43.664,44008,0,10,4.748,421.1,1.9760,5.212,409.4,2.1800
43.684,44028,0,10,4.748,416.5,1.9720,5.212,409.7,2.1360
43.701,44048,0,10,4.748,416.2,1.9720,5.216,409.4,2.1340
43.722,44068,0,10,4.724,422.3,1.9980,5.216,408.9,2.1300
43.742,44088,0,10,4.748,416.9,1.9820,5.216,409.8,2.1240
43.762,44108,0,10,4.744,415.8,1.9820,5.212,409.6,2.1300
43.783,44128,0,10,4.748,421.3,1.9920,5.212,411.8,2.1460
43.803,44148,0,10,4.748,418.7,1.9820,5.220,410.7,2.1400
43.824,44168,0,10,4.760,419.9,1.9860,5.216,409.5,2.1360
43.844,44188,0,10,4.736,421.6,1.9700,5.212,419.0,2.1800
43.861,44208,0,10,4.748,416.6,2.0020,5.216,409.3,2.1360
43.881,44228,0,10,4.748,418.2,1.9800,5.212,419.1,2.1860
43.902,44248,0,10,4.744,418.3,1.9820,5.216,410.7,2.1400
43.922,44268,0,10,4.772,414.2,1.9660,5.212,417.5,2.1760
43.943,44288,0,10,4.740,420.2,1.9660,5.216,410.0,2.1400
43.963,44308,0,10,4.736,416.3,1.9900,5.212,417.8,2.1720
43.983,44328,0,10,4.736,416.8,1.9720,5.216,410.0,2.1360
44.004,44348,0,10,4.736,415.9,1.9700,5.224,417.2,2.1720
44.024,44368,0,10,4.764,417.7,1.9820,5.212,416.3,2.1700
44.041,44388,0,10,4.724,426.2,1.9700,5.212,417.2,2.1660
44.062,44408,0,10,4.732,419.0,1.9860,5.212,409.1,2.1340
44.082,44428,0,10,4.740,421.7,1.9960,5.212,417.3,2.1760
44.102,44448,0,10,4.724,417.7,1.9760,5.216,409.4,2.1340
44.123,44468,0,10,4.716,418.6,1.9980,5.216,416.0,2.1660
44.143,44488,0,10,4.728,424.9,1.9960,5.216,409.5,2.1660
44.164,44508,0,10,4.728,417.4,1.9960,5.216,415.9,2.1660
44.184,44528,0,10,4.732,422.7,1.9980,5.216,409.3,2.1360
44.201,44548,0,10,4.732,422.7,2.0020,5.220,415.7,2.1660
44.221,44568,0,10,4.696,460.4,2.1760,5.204,417.7,2.1800
44.242,44588,0,10,4.724,417.9,1.9860,5.216,417.8,2.1660
44.262,44608,0,10,4.728,418.8,1.9960,5.216,408.6,2.1520
44.283,44628,0,10,4.732,418.7,1.9820,5.212,415.9,2.1700
44.303,44648,0,10,4.724,416.0,1.9720,5.212,458.2,2.3820
44.323,44668,0,10,4.724,460.3,2.1660,5.196,489.0,2.5460
44.344,44688,0,10,4.732,416.2,1.9960,5.208,456.7,2.3880
44.364,44708,0,10,4.728,422.5,1.9720,5.212,414.1,2.1600
44.381,44728,0,10,4.728,418.3,1.9820,5.212,409.8,2.1360
44.402,44748,0,10,4.728,417.1,1.9760,5.212,418.6,2.1820
44.422,44768,0,10,4.732,424.0,2.0080,5.212,423.4,2.2020
44.442,44788,0,10,4.736,417.6,1.9760,5.212,419.5,2.1720
44.463,44808,0,10,4.728,416.2,1.9920,5.216,408.9,2.1340
44.483,44828,0,10,4.728,421.1,1.9960,5.216,420.0,2.1920
44.504,44848,0,10,4.728,422.3,2.0020,5.220,410.2,2.1360
44.524,44868,0,10,4.728,416.3,1.9720,5.216,420.8,2.1920
44.541,44888,0,10,4.736,416.0,1.9960,5.216,409.7,2.1340
44.561,44908,0,10,4.724,419.4,1.9820,5.220,409.4,2.1760
44.582,44928,0,10,4.728,418.7,1.9820,5.216,410.5,2.1400
44.602,44948,0,10,4.736,422.0,1.9980,5.216,412.1,2.1460
44.623,44968,0,10,4.728,416.1,1.9720,5.216,413.5,2.1560
44.643,44988,0,10,4.732,417.0,1.9920,5.212,408.1,2.1260
44.663,45008,0,10,4.736,419.3,1.9760,5.216,409.8,2.1400
44.684,45028,0,10,4.736,416.8,1.9760,5.216,408.8,2.1340
44.704,45048,0,10,4.728,422.2,1.9980,5.216,409.4,2.1360
44.721,45068,0,10,4.724,417.4,1.9760,5.216,410.3,2.1400
44.741,45088,0,10,4.748,419.8,1.9920,5.216,409.7,2.1500
44.762,45108,0,10,4.740,421.7,1.9760,5.220,408.8,2.1400
44.782,45128,0,10,4.736,430.6,2.0420,5.216,408.8,2.1360
44.803,45148,0,10,4.728,416.7,1.9820,5.216,408.5,2.1300
44.823,45168,0,10,4.728,417.9,1.9820,5.212,409.3,2.1340
44.844,45188,0,10,4.780,412.2,2.0120,5.216,409.1,2.1340
44.864,45208,0,10,4.736,422.1,1.9980,5.212,409.0,2.1500
44.881,45228,0,10,4.728,421.1,1.9920,5.212,406.4,2.1160
44.901,45248,0,10,4.728,419.9,1.9960,5.212,409.3,2.1360
44.922,45268,0,10,4.732,421.7,2.0160,5.220,408.9,2.1300
44.942,45288,0,10,4.760,417.9,2.0020,5.220,408.4,2.1400
44.963,45308,0,10,4.736,417.7,2.0320,5.216,410.9,2.1360
44.983,45328,0,10,4.728,419.4,1.9900,5.216,408.7,2.1340
45.004,45348,0,10,4.728,420.1,2.0120,5.212,409.2,2.1340
45.024,45368,0,10,4.732,417.1,1.9860,5.212,409.3,2.1360
45.044,45388,0,10,4.708,458.6,2.0620,5.216,409.4,2.1440
45.062,45408,0,10,4.744,422.7,2.0180,5.216,408.9,2.1340
45.082,45428,0,10,4.712,451.3,2.1500,5.212,373.1,1.9500
45.102,45448,0,10,4.716,451.9,2.1440,5.212,409.3,2.1340
45.123,45468,0,10,4.720,451.6,2.1620,5.216,409.9,2.1360
45.143,45488,0,10,4.708,463.4,2.3460,5.208,449.8,2.1520
45.163,45508,0,10,4.772,417.9,2.0540,5.216,409.5,2.1400
45.184,45528,0,10,4.744,420.9,2.0020,5.216,410.7,2.1440
45.204,45548,0,10,4.740,415.9,1.9980,5.216,410.9,2.1440
45.221,45568,0,10,4.736,416.6,1.9960,5.216,414.3,2.1560
45.241,45588,0,10,4.736,416.8,2.0900,5.216,442.8,2.3460
45.262,45608,0,10,4.748,419.5,2.0220,5.216,415.3,2.1340
45.282,45628,0,10,4.732,416.7,1.9980,5.216,373.9,1.9540
45.303,45648,0,10,4.740,420.1,2.0580,5.200,465.2,2.4220
45.323,45668,0,10,4.740,418.1,2.0340,5.204,475.6,2.4740
45.343,45688,0,10,4.744,420.3,2.0280,5.212,415.5,2.1960
45.364,45708,0,10,4.756,415.1,2.0440,5.216,407.9,2.1200
45.384,45728,0,10,4.744,421.1,2.0580,5.212,367.4,1.9160
45.401,45748,0,10,4.736,422.2,2.0520,5.216,408.8,2.1300
45.422,45768,0,10,4.748,417.8,2.0320,5.216,422.0,2.1980
45.442,45788,0,10,4.740,422.3,2.0540,5.216,408.8,2.1920
45.463,45808,0,10,4.784,422.2,1.9860,5.212,415.3,2.1720
45.483,45828,0,10,4.732,418.8,2.0340,5.216,378.2,1.9720
45.503,45848,0,10,4.752,420.6,2.0520,5.216,417.3,2.1720
45.524,45868,0,10,4.744,421.2,2.0580,5.216,409.5,2.1340
45.544,45888,0,10,4.784,421.9,1.9700,5.212,417.0,2.1820
45.565,45908,0,10,4.864,414.6,2.0020,5.216,414.6,2.1400
45.581,45928,0,10,4.744,423.0,2.0680,5.216,366.7,1.9100
45.602,45948,0,10,4.796,417.8,1.9860,5.216,417.9,2.1800
45.622,45968,0,10,4.776,416.9,1.9820,5.216,415.6,2.1660
45.643,45988,0,10,4.844,416.6,2.0020,5.216,408.8,2.1300
45.663,46008,0,10,4.828,414.7,2.0060,5.216,417.7,2.1760
45.683,46028,0,10,4.800,419.4,1.9920,5.224,400.7,2.0900
45.704,46048,0,10,4.776,418.4,1.9900,5.216,416.0,2.1660
45.724,46068,0,10,4.784,597.4,3.1160,5.212,409.4,2.1360
45.741,46088,0,10,4.852,460.4,2.1980,5.216,418.3,2.1720
45.762,46108,0,10,4.944,458.9,2.1800,5.216,409.7,2.1360
45.782,46128,0,10,4.748,463.3,2.2020,5.216,367.4,1.9160
45.803,46148,0,10,4.824,461.6,2.1820,5.216,415.3,2.1660
45.823,46168,0,10,4.784,459.5,2.1720,5.216,417.5,2.1760
45.843,46188,0,10,4.884,460.3,2.1700,5.216,409.4,2.1360
45.864,46208,0,10,4.868,467.1,2.2020,5.216,420.2,2.1720
45.884,46228,0,10,4.804,463.3,2.1880,5.216,391.3,2.0380
45.905,46248,0,10,4.860,461.0,2.1800,5.216,417.5,2.1760
45.921,46268,0,10,4.868,459.9,2.1620,5.220,416.1,2.1700
45.942,46288,0,10,4.744,459.2,2.1800,5.216,417.6,2.1820
45.962,46308,0,10,4.832,461.3,2.1720,5.212,416.7,2.1260
45.983,46328,0,10,4.876,462.8,2.1820,5.216,415.9,2.1700
46.003,46348,0,10,4.844,460.3,2.1800,5.216,409.7,2.1360
46.024,46368,0,10,4.756,460.7,2.1760,5.212,412.7,2.1500
46.044,46388,0,10,4.832,462.0,2.1700,5.216,409.1,2.1700
46.065,46408,0,10,4.728,459.7,2.1700,5.212,449.2,2.3420
46.081,46428,0,10,4.868,460.9,2.1760,5.216,388.7,2.0260
46.101,46448,0,10,4.760,460.1,2.1700,5.216,408.7,2.1300
46.122,46468,0,10,4.852,460.0,2.1720,5.208,442.8,2.3060
46.142,46488,0,10,4.724,459.6,2.1660,5.208,442.0,2.3140
46.163,46508,0,10,4.724,460.7,2.1720,5.212,448.5,2.3820
46.183,46528,0,10,4.780,459.7,2.1700,5.212,442.8,2.3040
46.204,46548,0,10,4.724,460.1,2.1700,5.216,409.8,2.1360
46.224,46568,0,10,4.724,459.7,2.1600,5.212,409.5,2.1340
46.245,46588,0,10,4.720,461.0,2.1660,5.216,409.0,2.1360
46.262,46608,0,10,4.716,465.1,2.1700,5.216,409.9,2.1400
46.282,46628,0,10,4.728,458.9,2.1620,5.228,415.1,2.1660
46.302,46648,0,10,4.728,460.7,2.1700,5.212,461.0,2.3980
46.323,46668,0,10,4.720,459.4,2.1660,5.204,456.9,2.3780
46.343,46688,0,10,4.724,460.3,2.1720,5.216,408.0,2.1160
46.363,46708,0,10,4.720,459.5,2.1620,5.216,406.6,2.1140
46.384,46728,0,10,4.724,460.5,2.1720,5.216,408.3,2.1260
46.404,46748,0,10,4.724,459.2,2.1660,5.216,426.6,2.2240
46.421,46768,0,10,4.724,459.9,2.1620,5.216,410.6,2.1400
46.442,46788,0,10,4.716,460.8,2.1620,5.216,407.8,2.1360
46.462,46808,0,10,4.720,458.9,2.1620,5.216,409.7,2.1360
46.482,46828,0,10,4.724,461.2,2.1720,5.224,410.4,2.1400
46.503,46848,0,10,4.724,458.3,2.1600,5.216,408.4,2.1300
46.523,46868,0,10,4.720,458.1,2.1700,5.216,417.2,2.1760
46.544,46888,0,10,4.708,461.4,2.1760,5.212,409.4,2.1360
46.564,46908,0,10,4.716,457.7,2.1700,5.216,408.9,2.1400
46.585,46928,0,10,4.716,459.6,2.1660,5.220,411.3,2.1460
46.601,46948,0,10,4.716,459.7,2.1700,5.212,408.7,2.1340
46.622,46968,0,10,4.708,460.7,2.1560,5.220,408.7,2.1300
46.642,46988,0,10,4.716,459.6,2.1720,5.216,415.7,2.1760
46.663,47008,0,10,4.704,461.5,2.1760,5.212,409.1,2.0700
46.683,47028,0,10,4.716,458.5,2.1600,5.220,416.3,2.1720
46.704,47048,0,10,4.712,460.5,2.1700,5.216,410.5,2.1400
46.724,47068,0,10,4.708,459.4,2.1800,5.216,416.7,2.1720
46.744,47088,0,10,4.712,461.1,2.1700,5.216,408.8,2.1360
46.761,47108,0,10,4.708,459.8,2.1720,5.212,417.4,2.2120
46.782,47128,0,10,4.708,459.7,2.1620,5.220,406.9,2.1200
46.802,47148,0,10,4.708,465.7,2.1920,5.216,417.3,2.1760
46.823,47168,0,10,4.708,459.7,2.1660,5.216,409.5,2.1360
46.843,47188,0,10,4.712,460.1,2.1760,5.212,417.3,2.1760
46.863,47208,0,10,4.712,459.6,2.1720,5.216,407.2,2.0980
46.884,47228,0,10,4.708,460.5,2.1720,5.204,448.4,2.3360
46.904,47248,0,10,4.708,462.1,2.1800,5.216,409.3,2.1340
46.924,47268,0,10,4.712,457.5,2.1720,5.216,415.9,2.1660
46.941,47288,0,10,4.708,461.5,2.1800,5.212,410.5,2.1300
46.962,47308,0,10,4.712,462.0,2.1860,5.212,417.1,1.9200
46.982,47328,0,10,4.708,460.9,2.1760,5.224,422.3,2.1980
47.003,47348,0,10,4.708,459.7,2.1700,5.212,425.1,2.2160
47.023,47368,0,10,4.708,460.1,2.1700,5.216,409.2,2.1340
47.044,47388,0,10,4.708,460.2,2.1800,5.216,417.7,2.1800
47.064,47408,0,10,4.716,459.1,2.1660,5.216,410.1,2.1160
47.084,47428,0,10,4.708,461.6,2.1800,5.216,417.6,2.1760
47.101,47448,0,10,4.712,462.1,2.1800,5.216,409.1,2.1340
47.121,47468,0,10,4.708,457.7,2.1700,5.212,420.6,2.1920
47.142,47488,0,10,4.708,460.8,2.1760,5.216,406.4,2.1360
47.162,47508,0,10,4.712,459.8,2.1620,5.212,416.5,1.9160
47.183,47528,0,10,4.712,458.8,2.1620,5.220,410.0,2.1360
47.203,47548,0,10,4.712,461.4,2.1800,5.212,415.6,2.1660
47.224,47568,0,10,4.708,462.3,2.1720,5.216,408.8,2.1300
47.244,47588,0,10,4.708,459.3,2.1720,5.212,417.9,2.1800
47.265,47608,0,10,4.716,460.7,2.1820,5.212,409.6,1.9160
47.281,47628,0,10,4.712,459.5,2.1660,5.212,418.2,2.1800
47.302,47648,0,10,4.708,460.6,2.1800,5.204,462.3,2.4060
47.322,47668,0,10,4.708,461.4,2.1760,5.204,470.3,2.4480
47.343,47688,0,10,4.716,458.5,2.1800,5.208,455.7,2.3700
47.363,47708,0,10,4.716,461.4,2.1800,5.220,418.9,1.9460
47.383,47728,0,10,4.712,459.0,2.1660,5.216,409.3,2.1360
47.404,47748,0,10,4.704,460.2,2.1720,5.216,413.3,2.1520
47.425,47768,0,10,4.716,459.2,2.1760,5.216,408.7,2.1300
47.441,47788,0,10,4.716,461.2,2.1700,5.216,409.1,2.1400
47.461,47808,0,10,4.720,458.9,2.1700,5.216,408.6,1.9080
47.482,47828,0,10,4.712,459.5,2.1760,5.216,415.1,2.1620
47.503,47848,0,10,4.716,458.9,2.1700,5.216,411.7,2.1460
47.523,47868,0,10,4.716,459.6,2.1880,5.212,409.3,2.1340
47.543,47888,0,10,4.716,460.2,2.1700,5.216,409.7,2.1360
47.564,47908,0,10,4.720,460.6,2.1800,5.212,366.3,2.1340
47.584,47928,0,10,4.716,458.5,2.1620,5.216,410.0,2.1360
47.605,47948,0,10,4.716,460.8,2.1820,5.216,410.3,2.1400
47.621,47968,0,10,4.716,461.1,2.1820,5.216,409.6,2.1360
47.642,47988,0,10,4.716,459.3,2.2120,5.216,408.8,2.1360
47.662,48008,0,10,4.716,458.9,2.1660,5.216,408.4,1.8900
47.683,48028,0,10,4.716,459.3,2.1800,5.216,410.8,2.1400
47.703,48048,0,10,4.716,461.3,2.1820,5.208,414.8,2.1600
47.723,48068,0,10,4.716,458.7,2.2060,5.216,409.8,2.1360
47.744,48088,0,10,4.728,457.5,2.1860,5.212,409.3,2.1360
47.764,48108,0,10,4.724,458.9,2.1720,5.216,368.5,2.1300
47.785,48128,0,10,4.712,459.5,2.1760,5.216,409.1,2.1340
47.802,48148,0,10,4.716,460.2,2.2020,5.212,451.3,2.3500
47.822,48168,0,10,4.744,421.0,2.0520,5.216,410.5,2.1360
47.842,48188,0,10,4.740,420.9,2.1880,5.216,409.4,2.1360
47.863,48208,0,10,4.716,451.9,2.1660,5.224,360.7,2.1300
47.883,48228,0,10,4.716,453.3,2.1700,5.216,411.3,2.1460
47.904,48248,0,10,4.720,455.6,2.2220,5.216,416.3,2.1700
47.924,48268,0,10,4.720,451.1,2.1860,5.216,410.5,2.1400
47.945,48288,0,10,4.744,416.2,2.0440,5.216,414.8,2.1460
47.965,48308,0,10,4.744,417.2,1.9980,5.216,370.2,2.1240
47.985,48328,0,10,4.740,418.1,2.0440,5.216,408.5,2.1300
48.002,48348,0,10,4.732,417.2,2.0180,5.212,415.0,2.1620
48.023,48368,0,10,4.748,422.0,2.0380,5.216,409.3,2.1340
48.043,48388,0,10,4.744,417.0,2.0540,5.212,410.5,2.1460
48.063,48408,0,10,4.752,422.9,2.0640,5.224,365.4,2.1340
48.084,48428,0,10,4.736,421.6,2.0380,5.212,410.0,2.1360
48.104,48448,0,10,4.752,418.6,2.0440,5.212,410.4,2.1400
48.125,48468,0,10,4.780,418.9,1.9860,5.212,406.5,2.1200
48.145,48488,0,10,4.756,417.9,1.9920,5.216,415.4,2.1360
48.166,48508,0,10,4.744,418.1,2.0160,5.224,400.8,2.1260
48.182,48528,0,10,4.748,418.7,2.0480,5.212,420.3,2.1920
48.203,48548,0,10,4.780,421.8,2.0060,5.212,409.1,2.1340
48.223,48568,0,10,4.776,421.0,1.9900,5.212,417.5,2.1760
48.244,48588,0,10,4.820,416.6,2.0120,5.216,409.3,2.1340
48.264,48608,0,10,4.736,421.5,2.0640,5.220,370.2,2.1820
48.285,48628,0,10,4.772,417.1,1.9860,5.216,410.5,2.1400
48.305,48648,0,10,4.752,416.7,1.9820,5.200,469.1,2.4380
48.325,48668,0,10,4.856,420.2,1.9920,5.208,457.0,2.3780
48.343,48688,0,10,4.788,419.2,1.9920,5.204,463.0,2.4120
48.363,48708,0,10,4.776,417.2,1.9820,5.224,394.4,2.1300
48.383,48728,0,10,4.752,415.2,1.9820,5.212,417.5,2.1760
48.403,48748,0,10,4.820,420.9,2.0020,5.216,411.6,2.1440
48.424,48768,0,10,4.776,440.2,2.0160,5.212,425.6,2.2160
48.444,48788,0,10,4.892,416.3,1.9920,5.212,408.7,2.1440
48.465,48808,0,10,4.840,417.3,1.9820,5.216,417.6,2.1720
48.485,48828,0,10,4.804,417.2,1.9820,5.216,408.6,2.1300
48.506,48848,0,10,4.896,420.7,1.9960,5.216,415.7,2.1660
48.522,48868,0,10,4.876,461.9,2.1820,5.212,409.8,2.1360
48.543,48888,0,10,4.784,418.8,2.0060,5.212,423.6,2.1760
48.563,48908,0,10,4.868,418.7,1.9900,5.224,389.2,2.1300
48.584,48928,0,10,4.884,417.8,1.9820,5.212,416.1,2.1660
48.604,48948,0,10,4.892,421.4,2.0020,5.216,410.1,2.1360
48.624,48968,0,10,4.796,424.5,2.0740,5.200,457.1,2.3820
48.645,48988,0,10,4.872,421.3,1.9720,5.216,409.0,2.1440
48.665,49008,0,10,4.756,417.5,1.9800,5.220,424.9,2.1660
48.682,49028,0,10,4.864,417.6,1.9860,5.216,409.6,2.1360
48.702,49048,0,10,4.804,418.1,1.9820,5.212,416.7,2.1720
48.723,49068,0,10,4.876,420.8,1.9860,5.216,418.4,2.1800
48.743,49088,0,10,4.764,419.3,1.9920,5.212,419.5,2.1760
48.764,49108,0,10,4.756,417.2,1.9760,5.208,409.7,2.1340
48.784,49128,0,10,4.820,415.4,1.9700,5.216,426.7,2.2240
48.805,49148,0,10,4.752,421.1,1.9960,5.216,409.8,2.1360
48.825,49168,0,10,4.756,421.9,1.9800,5.212,419.4,2.1860
48.846,49188,0,10,4.748,421.0,1.9760,5.216,408.7,2.1260
48.862,49208,0,10,4.752,414.6,1.9660,5.220,410.1,2.1720
48.883,49228,0,10,4.744,422.7,1.9980,5.208,441.6,2.3000
48.903,49248,0,10,4.752,418.4,1.9820,5.208,448.0,2.3300
48.924,49268,0,10,4.744,417.0,1.9980,5.212,441.7,2.3000
48.944,49288,0,10,4.760,416.1,2.0020,5.212,443.4,2.3100
48.965,49308,0,10,4.736,420.9,1.9920,5.216,442.7,2.2980
48.985,49328,0,10,4.756,419.3,1.9900,5.216,409.5,2.1360
49.005,49348,0,10,4.740,421.2,1.9920,5.216,411.0,2.1440
49.022,49368,0,10,4.744,421.4,1.9920,5.216,415.7,2.1660
49.043,49388,0,10,4.756,414.8,1.9860,5.212,409.0,2.1300
49.063,49408,0,10,4.752,416.6,1.9720,5.220,410.8,2.1340
49.083,49428,0,10,4.744,415.7,1.9660,5.220,410.8,2.1440
49.104,49448,0,10,4.736,419.8,1.9860,5.212,408.4,2.1300
49.124,49468,0,10,4.740,418.8,1.9620,5.216,409.3,2.1360
49.145,49488,0,10,4.764,414.1,1.9760,5.212,417.3,2.0680
49.165,49508,0,10,4.736,416.7,1.9720,5.216,408.0,2.1300
49.185,49528,0,10,4.736,420.3,1.9920,5.216,409.0,2.1340
49.203,49548,0,10,4.740,421.9,1.9960,5.216,410.5,2.1360
49.223,49568,0,10,4.736,416.7,1.9820,5.216,408.6,2.1300
49.243,49588,0,10,4.756,418.7,1.9980,5.216,411.2,2.1360
49.264,49608,0,10,4.732,422.3,1.9980,5.216,415.3,2.1340
49.284,49628,0,10,4.740,420.7,1.9920,5.216,409.1,2.1340
49.304,49648,0,10,4.732,416.5,1.9700,5.212,463.0,2.4080
49.325,49668,0,10,4.736,417.2,1.9860,5.204,463.1,2.4080
49.345,49688,0,10,4.700,458.2,2.0320,5.208,456.0,2.3420
49.362,49708,0,10,4.740,421.6,1.9960,5.204,456.4,2.3860
49.383,49728,0,10,4.736,422.3,2.0020,5.212,409.4,2.1340
49.403,49748,0,10,4.728,418.4,1.9860,5.216,407.7,2.1240
49.423,49768,0,10,4.728,422.9,1.9800,5.220,409.6,2.1360
49.444,49788,0,10,4.712,457.9,2.1720,5.208,442.7,1.9080
49.465,49808,0,10,4.736,420.8,1.9920,5.212,410.3,2.1360
49.486,49828,0,10,4.728,417.4,1.9800,5.212,413.0,2.1520
49.505,49848,0,10,4.728,417.3,1.9760,5.200,470.1,2.4440
49.526,49868,0,10,4.732,418.4,1.9980,5.212,416.9,2.1720
49.542,49888,0,10,4.728,421.3,1.9860,5.212,421.7,2.3240
49.563,49908,0,10,4.728,418.4,1.9820,5.216,413.8,2.1360
49.583,49928,0,10,4.732,421.9,1.9980,5.216,415.2,2.1620
49.604,49948,0,10,4.732,419.8,1.9900,5.216,420.2,2.1880
49.624,49968,0,10,4.728,416.1,2.0020,5.212,408.8,2.1300
49.644,49988,0,10,4.728,422.8,1.9820,5.216,416.6,1.9760
49.665,50008,0,10,4.724,418.3,1.9820,5.216,409.8,2.1340
49.685,50028,0,10,4.736,421.8,1.9980,5.212,418.0,2.1800
49.702,50048,0,10,4.728,418.0,1.9820,5.216,410.5,2.1400
49.723,50068,0,10,4.732,416.4,1.9860,5.216,420.9,2.1920
49.743,50088,0,10,4.724,424.6,1.9760,5.216,408.9,1.9200
49.763,50108,0,10,4.732,421.8,1.9960,5.212,417.4,2.1720
49.784,50128,0,10,4.732,421.9,2.0020,5.212,410.1,2.1400
49.804,50148,0,10,4.728,416.9,1.9760,5.216,415.8,2.1660
49.825,50168,0,10,4.728,417.6,1.9980,5.216,409.3,2.1340
49.845,50188,0,10,4.740,417.0,1.9980,5.216,415.4,1.9540
49.866,50208,0,10,4.752,416.7,1.9800,5.212,409.1,2.1340
49.883,50228,0,10,4.724,417.2,1.9760,5.212,416.7,2.1720
49.903,50248,0,10,4.732,420.2,1.9920,5.212,408.8,2.1300
49.923,50268,0,10,4.732,421.9,1.9800,5.212,416.8,2.1720
49.944,50288,0,10,4.736,416.5,2.0080,5.212,409.5,1.8980
49.964,50308,0,10,4.764,415.2,1.9760,5.212,416.6,2.1920
49.985,50328,0,10,4.728,421.7,1.9980,5.216,409.0,2.1340
50.005,50348,0,10,4.728,418.5,1.9820,5.212,416.3,2.1700
50.025,50368,0,10,4.736,416.2,2.0160,5.216,407.3,2.1240
50.046,50388,0,10,4.732,422.5,2.0020,5.216,371.4,2.1660
50.063,50408,0,10,4.756,414.7,1.9800,5.216,409.9,2.1340
50.083,50428,0,10,4.728,419.7,1.9960,5.216,421.1,2.1960
50.103,50448,0,10,4.732,422.0,2.0020,5.216,408.9,2.1300
50.124,50468,0,10,4.744,417.4,1.9860,5.212,416.8,2.1720
50.144,50488,0,10,4.728,419.7,2.0020,5.216,407.9,1.8940
50.165,50508,0,10,4.708,425.7,2.0320,5.212,416.5,2.1660
50.185,50528,0,10,4.736,416.1,1.9760,5.216,411.2,2.1440
50.206,50548,0,10,4.736,423.0,2.0080,5.212,419.2,2.1860
50.222,50568,0,10,4.732,422.3,1.9800,5.216,409.5,2.1360
50.243,50588,0,10,4.744,415.0,2.0260,5.216,378.9,2.1660
50.263,50608,0,10,4.728,458.6,2.1600,5.204,459.8,2.1820
50.284,50628,0,10,4.740,422.3,2.0080,5.216,418.4,2.1800
50.304,50648,0,10,4.732,424.0,2.0180,5.204,461.5,2.4020
50.324,50668,0,10,4.732,417.5,2.0160,5.204,456.7,2.4380
50.345,50688,0,10,4.728,416.8,2.0180,5.216,406.9,1.8740
50.365,50708,0,10,4.736,432.0,2.0540,5.208,449.8,2.3520
50.386,50728,0,10,4.740,418.8,2.0120,5.216,408.3,2.1260
50.403,50748,0,10,4.732,420.4,2.0180,5.216,410.2,2.1360
50.423,50768,0,10,4.732,420.6,2.0480,5.216,413.7,2.1240
50.443,50788,0,10,4.736,421.3,2.0260,5.216,374.4,2.1300
50.464,50808,0,10,4.732,416.1,1.9980,5.212,413.9,2.2980
50.484,50828,0,10,4.732,420.8,2.0160,5.216,410.0,2.1360
50.505,50848,0,10,4.740,417.3,2.0320,5.216,409.9,2.1360
50.525,50868,0,10,4.736,421.7,2.0180,5.216,409.8,2.1360
50.546,50888,0,10,4.736,417.4,2.0520,5.224,360.2,2.1340
50.562,50908,0,10,4.728,416.0,1.9920,5.216,410.8,2.1400
50.583,50928,0,10,4.732,416.8,2.0280,5.212,415.7,2.1660
50.603,50948,0,10,4.736,422.6,2.0180,5.220,409.3,2.1340
50.624,50968,0,10,4.720,451.7,2.2020,5.216,410.1,2.1340
50.644,50988,0,10,4.720,452.4,2.2060,5.216,377.6,2.0940
50.664,51008,0,10,4.720,453.9,2.1960,5.216,410.6,2.1340
50.685,51028,0,10,4.736,458.2,2.2280,5.212,412.2,2.1500
50.705,51048,0,10,4.748,416.8,2.0640,5.216,410.1,2.1360
50.726,51068,0,10,4.772,423.1,1.9860,5.216,421.2,2.1500
50.743,51088,0,10,4.760,418.4,2.0160,5.220,359.6,2.1400
50.763,51108,0,10,4.744,420.1,2.0480,5.216,408.5,2.1360
50.783,51128,0,10,4.760,430.0,2.1100,5.216,411.6,2.1460
50.804,51148,0,10,4.788,418.6,1.9800,5.216,411.5,2.1460
50.824,51168,0,10,4.756,422.5,2.0120,5.212,409.0,2.1260
50.845,51188,0,10,4.796,416.1,2.0060,5.224,395.6,2.1340
50.865,51208,0,10,4.736,416.8,2.0380,5.216,408.6,2.1400
50.886,51228,0,10,4.808,416.1,1.9900,5.212,408.7,2.1340
50.902,51248,0,10,4.748,418.2,2.0420,5.216,410.5,2.1400
50.923,51268,0,10,4.800,419.5,1.9760,5.220,413.7,2.1400
50.943,51288,0,10,4.796,423.9,2.1360,5.220,363.5,2.1300
50.964,51308,0,10,4.744,465.0,2.2060,5.216,409.9,2.1340
50.984,51328,0,10,4.736,459.5,2.2180,5.216,416.6,2.1700
51.004,51348,0,10,4.780,461.5,2.1700,5.212,409.3,2.1360
51.025,51368,0,10,4.876,458.9,2.1760,5.216,417.4,2.1340
51.045,51388,0,10,4.848,458.7,2.1700,5.228,399.4,2.1440
51.066,51408,0,10,4.796,458.9,2.1700,5.212,416.0,2.1240
51.083,51428,0,10,4.784,459.4,2.1760,5.212,408.0,2.1240
51.103,51448,0,10,4.872,460.3,2.1760,5.212,415.5,2.1660
51.123,51468,0,10,4.848,459.4,2.1820,5.216,409.5,2.1340
51.144,51488,0,10,4.848,460.3,2.1700,5.216,416.4,2.1760
51.164,51508,0,10,4.776,459.4,2.1700,5.216,416.4,2.1240
51.185,51528,0,10,4.876,458.2,2.1660,5.200,456.7,2.3760
51.205,51548,0,10,4.828,461.8,2.1760,5.216,409.6,2.1360
51.226,51568,0,10,4.864,459.3,2.1700,5.212,417.3,2.1700
51.243,51588,0,10,4.880,462.2,2.1720,5.224,386.3,2.1300
51.263,51608,0,10,4.876,461.0,2.1820,5.216,417.2,2.1720
51.283,51628,0,10,4.820,461.2,2.1820,5.216,424.0,2.2080
51.304,51648,0,10,4.876,458.3,2.1720,5.204,472.0,2.4480
51.324,51668,0,10,4.728,461.3,2.1720,5.204,458.7,2.3820
51.345,51688,0,10,4.732,459.6,2.1660,5.212,467.2,2.4120
51.365,51708,0,10,4.808,461.3,2.1720,5.204,455.4,2.3780
51.385,51728,0,10,4.876,459.1,2.1700,5.212,419.0,2.1820
51.406,51748,0,10,4.728,458.6,2.1760,5.212,409.3,2.1360
51.422,51768,0,10,4.736,460.3,2.1660,5.212,417.5,2.1720
51.443,51788,0,10,4.724,460.6,2.1720,5.216,408.2,2.1340
51.463,51808,0,10,4.864,460.5,2.1720,5.212,416.6,2.1760
51.484,51828,0,10,4.724,460.6,2.1720,5.216,411.2,2.1460
51.504,51848,0,10,4.748,463.8,2.1720,5.212,418.6,2.1820
51.525,51868,0,10,4.728,459.6,2.1560,5.216,410.4,2.1260
51.545,51888,0,10,4.728,460.6,2.1660,5.216,415.9,2.1700
51.566,51908,0,10,4.724,459.5,2.1620,5.216,409.4,2.1360
51.582,51928,0,10,4.760,460.2,2.1700,5.212,416.2,2.1700
51.603,51948,0,10,4.728,461.0,2.1820,5.216,409.4,2.1340
51.623,51968,0,10,4.724,460.4,2.1620,5.212,420.2,2.1960
51.644,51988,0,10,4.720,460.5,2.1700,5.216,409.2,2.1360
51.664,52008,0,10,4.720,459.1,2.1620,5.204,452.7,2.3500
51.684,52028,0,10,4.724,460.3,2.1700,5.208,442.2,2.3040
51.705,52048,0,10,4.716,459.0,2.1660,5.212,453.0,2.3560
51.725,52068,0,10,4.728,458.5,2.1660,5.208,442.8,2.2980
51.746,52088,0,10,4.716,461.8,2.1620,5.212,415.2,2.1820
51.762,52108,0,10,4.720,458.2,2.1600,5.216,408.4,2.1300
51.783,52128,0,10,4.720,459.7,2.1660,5.212,409.9,2.1360
51.803,52148,0,10,4.724,460.4,2.1700,5.216,410.0,2.1360
51.824,52168,0,10,4.716,461.0,2.1700,5.212,409.7,2.0680
51.844,52188,0,10,4.720,458.6,2.1600,5.212,410.3,2.1360
51.865,52208,0,10,4.720,459.4,2.1660,5.212,414.1,2.1360
51.885,52228,0,10,4.724,463.7,2.1820,5.212,409.5,2.1340
51.906,52248,0,10,4.712,459.0,2.2080,5.216,408.1,2.1300
51.922,52268,0,10,4.720,458.6,2.1620,5.216,410.5,2.1300
51.943,52288,0,10,4.712,462.0,2.1700,5.216,409.3,2.1340
51.963,52308,0,10,4.708,459.7,2.1700,5.212,409.6,2.1360
51.984,52328,0,10,4.712,460.1,2.1700,5.212,413.8,2.1560
52.004,52348,0,10,4.708,460.7,2.1720,5.212,416.2,2.1700
