host_s,ms,window,wtrans,V1,I1_mA,P1_W,V2,I2_mA,P2_W
0.011,368,0,0,4.896,421.4,2.0060,5.212,426.1,2.3340
0.028,388,0,0,4.892,415.1,1.9760,5.220,410.5,2.1400
0.048,408,0,0,4.832,421.7,1.9760,5.216,408.8,2.1340
0.068,428,0,0,4.900,417.1,1.9820,5.216,409.4,2.1360
0.089,448,0,0,4.760,421.9,2.0080,5.216,410.5,2.1460
0.109,468,0,0,4.780,420.2,1.9980,5.216,411.5,2.0120
0.130,488,0,0,4.864,420.2,1.9960,5.228,418.8,2.1820
0.150,508,0,0,4.764,419.5,1.9960,5.216,409.1,2.1340
0.171,528,0,0,4.764,415.3,2.0180,5.216,409.4,2.1360
0.191,548,0,0,4.760,421.8,2.0060,5.216,408.5,2.1360
0.208,568,0,0,4.888,438.4,2.0900,5.216,409.2,2.1260
0.228,588,0,0,4.776,421.4,2.0020,5.220,409.4,2.1360
0.249,608,0,0,4.760,415.5,2.0020,5.216,417.7,2.1800
0.269,628,0,0,4.756,415.7,2.0120,5.216,410.5,2.1400
0.290,648,0,0,4.752,451.3,2.1400,5.216,409.0,2.1340
0.310,668,0,0,4.748,449.9,2.1300,5.216,409.5,2.0160
0.330,688,0,0,4.792,448.2,2.1340,5.228,410.4,2.1400
0.351,708,0,0,4.748,451.3,2.1240,5.212,409.2,2.1340
0.368,728,0,0,4.788,412.6,1.9960,5.216,419.2,2.1860
0.388,748,0,0,4.756,415.0,1.9700,5.212,408.4,2.1440
0.409,768,0,0,4.792,415.2,1.9760,5.212,416.3,2.1300
0.429,788,0,0,4.796,419.1,1.9980,5.224,409.6,2.1360
0.450,808,0,0,4.756,415.2,1.9980,5.216,410.4,2.1400
0.470,828,0,0,4.756,421.2,1.9720,5.216,408.9,2.1300
0.490,848,0,0,4.760,417.8,1.9820,5.212,423.8,2.1500
0.511,868,0,0,4.756,421.4,1.9980,5.216,409.9,2.0380
0.531,888,0,0,4.780,418.7,1.9980,5.212,417.5,2.1760
0.548,908,0,0,4.752,415.9,1.9920,5.216,407.0,2.1200
0.569,928,0,0,4.748,419.7,1.9900,5.212,417.4,2.1760
0.589,948,0,0,4.768,421.8,2.0020,5.216,409.8,2.1340
0.609,968,0,0,4.752,416.0,1.9760,5.216,422.5,1.9160
0.630,988,0,0,4.720,458.8,2.1720,5.216,416.2,2.1700
0.650,1008,0,0,4.748,422.2,1.9800,5.216,417.3,2.1760
0.670,1028,0,0,4.756,422.2,1.9700,5.216,410.2,2.1360
0.691,1048,0,0,4.748,417.0,1.9800,5.212,415.7,2.1720
0.708,1068,0,0,4.756,417.4,1.9820,5.216,409.6,2.0680
0.728,1088,0,0,4.748,460.8,2.1720,5.204,458.6,2.3920
0.749,1108,0,0,4.744,418.4,1.9700,5.204,461.6,2.4020
0.769,1128,0,0,4.752,421.8,1.9800,5.220,413.3,2.1620
0.790,1148,0,0,4.752,419.4,1.9920,5.220,407.5,2.1240
0.810,1168,0,0,4.748,417.5,1.9820,5.216,419.5,1.9160
0.830,1188,0,0,4.748,421.5,1.9960,5.216,453.9,2.3620
0.851,1208,0,0,4.744,417.0,2.0020,5.216,417.3,2.1760
0.871,1228,0,0,4.740,419.1,1.9800,5.216,409.8,2.1360
0.892,1248,0,0,4.752,422.1,2.0060,5.216,416.7,2.1760
0.912,1268,0,0,4.744,415.2,1.9720,5.216,399.8,1.9720
0.929,1288,0,0,4.752,419.2,1.9920,5.200,489.3,2.5420
0.949,1308,0,0,4.748,415.4,1.9960,5.216,418.8,2.1820
0.970,1328,0,0,4.744,419.5,1.9700,5.216,417.2,2.1760
0.990,1348,0,0,4.748,414.7,1.9660,5.216,410.3,2.1440
1.010,1368,0,0,4.756,420.9,1.9980,5.212,417.6,1.9160
1.031,1388,0,0,4.744,416.1,1.9760,5.224,412.4,2.1500
1.051,1408,0,0,4.752,418.6,1.9960,5.216,419.6,2.1860
1.072,1428,0,0,4.744,419.3,2.0060,5.216,409.6,2.1500
1.092,1448,0,0,4.744,415.5,1.9800,5.220,419.5,2.1700
1.109,1468,0,0,4.744,415.3,1.9720,5.216,403.0,1.9600
1.130,1488,0,0,4.740,415.6,1.9760,5.216,421.4,2.1960
1.150,1508,0,0,4.760,418.5,1.9980,5.216,411.2,2.1440
1.170,1528,0,0,4.744,418.8,1.9720,5.216,410.4,2.1880
1.191,1548,0,0,4.744,416.9,1.9800,5.216,408.5,2.1500
1.211,1568,0,0,4.740,416.9,1.9860,5.220,362.6,2.1820
1.232,1588,0,0,4.744,421.8,2.0060,5.220,410.2,2.1360
1.252,1608,0,0,4.776,413.8,1.9820,5.216,409.3,2.1360
1.269,1628,0,0,4.744,416.2,1.9820,5.216,409.4,2.1360
1.289,1648,0,0,4.744,422.9,2.0080,5.220,409.8,2.1340
1.310,1668,0,0,4.748,420.6,1.9980,5.216,406.0,1.9600
1.330,1688,0,0,4.744,415.8,1.9760,5.212,441.2,2.2980
1.350,1708,0,0,4.776,420.2,1.9920,5.212,442.5,2.3040
1.371,1728,0,0,4.740,419.9,1.9800,5.212,442.5,2.3000
1.392,1748,0,0,4.748,420.7,1.9980,5.208,442.7,2.3060
1.412,1768,0,0,4.748,420.3,1.9920,5.216,362.7,2.1300
1.432,1788,0,0,4.748,420.4,1.9980,5.220,412.4,2.1500
1.449,1808,0,0,4.720,453.5,2.0220,5.216,409.8,2.1360
1.469,1828,0,0,4.748,416.0,1.9800,5.216,409.8,2.1360
1.490,1848,0,0,4.748,416.2,1.9760,5.216,409.2,2.1360
1.510,1868,0,0,4.740,421.5,2.0060,5.224,367.9,2.1260
1.531,1888,0,0,4.744,421.6,2.0060,5.220,410.2,2.1400
1.551,1908,0,0,4.720,461.1,2.1800,5.208,415.1,2.1620
1.572,1928,0,0,4.740,420.8,1.9820,5.216,409.5,2.1260
1.592,1948,0,0,4.740,422.8,2.0160,5.216,410.6,2.1360
1.609,1968,0,0,4.740,423.8,2.0180,5.216,360.5,2.1440
1.629,1988,0,0,4.744,415.6,1.9900,5.220,409.5,2.1360
1.650,2008,0,0,4.740,416.2,2.0280,5.212,453.5,2.3620
1.670,2028,0,0,4.748,421.8,1.9800,5.216,412.3,2.1460
1.690,2048,0,0,4.748,420.5,1.9980,5.220,409.1,2.1360
1.711,2068,0,0,4.748,419.8,1.9960,5.220,363.0,2.1340
1.731,2088,0,0,4.744,420.6,1.9720,5.216,409.0,2.1340
1.752,2108,0,0,4.756,417.1,1.9760,5.204,477.0,2.4840
1.773,2128,0,0,4.752,414.4,1.9980,5.208,460.6,2.3760
1.792,2148,0,0,4.740,415.4,1.9760,5.212,412.9,2.1400
1.810,2168,0,0,4.748,420.9,2.0020,5.224,410.4,2.1340
1.830,2188,0,0,4.752,416.3,1.9980,5.212,412.5,2.1500
1.850,2208,0,0,4.752,417.7,1.9960,5.216,417.5,2.1760
1.871,2228,0,0,4.752,415.5,1.9980,5.208,466.4,2.4240
1.891,2248,0,0,4.748,420.1,1.9980,5.208,459.4,2.3880
1.911,2268,0,0,4.748,420.7,2.0020,5.212,425.9,2.4320
1.932,2288,0,0,4.748,416.1,1.9860,5.220,410.0,2.1400
1.949,2308,0,0,4.760,413.1,1.9920,5.216,416.1,2.1700
1.969,2328,0,0,4.752,419.0,1.9820,5.216,408.0,2.1360
1.990,2348,0,0,4.748,421.9,2.0080,5.216,418.3,2.1720
2.010,2368,0,0,4.748,416.1,1.9820,5.224,408.1,2.1360
2.031,2388,0,0,4.744,417.5,2.0160,5.216,416.5,2.1700
2.051,2408,0,0,4.744,417.0,2.0060,5.216,411.3,2.1460
2.071,2428,0,0,4.768,414.1,2.0180,5.216,416.2,2.1800
2.092,2448,0,0,4.752,415.8,1.9800,5.216,409.9,2.1360
2.112,2468,0,0,4.748,421.1,2.0160,5.212,417.0,2.1720
2.129,2488,0,0,4.748,415.6,2.0080,5.216,410.5,2.1400
2.149,2508,0,0,4.752,423.2,2.0580,5.216,417.7,2.1760
2.170,2528,0,0,4.792,418.0,1.9980,5.212,409.1,2.1300
2.190,2548,0,0,4.752,415.8,1.9900,5.216,417.3,2.1760
2.211,2568,0,0,4.792,423.4,2.0260,5.224,402.4,2.1300
2.231,2588,0,0,4.748,426.4,2.0580,5.216,416.4,2.1700
2.251,2608,0,0,4.748,420.3,2.0080,5.216,410.7,2.1400
2.272,2628,0,0,4.776,419.7,2.0540,5.216,422.9,2.1700
2.289,2648,0,0,4.748,419.8,1.9980,5.216,408.6,2.1340
2.309,2668,0,0,4.748,416.6,2.0060,5.216,416.4,2.1820
2.330,2688,0,0,4.748,421.5,1.9980,5.220,410.8,2.1440
2.350,2708,0,0,4.752,415.2,2.0520,5.216,416.0,2.1700
2.371,2728,0,0,4.736,459.0,2.0980,5.216,409.3,2.1400
2.391,2748,0,0,4.752,421.4,2.0280,5.216,423.7,2.1860
2.411,2768,0,0,4.752,415.8,2.0280,5.212,408.5,2.1360
2.432,2788,0,0,4.756,421.2,2.0220,5.216,416.8,2.1720
2.452,2808,0,0,4.760,415.7,2.0440,5.216,409.9,2.1340
2.469,2828,0,0,4.752,426.0,2.1880,5.204,460.3,2.3820
2.489,2848,0,0,4.752,415.5,2.0340,5.216,409.3,2.1300
2.510,2868,0,0,4.752,416.2,2.0180,5.220,424.1,2.1860
2.530,2888,0,0,4.756,416.4,2.0580,5.216,409.4,2.1340
2.551,2908,0,0,4.756,416.5,2.0680,5.216,418.1,2.1800
2.571,2928,0,0,4.768,416.9,1.9860,5.212,418.8,2.3300
2.591,2948,0,0,4.756,416.9,2.0160,5.216,409.7,2.1600
2.612,2968,0,0,4.764,418.7,2.0520,5.220,410.4,2.1360
2.629,2988,0,0,4.752,421.0,2.0420,5.216,415.5,2.1660
2.649,3008,0,0,4.764,415.8,2.0080,5.216,409.1,2.1340
2.670,3028,0,0,4.824,419.8,1.9760,5.216,409.5,2.1460
2.690,3048,0,0,4.764,417.0,2.0480,5.216,409.1,2.1260
2.711,3068,0,0,4.780,418.6,1.9980,5.216,409.5,2.1300
2.731,3088,0,0,4.760,414.9,2.0220,5.216,409.6,2.1360
2.752,3108,0,0,4.808,421.1,1.9860,5.204,463.3,2.4120
2.772,3128,0,0,4.800,421.2,1.9860,5.216,407.8,2.1340
2.792,3148,0,0,4.772,419.8,2.0020,5.208,460.0,2.2320
2.809,3168,0,0,4.764,422.1,2.0380,5.216,409.1,2.1400
2.830,3188,0,0,4.808,418.4,1.9820,5.216,409.1,2.1340
2.851,3208,0,0,4.788,414.6,2.0020,5.216,413.9,2.1560
2.871,3228,0,0,4.880,417.3,1.9820,5.208,457.9,2.3920
2.891,3248,0,0,4.780,415.8,2.0180,5.216,407.8,2.1400
2.911,3268,0,0,4.800,422.0,2.0160,5.216,409.3,2.1360
2.932,3288,0,0,4.780,421.4,1.9800,5.216,417.5,2.1800
2.952,3308,0,0,4.864,417.0,1.9760,5.216,410.7,2.1400
2.969,3328,0,0,4.812,423.2,1.9960,5.220,409.4,2.1620
2.989,3348,0,0,4.828,415.5,1.9900,5.216,409.8,2.0320
3.010,3368,0,0,4.896,415.8,1.9820,5.216,409.6,2.1440
3.030,3388,0,0,4.844,420.1,1.9860,5.216,409.2,2.1340
3.051,3408,0,0,4.880,452.4,2.1400,5.216,409.3,2.1340
3.071,3428,0,0,4.896,456.2,2.1660,5.216,410.8,2.1460
3.091,3448,0,0,4.876,450.9,2.1560,5.212,412.4,1.8740
3.112,3468,0,0,4.816,452.3,2.1460,5.216,409.2,2.1360
3.132,3488,0,0,4.892,451.6,2.1300,5.212,410.1,2.1360
3.149,3508,0,0,4.900,415.4,2.0020,5.216,409.3,2.1360
3.170,3528,0,0,4.796,419.4,1.9960,5.220,410.8,2.1300
3.190,3548,0,0,4.780,460.7,2.1820,5.216,411.5,2.0420
3.210,3568,0,0,4.916,419.2,1.9960,5.216,414.3,2.1340
3.231,3588,0,0,4.896,421.9,2.0020,5.216,411.1,2.1400
3.251,3608,0,0,4.820,415.8,2.0020,5.216,409.8,2.1360
3.271,3628,0,0,4.896,418.8,1.9980,5.216,408.9,2.1340
3.292,3648,0,0,4.892,456.1,2.1600,5.208,450.6,1.9260
3.312,3668,0,0,4.764,420.5,1.9980,5.216,409.9,2.1360
3.329,3688,0,0,4.852,421.0,1.9820,5.216,421.4,2.1960
3.350,3708,0,0,4.760,415.2,1.9920,5.216,410.0,2.1400
3.370,3728,0,0,4.768,420.3,1.9920,5.216,416.5,2.1800
3.390,3748,0,0,4.788,422.2,2.0020,5.212,438.2,2.2020
3.411,3768,0,0,4.876,415.6,1.9800,5.212,417.1,2.1720
3.431,3788,0,0,4.764,417.4,2.0020,5.216,410.1,2.1360
3.452,3808,0,0,4.764,419.1,1.9960,5.212,420.4,2.1920
3.472,3828,0,0,4.760,415.6,1.9900,5.216,409.6,2.1400
3.489,3848,0,0,4.892,416.1,1.9800,5.216,414.8,1.9700
3.509,3868,0,0,4.768,421.0,2.0020,5.216,410.8,2.1360
3.530,3888,0,0,4.768,420.2,1.9960,5.208,417.3,2.1760
3.550,3908,0,0,4.760,419.5,1.9900,5.216,409.8,2.1360
3.571,3928,0,0,4.768,419.8,1.9900,5.216,416.6,2.1880
3.591,3948,0,0,4.764,417.4,1.9820,5.212,401.2,1.9620
3.611,3968,0,0,4.788,421.2,2.0020,5.212,416.5,2.1760
3.632,3988,0,0,4.760,419.0,1.9760,5.216,410.4,2.1400
3.653,4008,0,0,4.752,420.5,1.9900,5.216,416.7,2.1720
3.669,4028,0,0,4.756,421.1,1.9800,5.216,410.1,2.1340
3.690,4048,0,0,4.760,415.2,1.9720,5.212,371.6,2.1760
3.710,4068,0,0,4.772,420.7,1.9980,5.216,409.1,2.1360
3.730,4088,0,0,4.752,422.0,1.9720,5.212,417.5,2.1760
3.751,4108,0,0,4.756,420.4,1.9720,5.204,467.7,2.4340
3.771,4128,0,0,4.756,420.4,1.9860,5.208,465.5,2.4120
3.792,4148,0,0,4.760,416.7,1.9820,5.208,456.1,2.1700
3.812,4168,0,0,4.780,419.0,1.9960,5.216,416.9,2.1800
3.829,4188,0,0,4.748,418.4,1.9800,5.216,409.1,2.1340
3.849,4208,0,0,4.744,417.0,1.9720,5.216,434.0,2.2620
3.870,4228,0,0,4.756,415.9,1.9920,5.208,457.7,2.3820
3.890,4248,0,0,4.752,421.8,2.0080,5.208,422.4,2.4120
3.911,4268,0,0,4.788,419.8,2.0060,5.204,465.7,2.3880
3.931,4288,0,0,4.748,415.9,1.9820,5.216,420.1,2.1880
3.952,4308,0,0,4.744,421.3,1.9720,5.216,410.0,2.1360
3.972,4328,0,0,4.744,421.3,1.9820,5.216,407.4,2.1880
3.992,4348,0,0,4.748,427.6,2.0320,5.224,369.0,2.1360
4.009,4368,0,0,4.728,503.4,2.3620,5.216,410.2,2.1800
4.030,4388,0,0,4.656,611.3,2.7560,5.216,410.0,2.1360
4.050,4408,0,0,4.852,453.3,2.1960,5.216,410.1,2.1360
4.071,4428,0,0,4.724,461.9,2.1980,5.216,411.9,2.1360
4.091,4448,0,0,4.700,574.7,2.7000,5.212,398.5,2.3160
4.112,4468,0,0,4.860,453.3,2.2060,5.212,446.7,2.3060
4.132,4488,0,0,4.748,461.7,2.2120,5.212,443.3,2.3100
4.152,4508,0,0,4.720,465.3,2.1960,5.208,441.5,2.3000
4.169,4528,0,0,4.728,460.2,2.1960,5.216,408.8,2.1340
4.189,4548,0,0,4.716,484.4,2.3200,5.224,363.3,2.1260
4.210,4568,0,0,4.668,675.6,3.1560,5.208,450.7,2.3420
4.230,4588,0,0,4.740,461.9,2.1920,5.216,409.7,2.1360
4.251,4608,0,0,4.680,584.5,2.8860,5.216,410.5,2.1360
4.271,4628,0,0,4.684,623.9,2.8840,5.216,415.4,2.1400
4.292,4648,0,0,4.672,602.9,2.8220,5.224,411.9,2.1400
4.312,4668,0,0,4.688,624.9,2.9160,5.212,415.3,2.2680
4.332,4688,0,0,4.664,586.9,2.7600,5.216,409.1,2.1340
4.349,4708,0,0,4.668,601.8,2.8240,5.216,410.2,2.1400
4.370,4728,0,0,4.664,622.2,2.9040,5.216,409.7,2.1340
4.390,4748,0,0,4.652,620.3,2.8960,5.220,369.2,2.1300
4.411,4768,0,0,4.664,622.4,2.9060,5.216,408.6,2.1440
4.431,4788,0,0,4.656,622.3,2.9200,5.216,410.0,2.1400
4.451,4808,0,0,4.796,456.9,2.1600,5.216,409.8,2.1360
4.472,4828,0,0,4.700,603.9,2.8240,5.216,409.5,2.1360
4.492,4848,0,0,4.660,685.7,3.1720,5.224,407.0,2.1360
4.509,4868,0,0,4.748,470.2,2.2320,5.216,415.1,2.1340
4.529,4888,0,0,4.736,463.1,2.1960,5.216,409.9,2.1360
4.550,4908,0,0,4.724,477.1,2.2320,5.216,409.2,2.1340
4.570,4928,0,0,4.876,468.7,2.2840,5.216,409.4,2.1340
4.591,4948,0,0,4.860,459.3,2.2320,5.216,407.9,2.1340
4.611,4968,0,0,4.868,463.2,2.2580,5.212,409.6,2.1340
4.631,4988,0,0,4.852,465.1,2.2440,5.216,409.3,2.1360
4.652,5008,0,0,4.852,460.4,2.2340,5.216,408.2,2.1300
4.672,5028,0,0,4.860,458.8,2.2280,5.212,416.3,2.1400
4.689,5048,0,0,4.848,457.0,2.2220,5.228,402.6,2.1440
4.710,5068,0,0,4.856,460.2,2.2380,5.212,417.6,2.1400
4.730,5088,0,0,4.856,457.7,2.2380,5.216,408.8,2.1340
4.751,5108,0,0,4.856,455.9,2.2380,5.204,472.2,2.4580
4.771,5128,0,0,4.856,457.3,2.2220,5.216,414.2,2.2240
4.791,5148,0,0,4.856,458.3,2.2280,5.216,415.0,2.1560
4.812,5168,0,0,4.852,462.5,2.2480,5.212,409.0,2.1300
4.832,5188,0,0,4.856,459.5,2.2380,5.212,417.1,2.1720
4.849,5208,0,0,4.852,459.1,2.2320,5.216,412.4,2.1460
4.869,5228,0,0,4.856,459.0,2.2320,5.204,466.2,2.4240
4.890,5248,0,0,4.852,457.8,2.2280,5.224,399.4,2.1360
4.910,5268,0,0,4.856,463.3,2.2520,5.216,417.1,2.1760
4.931,5288,0,0,4.856,459.5,2.2480,5.216,409.5,2.1360
4.951,5308,0,0,4.856,458.2,2.2340,5.216,416.2,2.1700
4.972,5328,0,0,4.856,459.9,2.2380,5.216,414.1,2.1340
4.992,5348,0,0,4.852,457.8,2.2240,5.216,414.9,2.1720
5.013,5368,0,0,4.860,458.3,2.2320,5.216,409.3,2.1340
5.029,5388,0,0,4.856,461.0,2.2520,5.208,456.7,2.3780
5.050,5408,0,0,4.856,458.5,2.2340,5.216,408.2,2.1300
5.070,5428,0,0,4.856,460.9,2.2420,5.216,420.0,2.1760
5.091,5448,0,0,4.860,459.4,2.2340,5.216,410.8,2.1360
5.111,5468,0,0,4.860,458.1,2.2320,5.216,417.2,2.1720
5.132,5488,0,0,4.856,460.0,2.2340,5.212,450.2,2.3420
5.152,5508,0,0,4.860,458.8,2.2380,5.212,417.6,2.1760
5.172,5528,0,0,4.860,457.0,2.2220,5.216,413.3,2.1340
5.189,5548,0,0,4.860,456.7,2.2180,5.220,419.5,2.1720
5.209,5568,0,0,4.860,460.4,2.2480,5.216,413.2,2.1560
5.230,5588,0,0,4.860,457.5,2.2480,5.216,421.0,2.1960
5.250,5608,0,0,4.860,460.3,2.2420,5.216,411.5,2.1460
5.271,5628,0,0,4.856,458.8,2.2380,5.216,418.8,2.0160
5.291,5648,0,0,4.864,461.0,2.2440,5.220,411.2,2.1360
5.312,5668,0,0,4.860,457.8,2.2340,5.212,421.1,2.1960
5.332,5688,0,0,4.860,457.6,2.2440,5.216,413.3,2.1560
5.353,5708,0,0,4.860,464.8,2.2540,5.216,420.5,2.1920
5.369,5728,0,0,4.860,458.6,2.2340,5.220,408.0,2.1360
5.390,5748,0,0,4.860,455.8,2.2240,5.216,412.4,2.1880
5.410,5768,0,0,4.856,460.4,2.2520,5.216,409.6,2.1360
5.431,5788,0,0,4.860,461.0,2.2480,5.216,410.1,2.1360
5.451,5808,0,0,4.860,457.9,2.2420,5.220,413.1,2.1520
5.471,5828,0,0,4.860,458.5,2.2420,5.216,411.1,1.9900
5.492,5848,0,0,4.860,459.8,2.2420,5.220,408.6,2.1360
5.512,5868,0,0,4.860,460.5,2.2520,5.216,410.1,2.1400
5.529,5888,0,0,4.860,458.9,2.2380,5.216,407.2,2.1240
5.549,5908,0,0,4.860,460.9,2.2700,5.216,409.8,2.1360
5.570,5928,0,0,4.864,459.2,2.2580,5.212,412.1,1.8940
5.590,5948,0,0,4.860,458.8,2.2420,5.220,409.7,2.1300
5.611,5968,0,0,4.868,458.3,2.2640,5.216,409.8,2.1400
5.631,5988,0,0,4.860,458.9,2.2680,5.216,408.8,2.1340
5.652,6008,0,0,4.876,457.5,2.2700,5.216,409.8,2.1360
5.672,6028,0,0,4.860,459.8,2.2440,5.216,410.1,2.0180
5.692,6048,0,0,4.864,458.8,2.2640,5.212,413.6,2.1340
5.709,6068,0,0,4.864,458.3,2.2580,5.216,407.8,2.1260
5.730,6088,0,0,4.872,462.2,2.2540,5.216,412.2,2.1500
5.750,6108,0,0,4.864,457.9,2.2780,5.204,464.9,2.4220
5.771,6128,0,0,4.860,458.6,2.2640,5.204,456.6,2.1200
5.791,6148,0,0,4.864,461.3,2.2640,5.216,413.7,2.1200
5.811,6168,0,0,4.876,458.0,2.2540,5.220,411.4,2.1460
5.832,6188,0,0,4.852,492.7,2.4380,5.216,409.6,2.1360
5.852,6208,0,0,4.860,493.7,2.3960,5.208,444.7,2.3200
5.873,6228,0,0,4.860,493.8,2.4120,5.208,440.8,2.2940
5.890,6248,0,0,4.860,494.0,2.4280,5.208,458.1,2.3780
5.910,6268,0,0,4.884,459.0,2.2340,5.220,409.6,2.1360
5.930,6288,0,0,4.880,458.5,2.2320,5.216,409.1,2.1340
5.951,6308,0,0,4.900,459.4,2.2440,5.212,449.9,2.3420
5.971,6328,0,0,4.876,454.8,2.2420,5.216,409.7,1.8800
5.991,6348,0,0,4.892,459.6,2.2380,5.216,409.9,2.1400
6.012,6368,0,0,4.880,458.1,2.2340,5.216,409.7,2.1360
6.032,6388,0,0,4.892,458.3,2.2380,5.216,409.1,2.1300
6.049,6408,0,0,4.884,458.7,2.2380,5.216,419.5,2.1860
6.070,6428,0,0,4.884,457.6,2.2240,5.216,399.9,1.9920
6.090,6448,0,0,4.872,459.4,2.2480,5.216,417.6,2.1560
6.111,6468,0,0,4.880,455.3,2.2220,5.216,409.6,2.1360
6.131,6488,0,0,4.884,459.1,2.2440,5.212,417.6,2.1800
6.151,6508,0,0,4.932,457.7,2.2320,5.216,408.2,2.1300
6.172,6528,0,0,4.876,458.6,2.2440,5.212,418.4,1.9260
6.192,6548,0,0,4.880,457.6,2.2280,5.220,408.7,2.1360
6.213,6568,0,0,4.932,458.5,2.2320,5.212,416.0,2.1700
6.229,6588,0,0,4.916,460.6,2.2320,5.216,409.0,2.1340
6.250,6608,0,0,4.908,457.6,2.2280,5.216,417.2,2.1760
6.270,6628,0,0,4.884,457.8,2.2280,5.220,410.5,1.9600
6.291,6648,0,0,4.932,456.9,2.2240,5.216,416.1,2.1700
6.311,6668,0,0,4.908,459.8,2.2380,5.216,411.2,2.1460
6.331,6688,0,0,4.920,457.7,2.2240,5.216,415.2,2.1620
6.352,6708,0,0,4.936,459.2,2.2220,5.216,409.5,2.1360
6.372,6728,0,0,4.932,460.6,2.2420,5.216,368.1,2.1760
6.389,6748,0,0,4.904,457.8,2.2280,5.216,416.3,2.1360
6.410,6768,0,0,4.932,460.3,2.2380,5.216,417.4,2.1760
6.430,6788,0,0,4.936,459.0,2.2320,5.216,409.7,2.1360
6.450,6808,0,0,4.868,460.0,2.2280,5.216,416.2,2.1700
6.471,6828,0,0,4.896,467.1,2.2740,5.216,406.9,1.9340
6.491,6848,0,0,4.936,459.5,2.2340,5.212,417.7,2.1720
6.512,6868,0,0,4.868,459.2,2.2280,5.216,409.5,2.1360
6.532,6888,0,0,4.880,457.7,2.2160,5.216,418.7,2.1820
6.553,6908,0,0,4.864,460.8,2.2280,5.220,408.9,2.1340
6.569,6928,0,0,4.940,459.6,2.2340,5.216,369.1,2.1800
6.590,6948,0,0,4.868,456.5,2.2160,5.216,408.4,2.1300
6.610,6968,0,0,4.896,457.5,2.2180,5.216,418.2,2.1820
6.631,6988,0,0,4.868,458.6,2.2280,5.216,409.8,2.1360
6.651,7008,0,0,4.868,461.9,2.2520,5.212,417.7,2.1760
6.672,7028,0,0,4.876,460.7,2.2340,5.220,390.1,2.1720
6.692,7048,0,0,4.916,420.4,2.0520,5.216,420.4,2.1760
6.712,7068,0,0,4.884,416.1,2.0280,5.216,408.9,2.1340
6.729,7088,0,0,4.884,421.1,2.0260,5.220,420.2,2.1880
6.750,7108,0,0,4.876,419.2,2.0880,5.208,467.4,2.4320
6.770,7128,0,0,4.924,425.6,2.0780,5.204,414.5,2.5260
6.790,7148,0,0,4.884,420.4,2.0480,5.216,406.9,2.1200
6.811,7168,0,0,4.884,419.7,2.0440,5.216,410.5,2.1400
6.831,7188,0,0,4.884,421.5,2.0320,5.216,409.7,2.1360
6.852,7208,0,0,4.868,417.1,2.0340,5.216,412.7,2.1500
6.872,7228,0,0,4.880,416.8,2.0280,5.212,457.3,2.5000
6.893,7248,0,0,4.884,418.5,2.0380,5.208,441.7,2.3060
6.909,7268,0,0,4.884,422.1,2.0280,5.212,442.9,2.3040
6.930,7288,0,0,4.880,416.5,2.0220,5.196,503.4,2.6140
6.950,7308,0,0,4.876,420.7,2.0160,5.216,418.4,2.1800
6.971,7328,0,0,4.880,416.1,2.0280,5.224,408.4,2.1340
6.991,7348,0,0,4.888,416.6,2.0280,5.216,412.5,2.1440
7.012,7368,0,0,4.880,419.3,2.0520,5.216,409.7,2.1360
7.032,7388,0,0,4.880,414.9,2.0520,5.220,408.2,2.1300
7.052,7408,0,0,4.872,416.3,2.0440,5.212,409.5,2.1340
7.069,7428,0,0,4.884,418.6,2.0380,5.220,360.2,2.1240
7.089,7448,0,0,4.876,417.2,2.0340,5.220,410.0,2.1340
7.110,7468,0,0,4.888,415.8,2.0220,5.212,412.1,2.1500
7.131,7488,0,0,4.872,417.8,2.0280,5.216,408.8,2.1340
7.151,7508,0,0,4.868,415.9,2.0540,5.216,409.1,2.1340
7.171,7528,0,0,4.884,415.2,2.0220,5.224,405.5,2.1360
7.192,7548,0,0,4.896,417.4,2.0380,5.216,410.9,2.1400
7.212,7568,0,0,4.876,420.3,2.0380,5.216,410.2,2.1400
7.233,7588,0,0,4.872,414.7,2.0540,5.216,409.4,2.1340
7.249,7608,0,0,4.868,419.2,2.0420,5.216,408.8,2.1340
7.270,7628,0,0,4.872,418.7,2.0380,5.216,408.7,2.1340
7.290,7648,0,0,4.912,414.9,2.0280,5.220,413.3,2.1240
7.311,7668,0,0,4.868,421.3,2.0340,5.216,410.1,2.1400
7.331,7688,0,0,4.872,419.6,2.0480,5.216,410.6,2.1440
7.351,7708,0,0,4.864,416.9,2.0580,5.216,407.8,2.1260
7.372,7728,0,0,4.872,415.4,2.0260,5.220,400.9,2.1340
7.392,7748,0,0,4.888,414.7,2.0340,5.216,410.3,2.1300
7.409,7768,0,0,4.868,420.4,2.0340,5.216,409.7,2.1360
7.430,7788,0,0,4.872,426.9,2.0520,5.212,410.8,2.1440
7.450,7808,0,0,4.864,415.8,2.0420,5.216,409.3,2.1340
7.470,7828,0,0,4.864,423.1,2.0680,5.216,421.3,2.1400
7.491,7848,0,0,4.840,428.6,2.1000,5.216,409.8,2.1400
7.511,7868,0,0,4.868,420.5,2.0320,5.216,415.5,2.1660
7.532,7888,0,0,4.868,416.8,2.0280,5.212,410.4,2.1400
7.552,7908,0,0,4.864,422.2,2.0340,5.216,418.9,2.1820
7.573,7928,0,0,4.868,420.5,2.0520,5.220,409.6,2.1360
7.590,7948,0,0,4.860,447.0,2.1620,5.204,461.5,2.1860
7.610,7968,0,0,4.872,416.6,2.0320,5.216,410.7,2.1440
7.630,7988,0,0,4.868,417.3,2.0340,5.216,416.0,2.1700
7.651,8008,0,0,4.868,415.9,2.0540,5.216,407.7,2.1260
7.671,8028,0,0,4.872,415.2,2.0260,5.216,415.5,2.1720
7.692,8048,0,0,4.868,423.5,2.0620,5.212,448.4,2.3420
7.712,8068,0,0,4.864,417.3,2.0280,5.212,420.3,2.1920
7.732,8088,0,0,4.868,419.0,2.0520,5.220,409.2,2.1340
7.749,8108,0,0,4.864,419.2,2.0280,5.200,470.0,2.4440
7.769,8128,0,0,4.868,414.7,2.0220,5.204,457.6,2.3720
7.790,8148,0,0,4.868,421.2,2.0540,5.216,417.5,2.2080
7.811,8168,0,0,4.868,421.6,2.0180,5.216,408.6,2.1300
7.831,8188,0,0,4.872,414.5,2.0540,5.216,417.5,2.1760
7.851,8208,0,0,4.872,415.7,2.0520,5.216,443.1,2.3140
7.872,8228,0,0,4.864,420.2,2.0520,5.216,416.7,2.1700
7.892,8248,0,0,4.864,419.8,2.0480,5.216,408.7,2.1400
7.913,8268,0,0,4.872,420.8,2.0320,5.216,418.4,2.1800
7.929,8288,0,0,4.872,421.1,2.0280,5.216,408.8,2.1340
7.950,8308,0,0,4.880,416.1,2.0380,5.216,389.7,2.0340
7.970,8328,0,0,4.864,415.4,2.0260,5.216,408.8,2.1400
7.991,8348,0,0,4.872,420.9,2.0540,5.212,416.2,2.1760
8.011,8368,0,0,4.884,415.0,2.0380,5.220,410.0,2.1400
8.031,8388,0,0,4.876,414.3,2.0580,5.216,416.3,2.1700
8.052,8408,0,0,4.876,418.1,2.0480,5.216,408.9,2.1340
8.072,8428,0,0,4.868,421.2,2.0540,5.216,422.3,2.1700
8.089,8448,0,0,4.872,416.2,2.0320,5.216,409.3,2.1360
8.110,8468,0,0,4.904,414.1,2.0340,5.216,422.4,2.2020
8.130,8488,0,0,4.876,418.8,2.0580,5.216,409.1,2.1340
8.150,8508,0,0,4.872,415.0,2.0480,5.216,397.9,2.0780
8.171,8528,0,0,4.876,421.2,2.0580,5.216,415.8,2.1460
8.191,8548,0,0,4.876,422.7,2.0640,5.212,413.2,2.1980
8.213,8568,0,0,4.852,463.1,2.2580,5.212,449.2,2.3400
8.232,8588,0,0,4.872,426.5,2.1000,5.216,409.8,2.1360
8.253,8608,0,0,4.872,419.3,2.0320,5.216,361.0,1.8840
8.270,8628,0,0,4.876,417.2,2.0380,5.216,410.0,2.1360
8.290,8648,0,0,4.872,421.2,2.0580,5.216,408.8,2.1360
8.310,8668,0,0,4.856,461.8,2.2420,5.212,429.3,2.2380
8.331,8688,0,0,4.872,415.9,2.0420,5.216,410.1,2.1360
8.351,8708,0,0,4.876,417.1,2.0320,5.216,391.0,2.0420
8.372,8728,0,0,4.876,419.6,2.0520,5.212,408.7,2.1340
8.392,8748,0,0,4.876,417.9,2.0420,5.220,409.3,2.1360
8.412,8768,0,0,4.860,457.4,2.2540,5.212,417.4,2.1760
8.433,8788,0,0,4.876,415.3,2.0640,5.216,409.6,2.1360
8.449,8808,0,0,4.884,415.1,2.0620,5.216,361.2,1.8840
8.470,8828,0,0,4.876,419.2,2.0520,5.220,407.6,2.1260
8.490,8848,0,0,4.876,419.2,2.0480,5.216,409.9,2.1340
8.511,8868,0,0,4.888,427.5,2.0900,5.212,450.6,2.3460
8.531,8888,0,0,4.876,415.4,2.0700,5.216,409.8,2.1360
8.552,8908,0,0,4.888,416.7,2.0420,5.216,384.6,2.0080
8.572,8928,0,0,4.880,421.1,2.0580,5.220,408.7,2.1300
8.593,8948,0,0,4.868,455.1,2.2320,5.216,409.5,2.1400
8.609,8968,0,0,4.860,453.3,2.2020,5.216,420.0,2.1880
8.630,8988,0,0,4.868,454.1,2.2180,5.212,409.6,2.1360
8.650,9008,0,0,4.864,450.3,2.1960,5.216,360.6,1.8800
8.671,9028,0,0,4.908,417.3,2.0620,5.220,414.2,2.1400
8.691,9048,0,0,4.872,416.3,2.0380,5.220,408.8,2.1360
8.711,9068,0,0,4.884,416.4,2.0800,5.216,409.5,2.1360
8.732,9088,0,0,4.880,419.0,2.0420,5.220,408.9,2.1340
8.752,9108,0,0,4.888,419.8,2.0620,5.204,429.7,2.2380
8.773,9128,0,0,4.884,418.0,2.0740,5.208,455.3,2.3700
8.789,9148,0,0,4.880,418.3,2.0620,5.204,457.8,2.3720
8.810,9168,0,0,4.884,419.6,2.0480,5.212,409.4,2.1360
8.830,9188,0,0,4.888,416.0,2.0880,5.220,409.4,2.1360
8.851,9208,0,0,4.892,415.4,2.0580,5.216,410.1,2.1360
8.871,9228,0,0,4.880,415.3,2.0440,5.216,410.5,2.1360
8.892,9248,0,0,4.888,419.7,2.0740,5.216,413.0,2.1360
8.912,9268,0,0,4.880,421.3,2.0640,5.216,411.1,2.1440
8.933,9288,0,0,4.880,460.5,2.2340,5.216,416.7,2.1720
8.949,9308,0,0,4.872,459.7,2.2520,5.220,374.1,1.9500
8.970,9328,0,0,4.868,459.3,2.2680,5.212,420.5,2.1760
8.990,9348,0,0,4.868,460.2,2.2700,5.216,410.2,2.1400
9.011,9368,0,0,4.872,459.3,2.2340,5.212,415.9,2.1700
9.031,9388,0,0,4.872,465.6,2.2620,5.216,411.1,2.1440
9.052,9408,0,0,4.868,459.5,2.2680,5.216,417.4,2.1760
9.072,9428,0,0,4.880,459.4,2.2340,5.216,408.5,2.1460
9.092,9448,0,0,4.872,461.0,2.2520,5.216,417.5,2.1700
9.113,9468,0,0,4.896,457.2,2.2320,5.216,409.6,2.1360
9.129,9488,0,0,4.888,460.3,2.2280,5.216,417.1,2.1720
9.150,9508,0,0,4.872,460.9,2.2420,5.224,410.0,2.1400
9.170,9528,0,0,4.868,458.2,2.2420,5.216,416.5,2.1720
9.191,9548,0,0,4.892,460.6,2.2420,5.216,411.2,2.1440
9.211,9568,0,0,4.888,460.5,2.2320,5.212,416.5,2.1720
9.232,9588,0,0,4.920,460.4,2.2700,5.220,409.1,2.1360
9.252,9608,0,0,4.872,459.3,2.2520,5.216,415.8,2.1660
9.276,9628,0,0,4.888,461.8,2.2440,5.216,410.5,2.1340
9.289,9648,0,0,4.880,459.3,2.2340,5.216,416.6,2.1860
9.314,9668,0,0,4.908,461.4,2.2420,5.216,409.3,2.1360
9.333,9688,0,0,4.888,458.9,2.2240,5.204,456.5,2.3760
9.351,9708,0,0,4.884,460.3,2.2380,5.224,409.0,2.1340
9.371,9728,0,0,4.876,458.2,2.2320,5.216,420.6,2.1720
9.392,9748,0,0,4.900,459.1,2.2340,5.216,409.2,2.1360
9.412,9768,0,0,4.928,459.1,2.2380,5.216,416.8,2.1720
9.432,9788,0,0,4.936,458.6,2.2280,5.220,428.3,2.2280
9.453,9808,0,0,4.924,459.6,2.2380,5.224,416.0,2.1700
9.469,9828,0,0,4.900,460.8,2.2440,5.216,408.9,2.1360
9.490,9848,0,0,4.932,459.5,2.2340,5.216,415.8,2.1760
9.510,9868,0,0,4.932,461.1,2.2480,5.216,410.4,2.1400
9.531,9888,0,0,4.864,461.4,2.2320,5.216,418.3,2.1800
9.551,9908,0,0,4.892,458.7,2.2320,5.224,409.1,2.1340
9.572,9928,1,1,4.660,739.6,3.3360,5.212,419.4,2.1800
9.592,9948,1,1,4.680,501.8,2.3100,5.216,410.5,2.1360
9.613,9968,1,1,4.596,494.1,2.2540,5.216,418.3,2.1800
9.629,9988,1,1,4.592,508.3,2.3240,5.212,443.4,2.3100
9.650,10008,1,1,4.656,593.4,2.6940,5.220,446.9,2.3260
9.670,10028,1,1,4.660,485.5,2.2900,5.212,443.0,2.3040
9.691,10048,1,1,4.616,512.0,2.3400,5.204,442.8,2.3140
9.711,10068,1,1,4.640,499.6,2.2440,5.216,409.6,2.1360
9.731,10088,1,1,4.668,506.1,2.2700,5.216,410.2,2.1360
9.752,10108,1,1,4.576,923.5,4.0660,5.208,465.1,2.4160
9.772,10128,1,1,4.432,916.0,4.0540,5.212,413.4,2.3780
9.793,10148,1,1,4.360,1043.8,4.5380,5.220,408.2,2.1160
9.810,10168,1,1,4.376,1036.5,4.5440,5.216,409.0,2.1340
9.830,10188,1,1,4.368,1039.3,4.5320,5.216,409.0,2.1340
9.851,10208,1,1,4.380,1041.5,4.5540,5.224,430.0,2.2420
9.871,10228,1,1,4.384,1038.1,4.5420,5.216,409.9,2.1300
9.891,10248,1,1,4.384,1036.1,4.5360,5.216,410.8,2.1440
9.912,10268,1,1,4.388,1036.9,4.5620,5.216,409.1,2.1340
9.932,10288,1,1,4.384,1039.1,4.5280,5.212,410.1,2.1360
9.953,10308,1,1,4.388,1023.7,4.4900,5.216,409.1,2.1340
9.971,10328,1,1,4.384,1024.7,4.4920,5.212,412.1,2.1400
9.990,10348,1,1,4.384,1023.9,4.4860,5.216,409.5,2.1360
10.010,10368,1,1,4.388,1024.9,4.4960,5.220,409.9,2.1400
10.031,10388,1,1,4.392,1025.8,4.5000,5.216,407.9,2.1300
10.052,10408,1,1,4.392,1024.4,4.4960,5.220,409.3,2.1340
10.072,10428,1,1,4.388,1024.5,4.4960,5.216,409.9,2.1300
10.092,10448,1,1,4.388,1024.7,4.4960,5.216,408.9,2.1340
10.112,10468,1,1,4.388,1025.5,4.4900,5.216,409.6,2.1360
10.133,10488,1,1,4.388,1025.0,4.4860,5.216,408.0,2.1300
10.150,10508,1,1,4.388,1020.9,4.4800,5.208,452.1,2.3400
10.170,10528,1,1,4.388,1026.6,4.5060,5.212,409.9,2.1360
10.190,10548,1,1,4.384,1023.9,4.4960,5.220,412.4,2.1340
10.211,10568,1,1,4.376,1043.9,4.5640,5.216,408.6,2.1300
10.231,10588,1,1,4.376,1043.4,4.5580,5.212,409.2,2.1340
10.252,10608,1,1,4.384,1042.6,4.5620,5.212,446.0,2.3460
10.272,10628,1,1,4.380,1047.2,4.5780,5.216,415.0,2.1340
10.293,10648,1,1,4.380,1042.0,4.5640,5.216,409.7,2.1500
10.309,10668,1,1,4.384,1041.3,4.5640,5.216,415.9,2.1700
10.330,10688,1,1,4.380,1041.6,4.5640,5.216,408.8,2.1360
10.350,10708,1,1,4.376,1041.4,4.5620,5.212,418.2,2.1920
10.371,10728,1,1,4.376,1041.1,4.5620,5.216,410.2,2.1360
10.391,10748,1,1,4.376,1043.5,4.5620,5.216,418.8,2.1660
10.412,10768,1,1,4.380,1042.9,4.5680,5.216,410.2,2.1400
10.432,10788,1,1,4.376,1043.7,4.5620,5.216,381.7,1.9920
10.452,10808,1,1,4.372,1047.0,4.5820,5.216,413.0,2.1360
10.473,10828,1,1,4.368,1046.0,4.5780,5.216,415.6,2.1760
10.489,10848,1,1,4.380,1046.8,4.5780,5.216,409.3,2.1300
10.510,10868,1,1,4.380,1043.4,4.5620,5.212,416.7,2.1720
10.530,10888,1,1,4.372,1042.9,4.5640,5.216,408.0,2.1260
10.551,10908,1,1,4.380,1045.0,4.5680,5.216,417.5,2.1720
10.571,10928,1,1,4.376,1044.0,4.5640,5.216,411.2,2.1340
10.592,10948,1,1,4.376,1041.8,4.5640,5.216,417.1,2.1760
10.612,10968,1,1,4.380,1042.2,4.5620,5.216,408.8,2.1340
10.632,10988,1,1,4.372,1045.6,4.5640,5.216,387.8,2.0220
10.649,11008,1,1,4.380,1044.1,4.5680,5.220,408.8,2.1340
10.670,11028,1,1,4.376,1043.3,4.5640,5.212,416.7,2.1720
10.690,11048,1,1,4.384,1044.4,4.5720,5.212,408.8,2.1300
10.711,11068,1,1,4.376,1045.4,4.5620,5.216,416.1,2.1700
10.731,11088,1,1,4.388,1041.1,4.5620,5.216,398.0,2.0740
10.751,11108,1,1,4.380,1046.8,4.5900,5.196,465.6,2.4220
10.772,11128,1,1,4.376,1045.5,4.5840,5.216,407.3,2.1260
10.792,11148,1,1,4.380,1042.3,4.5640,5.212,415.2,2.1600
10.813,11168,1,1,4.376,1045.4,4.5680,5.216,408.8,2.1340
10.829,11188,1,1,4.388,1041.6,4.5780,5.212,393.9,2.0580
10.850,11208,1,1,4.376,1043.0,4.5680,5.216,408.7,2.1340
10.870,11228,1,1,4.376,1043.9,4.5720,5.212,417.9,2.1660
10.891,11248,1,1,4.380,1043.5,4.5740,5.216,410.0,2.1360
10.911,11268,1,1,4.380,1045.9,4.5640,5.216,419.2,2.1860
10.932,11288,1,1,4.388,1042.6,4.5780,5.216,359.1,1.8740
10.952,11308,1,1,4.380,1041.9,4.5680,5.216,421.1,2.1960
10.973,11328,1,1,4.380,1040.5,4.5580,5.216,420.0,2.1360
10.993,11348,1,1,4.404,997.6,4.3880,5.216,419.4,2.1720
11.010,11368,1,1,4.396,1001.2,4.3880,5.216,409.3,2.1360
11.030,11388,1,1,4.404,995.9,4.3900,5.216,398.7,2.0780
11.051,11408,1,1,4.392,1000.0,4.3980,5.216,408.3,2.1300
11.071,11428,1,1,4.392,1019.4,4.4660,5.208,449.7,2.3860
11.092,11448,1,1,4.400,1000.1,4.4000,5.216,409.8,2.1340
11.112,11468,1,1,4.396,997.0,4.3940,5.216,409.8,2.1360
11.132,11488,1,1,4.400,997.4,4.3980,5.216,360.2,1.8800
11.153,11508,1,1,4.396,1002.1,4.4040,5.216,408.6,2.1300
11.170,11528,1,1,4.396,1002.7,4.4100,5.216,416.6,2.1820
11.190,11548,1,1,4.396,996.1,4.3740,5.220,409.5,2.1340
11.210,11568,1,1,4.400,998.1,4.4000,5.216,411.3,2.1440
11.231,11588,1,1,4.396,1001.6,4.3980,5.216,382.4,1.9920
11.251,11608,1,1,4.388,998.4,4.3840,5.216,409.6,2.1360
11.272,11628,1,1,4.392,997.4,4.3840,5.216,409.2,2.1400
11.292,11648,1,1,4.392,997.1,4.3780,5.216,409.6,2.1400
11.313,11668,1,1,4.392,1001.5,4.3940,5.212,409.4,2.1360
11.333,11688,1,1,4.392,998.2,4.3940,5.220,410.2,2.1360
11.350,11708,1,1,4.392,1004.5,4.4200,5.216,409.6,2.1360
11.370,11728,1,1,4.372,1034.5,4.5380,5.220,409.7,2.1360
11.391,11748,1,1,4.380,1035.0,4.5180,5.212,409.4,2.1360
11.411,11768,1,1,4.380,1037.1,4.5480,5.216,410.3,2.1400
11.433,11788,1,1,4.380,1038.3,4.5380,5.216,375.7,1.9560
11.452,11808,1,1,4.400,998.4,4.3840,5.216,409.2,2.1340
11.472,11828,1,1,4.396,998.8,4.3880,5.216,409.6,2.1340
11.493,11848,1,1,4.396,999.0,4.4040,5.216,409.3,2.1300
11.510,11868,1,1,4.392,999.1,4.4080,5.216,411.6,2.1460
11.530,11888,1,1,4.396,1003.3,4.4000,5.216,409.4,2.1340
11.550,11908,1,1,4.392,1002.9,4.4080,5.216,410.4,2.1400
11.571,11928,1,1,4.396,999.9,4.4000,5.216,409.6,2.1360
11.591,11948,1,1,4.400,1000.9,4.3940,5.216,409.8,2.1520
11.612,11968,1,1,4.400,1002.0,4.3840,5.216,410.0,2.1360
11.632,11988,1,1,4.388,1000.7,4.4080,5.228,410.3,2.1400
11.652,12008,1,1,4.396,1002.2,4.4080,5.212,409.3,2.1360
11.673,12028,1,1,4.396,1002.0,4.4140,5.216,408.7,2.1340
11.690,12048,1,1,4.400,1005.6,4.3900,5.212,415.6,2.1360
11.710,12068,1,1,4.392,1002.2,4.4100,5.216,408.8,2.1340
11.731,12088,1,1,4.400,998.6,4.3820,5.212,415.6,2.1620
11.751,12108,1,1,4.400,1000.0,4.3980,5.208,460.9,2.3960
11.771,12128,1,1,4.404,1004.1,4.4180,5.216,414.5,2.1620
11.792,12148,1,1,4.368,1049.3,4.5260,5.208,455.3,2.3720
11.813,12168,1,1,4.388,1002.4,4.3900,5.204,466.9,2.4320
11.833,12188,1,1,4.392,1000.0,4.3940,5.224,409.8,2.1360
11.849,12208,1,1,4.396,1003.3,4.4100,5.216,432.1,2.2520
11.870,12228,1,1,4.400,997.9,4.3880,5.204,450.1,2.1340
11.890,12248,1,1,4.392,1007.1,4.4720,5.208,456.7,2.2580
11.911,12268,1,1,4.396,998.2,4.3980,5.216,410.9,2.1440
11.931,12288,1,1,4.400,997.5,4.3900,5.212,416.2,2.1700
11.952,12308,1,1,4.400,1001.7,4.4080,5.220,411.2,2.1440
11.972,12328,1,1,4.396,1001.6,4.4100,5.212,417.3,2.1720
11.993,12348,1,1,4.392,998.2,4.4100,5.216,424.3,2.3460
12.013,12368,1,1,4.392,1003.8,4.4140,5.216,416.5,2.1700
12.030,12388,1,1,4.396,1003.6,4.4080,5.220,409.3,2.1360
12.050,12408,1,1,4.396,1000.6,4.4040,5.216,417.0,2.1720
12.070,12428,1,1,4.392,1005.4,4.4240,5.216,410.0,2.1360
12.091,12448,1,1,4.396,1005.6,4.4100,5.212,418.0,2.2160
12.111,12468,1,1,4.396,1003.5,4.4040,5.216,409.2,2.1340
12.132,12488,1,1,4.400,1000.7,4.4040,5.224,417.3,2.1760
12.152,12508,1,1,4.388,999.2,4.3900,5.220,410.8,2.1400
12.173,12528,1,1,4.400,1000.8,4.4000,5.216,416.9,2.1720
12.189,12548,1,1,4.400,998.9,4.3980,5.212,409.8,2.1360
12.210,12568,1,1,4.404,997.6,4.3940,5.212,417.2,2.1760
12.230,12588,1,1,4.400,999.4,4.4200,5.224,410.3,2.1400
12.251,12608,1,1,4.392,1001.4,4.4000,5.212,417.7,2.1760
12.271,12628,1,1,4.396,1005.5,4.4200,5.220,409.9,2.1360
12.292,12648,1,1,4.396,998.5,4.4000,5.212,417.8,2.1720
12.312,12668,1,1,4.396,1004.5,4.3980,5.216,409.5,2.1360
12.333,12688,1,1,4.396,1003.0,4.3880,5.224,417.8,2.1800
12.353,12708,1,1,4.388,1000.5,4.3940,5.216,409.1,2.1360
12.370,12728,1,1,4.392,1001.7,4.4000,5.220,416.1,2.1880
12.390,12748,1,1,4.396,1004.1,4.3980,5.212,443.0,2.2980
12.411,12768,1,1,4.392,1002.4,4.4080,5.212,443.5,2.3060
12.431,12788,1,1,4.400,1004.1,4.4040,5.212,443.1,2.3060
12.452,12808,1,1,4.400,1003.8,4.4180,5.212,441.9,2.3040
12.472,12828,1,1,4.400,999.5,4.3900,5.212,442.0,2.3040
12.493,12848,1,1,4.400,1001.7,4.3900,5.216,410.5,2.1360
12.513,12868,1,1,4.404,1002.1,4.3980,5.216,409.3,2.1340
12.530,12888,1,1,4.396,1001.9,4.3900,5.228,411.2,2.1440
12.550,12908,1,1,4.400,1003.1,4.4040,5.216,409.1,2.1360
12.570,12928,1,1,4.396,1001.2,4.3980,5.220,409.7,2.1360
12.591,12948,1,1,4.396,1004.3,4.3980,5.216,408.3,2.1340
12.611,12968,1,1,4.384,1006.3,4.4140,5.216,409.1,2.1360
12.632,12988,1,1,4.404,1001.5,4.4000,5.220,409.4,2.1360
12.652,13008,1,1,4.400,999.7,4.3940,5.216,409.8,2.1360
12.673,13028,1,1,4.400,1003.1,4.4040,5.220,408.7,2.1340
12.693,13048,1,1,4.400,1002.6,4.4140,5.216,408.5,2.1400
12.710,13068,1,1,4.388,1048.3,4.5840,5.212,460.1,2.3960
12.730,13088,1,1,4.400,1000.3,4.3940,5.216,452.9,2.3600
12.751,13108,1,1,4.392,999.5,4.3900,5.200,466.2,2.3760
12.771,13128,1,1,4.400,1002.8,4.4000,5.208,454.5,2.3820
12.792,13148,1,1,4.404,1000.8,4.4100,5.216,407.9,2.1260
12.812,13168,1,1,4.396,1005.2,4.4400,5.216,449.2,2.3400
12.832,13188,1,1,4.392,1003.2,4.4080,5.220,408.8,2.1340
12.853,13208,1,1,4.396,1004.2,4.4140,5.220,433.3,2.1400
12.869,13228,1,1,4.404,1005.4,4.4200,5.212,409.0,2.1400
12.890,13248,1,1,4.392,1007.0,4.4000,5.216,408.6,2.1360
12.911,13268,1,1,4.388,1004.4,4.4180,5.216,379.2,1.9820
12.931,13288,1,1,4.392,1001.3,4.3940,5.200,470.1,2.4480
12.951,13308,1,1,4.388,1005.1,4.4080,5.216,418.2,2.1820
12.972,13328,1,1,4.388,1004.0,4.4040,5.216,409.5,2.1360
12.992,13348,1,1,4.388,1005.3,4.4040,5.216,409.4,2.1360
13.012,13368,1,1,4.388,1007.4,4.4200,5.216,408.5,2.1340
13.033,13388,1,1,4.392,1005.1,4.4180,5.212,409.6,2.1360
13.053,13408,1,1,4.396,1005.6,4.4180,5.216,413.4,2.1400
13.074,13428,1,1,4.392,1002.8,4.4080,5.212,411.4,2.1300
13.091,13448,1,1,4.388,1009.5,4.4200,5.216,409.3,2.1340
13.111,13468,1,1,4.392,1002.9,4.4140,5.216,383.5,2.0020
13.131,13488,1,1,4.396,1001.9,4.3980,5.216,408.6,2.1300
13.152,13508,1,1,4.388,1002.4,4.4040,5.220,417.1,2.1800
13.172,13528,1,1,4.396,1002.9,4.4000,5.216,412.0,2.1340
13.193,13548,1,1,4.388,1010.6,4.4300,5.212,416.8,2.1720
13.213,13568,1,1,4.388,1008.0,4.4080,5.220,406.3,2.1200
13.234,13588,1,1,4.388,1007.9,4.4280,5.216,417.2,2.1760
13.254,13608,1,1,4.392,1005.4,4.4180,5.216,409.6,2.1360
13.271,13628,1,1,4.388,1005.2,4.4140,5.212,418.1,2.1800
13.291,13648,1,1,4.396,1002.8,4.4100,5.216,409.1,2.1400
13.312,13668,1,1,4.392,1006.1,4.4040,5.216,389.8,2.0340
13.332,13688,1,1,4.396,1005.0,4.4140,5.220,411.9,2.1460
13.353,13708,1,1,4.392,1003.5,4.4080,5.212,415.7,2.1720
13.373,13728,1,1,4.396,1003.9,4.4040,5.216,408.8,2.1300
13.393,13748,1,1,4.396,1002.4,4.3900,5.220,416.6,2.1720
13.414,13768,1,1,4.392,1002.6,4.4140,5.212,362.5,1.8900
13.431,13788,1,1,4.396,1010.3,4.4340,5.212,416.0,2.1700
13.451,13808,1,1,4.388,1004.2,4.4040,5.216,409.6,2.1340
13.471,13828,1,1,4.388,1004.2,4.4080,5.216,416.5,2.1800
13.492,13848,1,1,4.396,1002.6,4.4080,5.212,409.0,2.1360
13.512,13868,1,1,4.388,1005.9,4.4280,5.216,398.2,2.0800
13.533,13888,1,1,4.364,1052.1,4.6000,5.212,408.8,2.1300
13.553,13908,1,1,4.392,1005.3,4.4100,5.212,417.4,2.1760
13.574,13928,1,1,4.392,1001.1,4.3980,5.216,410.0,2.1400
13.594,13948,1,1,4.388,1005.1,4.4080,5.216,416.6,2.1700
13.612,13968,1,1,4.396,1004.1,4.4040,5.216,359.1,1.8740
13.631,13988,1,1,4.388,1019.4,4.4500,5.204,457.3,2.3780
13.652,14008,1,1,4.388,1004.8,4.4100,5.216,412.4,2.1460
13.672,14028,1,1,4.396,1007.0,4.4280,5.216,417.4,2.1760
13.693,14048,1,1,4.388,1005.9,4.4100,5.216,409.9,2.1400
13.713,14068,1,1,4.388,1007.2,4.4280,5.216,394.0,2.0540
13.733,14088,1,1,4.396,1007.1,4.4280,5.216,424.9,2.2080
13.754,14108,1,1,4.396,1005.8,4.4140,5.208,466.4,2.4220
13.771,14128,1,1,4.396,1004.0,4.4040,5.208,456.2,2.3700
13.791,14148,1,1,4.388,1008.6,4.4240,5.216,416.2,2.1700
13.811,14168,1,1,4.392,1003.2,4.4140,5.220,358.1,1.8680
13.832,14188,1,1,4.396,1004.9,4.4180,5.216,413.1,2.1520
13.852,14208,1,1,4.392,1006.0,4.4240,5.220,411.5,2.1400
13.873,14228,1,1,4.396,1006.6,4.4240,5.216,409.5,2.1440
13.893,14248,1,1,4.392,1004.3,4.4100,5.216,411.4,2.1360
13.914,14268,1,1,4.388,1009.0,4.4240,5.216,380.5,1.9860
13.934,14288,1,1,4.392,1002.7,4.4000,5.216,409.1,2.1340
13.951,14308,1,1,4.392,1005.6,4.4180,5.216,412.1,2.1440
13.971,14328,1,1,4.396,1008.1,4.4240,5.216,408.6,2.1340
13.992,14348,1,1,4.396,1005.9,4.4280,5.216,409.8,2.1340
14.012,14368,1,1,4.392,1003.4,4.4040,5.216,411.9,2.1500
14.033,14388,1,1,4.388,1005.8,4.4200,5.216,409.5,2.1340
14.053,14408,1,1,4.388,1003.7,4.4140,5.216,410.5,2.1460
14.073,14428,1,1,4.396,1005.2,4.4100,5.216,408.9,2.1360
14.094,14448,1,1,4.392,1002.3,4.4240,5.216,410.8,2.1340
14.111,14468,1,1,4.392,1005.5,4.4400,5.216,376.6,1.9660
14.131,14488,1,1,4.372,1040.8,4.5540,5.216,410.0,2.1360
14.151,14508,1,1,4.372,1041.1,4.5540,5.216,408.9,2.1340
14.172,14528,1,1,4.372,1044.6,4.5740,5.216,409.8,2.1360
14.192,14548,1,1,4.372,1045.2,4.5780,5.216,409.0,2.1400
14.213,14568,1,1,4.380,1033.1,4.5080,5.216,408.6,2.1300
14.233,14588,1,1,4.376,1034.1,4.5280,5.216,410.9,2.1440
14.253,14608,1,1,4.364,1030.7,4.5220,5.216,409.9,2.1360
14.274,14628,1,1,4.384,1018.7,4.4640,5.216,409.2,2.1340
14.291,14648,1,1,4.388,1017.7,4.4800,5.212,409.2,2.1360
14.311,14668,1,1,4.380,1024.0,4.5020,5.224,410.6,2.1440
14.332,14688,1,1,4.380,1019.6,4.4660,5.212,408.6,2.1300
14.352,14708,1,1,4.360,1045.3,4.5900,5.216,410.1,2.1340
14.373,14728,1,1,4.380,1033.4,4.5160,5.220,409.6,2.1340
14.393,14748,1,1,4.388,1018.0,4.4900,5.212,409.7,2.1340
14.413,14768,1,1,4.384,1018.0,4.4820,5.216,409.4,2.1360
14.434,14788,1,1,4.384,1023.2,4.4900,5.216,409.3,2.1360
14.451,14808,1,1,4.380,1047.1,4.5620,5.208,432.8,2.2580
14.471,14828,1,1,4.380,1020.5,4.4700,5.216,409.1,2.1340
14.491,14848,1,1,4.384,1018.2,4.4700,5.212,417.7,2.1500
14.512,14868,1,1,4.384,1022.2,4.4800,5.224,408.5,2.1300
14.532,14888,1,1,4.384,1023.3,4.4860,5.212,415.4,2.1660
14.553,14908,1,1,4.380,1024.9,4.4860,5.216,450.5,2.3460
14.573,14928,1,1,4.384,1024.7,4.4920,5.212,417.2,2.1760
14.594,14948,1,1,4.380,1023.4,4.4720,5.216,409.0,2.1300
14.614,14968,1,1,4.388,1021.4,4.4640,5.224,417.3,2.1760
14.631,14988,1,1,4.380,1024.6,4.4960,5.220,409.3,2.1360
14.652,15008,1,1,4.388,1018.7,4.4660,5.216,417.2,2.2160
14.672,15028,1,1,4.384,1021.8,4.4900,5.220,410.7,2.1340
14.693,15048,1,1,4.388,1019.1,4.4800,5.216,418.4,2.1660
14.712,15068,1,1,4.384,1022.6,4.4820,5.224,409.1,2.1340
14.733,15088,1,1,4.384,1022.9,4.4900,5.216,460.0,2.3960
14.753,15108,1,1,4.384,1023.2,4.4820,5.200,464.8,2.3760
14.774,15128,1,1,4.384,1024.9,4.4900,5.204,462.3,2.4080
14.791,15148,1,1,4.384,1023.6,4.4760,5.216,407.3,2.1360
14.811,15168,1,1,4.384,1022.5,4.4900,5.224,416.4,2.1700
14.831,15188,1,1,4.380,1020.6,4.4800,5.216,408.8,2.1340
14.852,15208,1,1,4.384,1023.9,4.4920,5.216,445.3,2.1720
14.872,15228,1,1,4.384,1028.0,4.5020,5.216,409.5,2.1360
14.893,15248,1,1,4.392,1021.4,4.4920,5.216,416.2,2.1660
14.913,15268,1,1,4.388,1021.9,4.5000,5.216,409.4,2.1340
14.934,15288,1,1,4.388,1030.2,4.5120,5.212,418.5,2.1820
14.954,15308,1,1,4.388,1025.4,4.4920,5.216,409.1,2.1340
14.971,15328,1,1,4.380,1025.4,4.4960,5.216,418.4,2.1720
14.991,15348,1,1,4.384,1021.9,4.4760,5.216,409.6,1.9240
15.012,15368,1,1,4.380,1024.8,4.4900,5.224,418.6,2.1820
15.032,15388,1,1,4.380,1027.1,4.5000,5.220,407.5,2.1260
15.052,15408,1,1,4.380,1025.1,4.5000,5.212,423.6,2.1720
15.073,15428,1,1,4.388,1022.4,4.4900,5.220,409.1,2.1460
15.093,15448,1,1,4.380,1024.4,4.5000,5.212,420.6,2.1700
15.114,15468,1,1,4.388,1024.2,4.4920,5.220,409.3,2.1340
15.131,15488,1,1,4.388,1023.8,4.4920,5.216,420.5,2.1920
15.151,15508,1,1,4.384,1023.3,4.4860,5.216,409.6,2.1360
15.172,15528,1,1,4.368,1022.3,4.4900,5.208,453.6,2.3460
15.192,15548,1,1,4.384,1024.2,4.4920,5.212,443.2,2.1200
15.212,15568,1,1,4.384,1021.2,4.4720,5.208,451.2,2.3500
15.233,15588,1,1,4.376,1020.8,4.4820,5.208,442.5,2.3060
15.253,15608,1,1,4.380,1022.1,4.4900,5.216,409.1,2.1620
15.273,15628,1,1,4.372,1067.2,4.6700,5.212,414.6,2.1500
15.294,15648,1,1,4.388,1022.5,4.4720,5.216,408.7,1.8940
15.311,15668,1,1,4.380,1025.6,4.4920,5.220,408.7,2.1340
15.331,15688,1,1,4.380,1025.6,4.4960,5.220,408.5,2.1300
15.352,15708,1,1,4.384,1019.8,4.4760,5.216,409.8,2.1360
15.372,15728,1,1,4.376,1036.5,4.5380,5.212,450.5,2.3420
15.393,15748,1,1,4.388,1024.9,4.4960,5.216,408.9,1.9700
15.413,15768,1,1,4.384,1024.3,4.4860,5.220,409.8,2.1360
15.433,15788,1,1,4.388,1025.0,4.5000,5.216,408.4,2.1300
15.454,15808,1,1,4.380,1023.6,4.4920,5.216,409.6,2.1340
15.474,15828,1,1,4.388,1022.4,4.4920,5.212,415.9,2.3100
15.491,15848,1,1,4.380,1023.6,4.4900,5.216,408.2,1.8800
15.511,15868,1,1,4.392,1024.7,4.4960,5.216,409.9,2.1360
15.532,15888,1,1,4.384,1025.4,4.4960,5.216,407.9,2.1260
15.553,15908,1,1,4.388,1023.5,4.4920,5.216,409.5,2.1400
15.573,15928,1,1,4.380,1026.6,4.5060,5.216,408.6,2.1360
15.593,15948,1,1,4.384,1024.1,4.4900,5.216,381.2,2.0740
15.614,15968,1,1,4.380,1025.8,4.4960,5.220,408.0,2.1260
15.634,15988,1,1,4.384,1024.1,4.4900,5.216,412.0,2.1460
15.651,16008,1,1,4.388,1027.4,4.5060,5.220,409.8,2.1300
15.671,16028,1,1,4.384,1021.8,4.4960,5.216,406.9,2.1400
15.692,16048,1,1,4.384,1025.9,4.4900,5.216,407.9,1.8740
15.712,16068,1,1,4.384,1025.0,4.4820,5.216,408.5,2.1300
15.733,16088,1,1,4.384,1026.1,4.5000,5.212,422.4,2.1980
15.753,16108,1,1,4.376,1032.0,4.5120,5.208,456.5,2.3760
15.773,16128,1,1,4.380,1023.0,4.4900,5.212,457.2,2.3780
15.794,16148,1,1,4.384,1024.8,4.4720,5.216,383.1,2.0340
15.814,16168,1,1,4.384,1027.1,4.4920,5.220,409.0,2.1340
15.831,16188,1,1,4.380,1023.2,4.4900,5.216,409.0,2.1340
15.851,16208,1,1,4.380,1025.8,4.4960,5.212,411.7,2.1340
15.872,16228,1,1,4.388,1024.0,4.4920,5.216,415.6,2.1400
15.892,16248,1,1,4.388,1023.8,4.4800,5.220,360.2,2.1360
15.913,16268,1,1,4.388,1025.3,4.4960,5.216,416.7,2.1720
15.933,16288,1,1,4.388,1025.8,4.4960,5.216,409.2,2.1340
15.954,16308,1,1,4.380,1025.0,4.4920,5.216,415.9,2.1700
15.974,16328,1,1,4.384,1025.7,4.4920,5.216,409.9,2.1400
15.991,16348,1,1,4.388,1031.9,4.5020,5.212,399.5,2.0620
16.011,16368,1,1,4.392,1020.4,4.4820,5.216,409.2,2.1340
16.032,16388,1,1,4.392,1023.6,4.4860,5.212,417.3,2.1760
16.052,16408,1,1,4.384,1026.3,4.4960,5.216,409.6,2.1360
16.072,16428,1,1,4.388,1019.6,4.4820,5.216,417.0,2.1720
16.093,16448,1,1,4.356,1071.1,4.6760,5.220,361.0,2.1440
16.113,16468,1,1,4.376,1026.3,4.4920,5.216,416.8,2.1720
16.134,16488,1,1,4.380,1023.8,4.4820,5.216,409.1,2.1340
16.154,16508,1,1,4.388,1023.5,4.4860,5.216,416.7,2.1700
16.171,16528,1,1,4.388,1022.9,4.4960,5.216,409.5,2.1400
16.192,16548,1,1,4.372,1036.9,4.6760,5.224,431.5,2.2020
16.212,16568,1,1,4.388,1024.7,4.4900,5.216,409.2,2.1340
16.232,16588,1,1,4.380,1025.1,4.4860,5.212,417.0,2.1720
16.253,16608,1,1,4.384,1025.2,4.4900,5.216,408.3,2.1360
16.273,16628,1,1,4.388,1024.3,4.5000,5.216,414.9,2.1660
16.293,16648,1,1,4.384,1026.0,4.4900,5.216,371.0,2.3460
16.314,16668,1,1,4.380,1027.4,4.5060,5.216,415.4,2.1660
16.331,16688,1,1,4.380,1026.3,4.5000,5.212,410.0,2.1360
16.351,16708,1,1,4.376,1025.5,4.4960,5.216,417.1,2.1760
16.372,16728,1,1,4.384,1025.2,4.5000,5.220,409.6,2.1460
16.392,16748,1,1,4.380,1025.5,4.4860,5.224,385.6,2.2020
16.412,16768,1,1,4.384,1024.8,4.5000,5.216,413.9,2.1560
16.433,16788,1,1,4.384,1026.8,4.5020,5.216,416.3,2.1700
16.453,16808,1,1,4.384,1025.9,4.4920,5.216,409.1,2.1360
16.474,16828,1,1,4.384,1023.5,4.5000,5.212,416.5,2.1860
16.494,16848,1,1,4.376,1026.4,4.4920,5.220,410.9,2.1360
16.511,16868,1,1,4.388,1021.6,4.4820,5.216,419.4,2.1860
16.531,16888,1,1,4.384,1023.6,4.4860,5.216,409.9,2.1360
16.552,16908,1,1,4.380,1027.0,4.5000,5.216,417.0,2.1860
16.572,16928,1,1,4.384,1027.1,4.4960,5.216,408.2,2.1360
16.593,16948,1,1,4.388,1023.2,4.4960,5.228,380.9,2.1880
16.613,16968,1,1,4.384,1024.5,4.4920,5.220,407.9,2.1260
16.633,16988,1,1,4.380,1027.7,4.5060,5.216,412.6,2.1500
16.654,17008,1,1,4.384,1025.5,4.4960,5.220,410.5,2.1360
16.671,17028,1,1,4.376,1026.6,4.4920,5.216,408.9,2.1360
16.691,17048,1,1,4.380,1024.1,4.4760,5.220,410.0,2.1440
16.712,17068,1,1,4.384,1024.7,4.4960,5.220,410.6,2.1440
16.732,17088,1,1,4.376,1026.1,4.4960,5.216,452.5,2.3560
16.752,17108,1,1,4.384,1025.0,4.4860,5.208,458.3,2.3820
16.773,17128,1,1,4.380,1034.7,4.5180,5.216,407.5,2.1260
16.793,17148,1,1,4.376,1028.8,4.5020,5.220,405.4,2.1200
16.814,17168,1,1,4.384,1024.4,4.4920,5.216,410.0,2.1400
16.835,17188,1,1,4.384,1026.2,4.4960,5.216,410.6,2.1400
16.851,17208,1,1,4.384,1023.2,4.4760,5.216,444.1,2.1340
16.871,17228,1,1,4.380,1027.2,4.5160,5.216,409.7,2.1340
16.892,17248,1,1,4.360,1065.1,4.6400,5.224,410.0,2.1340
16.912,17268,1,1,4.340,1077.6,4.7060,5.220,410.4,2.1400
16.933,17288,1,1,4.368,1065.7,4.6560,5.216,410.7,2.1440
16.953,17308,1,1,4.360,1062.8,4.6440,5.220,411.1,2.1360
16.973,17328,1,1,4.360,1068.5,4.6620,5.216,411.1,2.1340
16.994,17348,1,1,4.384,1022.0,4.4920,5.216,409.7,2.1400
17.011,17368,1,1,4.372,1060.5,4.6200,5.204,432.2,2.2540
17.031,17388,1,1,4.376,1026.2,4.5000,5.216,409.9,2.1360
17.052,17408,1,1,4.380,1027.1,4.5020,5.216,410.0,2.1260
17.072,17428,1,1,4.384,1024.9,4.4900,5.216,410.1,2.1340
17.093,17448,1,1,4.376,1029.5,4.5060,5.216,409.1,2.1200
17.113,17468,1,1,4.380,1029.1,4.5020,5.212,451.9,2.3520
17.133,17488,1,1,4.384,1026.7,4.5020,5.216,409.6,2.1360
17.154,17508,1,1,4.384,1025.8,4.4920,5.216,408.7,2.1300
17.174,17528,1,1,4.376,1026.7,4.5020,5.216,409.2,2.1260
17.191,17548,1,1,4.376,1026.2,4.4960,5.216,409.8,2.1340
17.211,17568,1,1,4.388,1023.6,4.4800,5.216,417.2,2.1760
17.232,17588,1,1,4.388,1026.3,4.4960,5.220,409.3,2.1360
17.253,17608,1,1,4.376,1027.7,4.5020,5.216,409.7,2.1400
17.273,17628,1,1,4.380,1026.8,4.4920,5.216,409.5,2.1360
17.293,17648,1,1,4.384,1025.9,4.4920,5.212,410.6,2.1360
17.314,17668,1,1,4.376,1034.6,4.5220,5.216,410.9,2.1440
17.335,17688,1,1,4.384,1023.7,4.4800,5.216,410.8,2.1440
17.351,17708,1,1,4.372,1027.2,4.5000,5.216,409.3,2.1300
17.372,17728,1,1,4.380,1025.7,4.4920,5.212,417.8,2.1600
17.392,17748,1,1,4.376,1028.4,4.5000,5.216,410.6,2.1340
17.412,17768,1,1,4.380,1025.9,4.5000,5.216,417.7,2.1760
17.433,17788,1,1,4.376,1027.6,4.4960,5.212,408.7,2.1340
17.453,17808,1,1,4.376,1024.7,4.4920,5.216,415.9,2.1760
17.473,17828,1,1,4.376,1026.7,4.4920,5.216,409.4,1.9000
17.494,17848,1,1,4.380,1025.0,4.4920,5.216,416.3,2.1760
17.514,17868,1,1,4.376,1028.4,4.5000,5.216,408.4,2.1300
17.531,17888,1,1,4.380,1025.7,4.4960,5.216,417.6,2.1760
17.551,17908,1,1,4.376,1031.0,4.5180,5.216,410.1,2.1300
17.572,17928,1,1,4.376,1025.2,4.5160,5.216,418.0,2.1760
17.592,17948,0,2,4.872,426.0,2.0940,5.212,409.5,2.1360
17.613,17968,0,2,4.864,425.4,2.0740,5.216,417.0,2.1720
17.633,17988,0,2,4.904,423.9,2.0800,5.216,409.3,2.1360
17.654,18008,0,2,4.864,425.7,2.0740,5.216,417.1,2.1720
17.674,18028,0,2,4.868,426.9,2.0840,5.216,410.3,1.9140
17.691,18048,0,2,4.872,432.5,2.0980,5.212,416.5,2.1760
17.711,18068,0,2,4.868,428.6,2.0900,5.216,411.7,2.1460
17.732,18088,0,2,4.856,425.3,2.0940,5.216,458.9,2.3880
17.752,18108,0,2,4.868,424.0,2.0940,5.208,457.4,2.3820
17.772,18128,0,2,4.872,424.1,2.0880,5.204,461.3,2.1500
17.793,18148,0,2,4.872,428.5,2.0780,5.208,456.4,2.3720
17.813,18168,0,2,4.872,428.6,2.0940,5.216,420.1,2.1880
17.834,18188,0,2,4.860,465.8,2.2640,5.212,409.3,2.1340
17.854,18208,0,2,4.876,428.6,2.0740,5.204,418.4,2.1660
17.871,18228,0,2,4.872,423.0,2.0900,5.216,409.5,1.9560
17.893,18248,0,2,4.876,423.4,2.0900,5.216,417.3,2.1720
17.913,18268,0,2,4.872,428.3,2.0900,5.216,408.8,2.1340
17.932,18288,0,2,4.864,437.2,2.1360,5.196,492.3,2.5600
17.953,18308,0,2,4.872,426.9,2.0680,5.212,441.9,2.3000
17.973,18328,0,2,4.876,426.8,2.0800,5.204,452.0,2.0900
17.994,18348,0,2,4.868,425.2,2.0700,5.208,442.6,2.3040
18.014,18368,0,2,4.876,425.2,2.0780,5.216,420.0,2.1880
18.034,18388,0,2,4.872,425.0,2.0840,5.216,441.0,2.2940
18.051,18408,0,2,4.876,422.9,2.0800,5.220,409.1,2.1880
18.072,18428,0,2,4.880,427.0,2.0880,5.216,376.7,2.0880
18.092,18448,0,2,4.876,423.4,2.0980,5.216,408.6,2.1760
18.113,18468,0,2,4.864,424.8,2.0800,5.216,409.1,2.1340
18.133,18488,0,2,4.868,424.6,2.0840,5.216,408.5,2.1300
18.153,18508,0,2,4.876,426.8,2.0840,5.216,410.5,2.1360
18.174,18528,0,2,4.872,423.3,2.1040,5.216,407.7,1.8800
18.194,18548,0,2,4.880,426.7,2.0900,5.216,409.5,2.1360
18.211,18568,0,2,4.868,424.5,2.0780,5.216,408.7,2.1300
18.232,18588,0,2,4.872,423.1,2.0840,5.216,409.2,2.1340
18.252,18608,0,2,4.880,420.8,2.0940,5.216,409.1,2.1400
18.272,18628,0,2,4.880,425.8,2.0900,5.216,386.3,2.0620
18.293,18648,0,2,4.876,423.3,2.0980,5.216,409.4,2.1340
18.313,18668,0,2,4.876,426.4,2.0980,5.220,408.8,2.1340
18.333,18688,0,2,4.872,423.8,2.0780,5.220,409.6,2.1360
18.354,18708,0,2,4.892,420.8,2.1000,5.216,409.2,2.1340
18.375,18728,0,2,4.896,427.3,2.0640,5.220,361.5,2.1360
18.391,18748,0,2,4.884,424.3,2.0780,5.216,409.0,2.1360
18.412,18768,0,2,4.880,427.7,2.1160,5.216,410.0,2.1360
18.432,18788,0,2,4.876,425.9,2.1080,5.220,407.7,2.1260
18.453,18808,0,2,4.924,424.5,2.0580,5.216,409.7,2.1300
18.473,18828,0,2,4.888,427.7,2.0680,5.216,388.6,2.0260
18.493,18848,0,2,4.892,423.4,2.0740,5.216,410.4,2.1340
18.514,18868,0,2,4.876,428.1,2.1160,5.220,410.3,2.1400
18.534,18888,0,2,4.892,421.2,2.0620,5.216,408.5,2.1300
18.551,18908,0,2,4.888,432.1,2.0940,5.216,409.0,2.1340
18.571,18928,0,2,4.896,423.2,2.0680,5.220,358.1,2.1440
18.592,18948,0,2,4.888,422.1,2.0740,5.216,409.1,2.1360
18.612,18968,0,2,4.888,422.9,2.0740,5.212,409.9,2.1360
18.633,18988,0,2,4.880,421.2,2.0800,5.212,409.5,2.1360
18.653,19008,0,2,4.860,465.3,2.2280,5.212,411.2,2.1400
18.674,19028,0,2,4.932,423.3,2.0580,5.220,384.5,2.1360
18.694,19048,0,2,4.888,424.6,2.0880,5.216,409.4,2.1340
18.714,19068,0,2,4.892,429.3,2.0980,5.216,411.1,2.1440
18.731,19088,0,2,4.888,422.2,2.0580,5.216,453.3,2.3600
18.752,19108,0,2,4.912,438.7,2.2540,5.196,510.9,2.6140
18.772,19128,0,2,4.892,421.6,2.0840,5.220,412.2,2.3760
18.792,19148,0,2,4.948,427.0,2.0520,5.208,461.4,2.3760
18.813,19168,0,2,4.892,425.0,2.0740,5.220,409.8,2.1360
18.833,19188,0,2,4.904,426.5,2.0800,5.216,416.4,2.1700
18.854,19208,0,2,4.888,420.9,2.0900,5.216,443.1,2.3460
18.874,19228,0,2,4.948,427.0,2.0620,5.228,385.9,2.1700
18.891,19248,0,2,4.924,427.1,2.0540,5.216,410.7,2.1440
18.911,19268,0,2,4.900,422.7,2.0580,5.212,417.7,2.1760
18.932,19288,0,2,4.900,426.2,2.0780,5.204,469.0,2.4420
18.952,19308,0,2,4.944,427.1,2.0520,5.216,426.1,2.2160
18.973,19328,0,2,4.912,422.8,2.0740,5.220,361.1,2.1300
18.993,19348,0,2,4.912,425.5,2.0620,5.212,416.2,2.1800
19.014,19368,0,2,4.936,423.3,2.0620,5.216,409.0,2.1340
19.034,19388,0,2,4.940,425.5,2.0700,5.216,416.2,2.1700
19.054,19408,0,2,4.884,425.9,2.0420,5.216,411.4,2.1300
19.071,19428,0,2,4.932,422.1,2.0800,5.228,378.6,2.1800
19.092,19448,0,2,4.868,426.1,2.0380,5.220,408.4,2.1340
19.112,19468,0,2,4.936,424.0,2.0640,5.216,416.2,2.1720
19.132,19488,0,2,4.900,425.7,2.0680,5.216,409.5,2.1340
19.153,19508,0,2,4.940,421.6,2.0700,5.216,417.8,2.1760
19.173,19528,0,2,4.888,420.0,2.0700,5.224,409.3,2.1360
19.194,19548,0,2,4.872,421.6,2.0780,5.212,416.6,2.1720
19.214,19568,0,2,4.912,425.0,2.0680,5.220,409.5,2.1360
19.231,19588,0,2,4.936,421.0,2.0440,5.216,416.0,2.1700
19.251,19608,0,2,4.868,421.0,2.0780,5.216,408.7,2.1400
19.272,19628,0,2,4.912,424.8,2.0440,5.224,376.2,2.1720
19.293,19648,0,2,4.864,424.7,2.0640,5.220,410.4,2.1360
19.313,19668,0,2,4.868,426.2,2.0680,5.216,416.2,2.1700
19.333,19688,0,2,4.868,423.5,2.0580,5.220,411.8,2.1500
19.354,19708,0,2,4.856,424.8,2.0580,5.212,417.4,2.1700
19.374,19728,0,2,4.892,420.6,2.0700,5.228,409.9,2.1360
19.394,19748,0,2,4.860,425.0,2.0620,5.216,420.3,2.1700
19.411,19768,0,2,4.868,427.6,2.0740,5.216,409.0,2.1340
19.432,19788,0,2,4.868,423.4,2.0540,5.216,419.2,2.1860
19.452,19808,0,2,4.864,421.0,2.0520,5.216,410.6,2.1300
19.473,19828,0,2,4.844,432.7,2.0800,5.220,414.2,2.1880
19.493,19848,0,2,4.868,423.4,2.0580,5.216,408.5,2.1360
19.513,19868,0,2,4.876,424.0,2.0580,5.212,411.3,2.1440
19.534,19888,0,2,4.864,422.6,2.0520,5.216,408.3,2.1300
19.554,19908,0,2,4.860,421.4,2.0700,5.216,409.7,2.1300
19.571,19928,0,2,4.856,460.0,2.2520,5.220,436.8,2.1700
19.592,19948,0,2,4.864,425.9,2.0620,5.216,411.4,2.1340
19.613,19968,0,2,4.864,424.9,2.0640,5.216,409.9,2.1360
19.633,19988,0,2,4.864,425.5,2.0640,5.220,408.9,2.1300
19.653,20008,0,2,4.852,426.5,2.0620,5.220,411.5,2.1240
19.673,20028,0,2,4.836,459.4,2.2440,5.208,451.0,2.3520
19.694,20048,0,2,4.840,457.2,2.2080,5.220,409.4,2.1340
19.714,20068,0,2,4.844,456.4,2.2060,5.216,408.9,2.1300
19.735,20088,0,2,4.836,457.4,2.2080,5.216,451.8,2.3520
19.751,20108,0,2,4.860,424.0,2.0620,5.212,457.1,2.3720
19.772,20128,0,2,4.844,423.4,2.0440,5.204,464.3,2.4320
19.792,20148,0,2,4.860,425.4,2.0580,5.216,407.4,2.1240
19.812,20168,0,2,4.852,420.6,2.0380,5.216,409.7,2.1360
19.833,20188,0,2,4.856,422.1,2.0440,5.216,406.2,2.1200
19.853,20208,0,2,4.852,427.8,2.0420,5.208,410.8,2.1300
19.874,20228,0,2,4.848,426.6,2.0520,5.220,414.0,2.1340
19.894,20248,0,2,4.856,425.9,2.0640,5.216,410.4,2.1340
19.911,20268,0,2,4.852,423.7,2.0540,5.216,410.2,2.1360
19.931,20288,0,2,4.852,421.4,2.0420,5.216,408.9,2.1340
19.960,20308,0,2,4.844,425.7,2.0520,5.216,409.5,1.9080
19.972,20328,0,2,4.848,428.6,2.0480,5.216,409.3,2.1400
19.993,20348,0,2,4.852,424.8,2.0620,5.220,409.7,2.1440
20.013,20368,0,2,4.848,425.8,2.0620,5.220,408.5,2.1300
20.034,20388,0,2,4.840,427.2,2.0540,5.216,408.6,2.1300
20.054,20408,0,2,4.844,424.0,2.0380,5.220,409.8,2.1340
20.075,20428,0,2,4.840,423.0,2.0640,5.220,406.2,2.1260
20.091,20448,0,2,4.880,419.7,2.0380,5.212,410.0,2.1400
20.112,20468,0,2,4.844,425.7,2.0680,5.216,409.7,2.1360
20.132,20488,0,2,4.844,421.4,2.0640,5.216,410.0,2.1360
20.152,20508,0,2,4.840,427.3,2.0520,5.216,409.0,1.9300
20.173,20528,0,2,4.840,425.6,2.0440,5.216,416.2,2.1400
20.193,20548,0,2,4.872,423.2,2.0680,5.216,408.6,2.1300
20.214,20568,0,2,4.864,432.9,2.1040,5.216,417.9,2.1800
20.234,20588,0,2,4.836,436.2,2.0980,5.216,411.9,2.1460
20.251,20608,0,2,4.848,421.9,2.0640,5.216,417.2,2.1880
20.271,20628,0,2,4.840,423.6,2.0440,5.212,409.4,2.1260
20.292,20648,0,2,4.844,422.1,2.0620,5.216,416.6,2.1820
20.312,20668,0,2,4.836,425.8,2.0700,5.212,408.7,2.1340
20.333,20688,0,2,4.844,422.2,2.0420,5.216,416.9,2.1720
20.353,20708,0,2,4.844,420.4,2.0640,5.220,409.5,1.9600
20.373,20728,0,2,4.848,424.7,2.0640,5.216,416.4,2.1800
20.394,20748,0,2,4.804,465.2,2.2440,5.220,410.2,2.1340
20.414,20768,0,2,4.840,420.4,2.0380,5.212,417.4,2.1760
20.431,20788,0,2,4.836,425.2,2.0580,5.216,409.7,2.1360
20.452,20808,0,2,4.840,423.0,2.0580,5.216,417.7,1.9140
20.472,20828,0,2,4.844,421.6,2.0680,5.216,410.5,2.1400
20.492,20848,0,2,4.840,434.8,2.1000,5.208,457.7,2.2060
20.513,20868,0,2,4.844,422.4,2.0520,5.216,407.6,2.1240
20.533,20888,0,2,4.840,422.0,2.0540,5.216,417.2,2.1760
20.554,20908,0,2,4.836,426.5,2.0640,5.216,409.6,1.9800
20.574,20928,0,2,4.848,425.0,2.0520,5.216,417.1,2.1720
20.595,20948,0,2,4.848,426.1,2.0680,5.216,436.2,2.3520
20.611,20968,0,2,4.844,423.3,2.0540,5.212,416.5,2.1700
20.632,20988,0,2,4.848,422.9,2.0580,5.220,410.0,2.1360
20.652,21008,0,2,4.844,426.4,2.0740,5.220,415.5,1.9140
20.673,21028,0,2,4.848,423.0,2.0680,5.220,409.0,2.1360
20.693,21048,0,2,4.836,423.8,2.0580,5.216,416.1,2.1800
20.714,21068,0,2,4.852,426.3,2.0700,5.212,443.7,2.3100
20.734,21088,0,2,4.848,420.6,2.0680,5.208,494.1,2.5700
20.754,21108,0,2,4.852,426.2,2.0440,5.204,489.5,2.4700
20.771,21128,0,2,4.856,424.4,2.0420,5.200,498.8,2.5820
20.791,21148,0,2,4.840,419.4,2.0380,5.220,407.7,2.1200
20.812,21168,0,2,4.852,425.3,2.0640,5.216,418.9,2.1820
20.833,21188,0,2,4.852,429.6,2.0700,5.216,409.5,2.1340
20.853,21208,0,2,4.844,424.5,2.0520,5.212,426.1,1.9400
20.873,21228,0,2,4.848,424.8,2.0680,5.216,408.7,2.1300
20.894,21248,0,2,4.840,422.4,2.0520,5.216,409.8,2.1880
20.914,21268,0,2,4.868,425.4,2.0680,5.216,409.2,2.1340
20.935,21288,0,2,4.856,425.0,2.0700,5.216,420.3,2.1920
20.951,21308,0,2,4.848,422.5,2.0680,5.220,386.4,2.0340
20.972,21328,0,2,4.856,419.9,2.0380,5.216,409.0,2.1820
20.992,21348,0,2,4.852,423.5,2.0580,5.216,409.2,2.1400
21.013,21368,0,2,4.880,421.5,2.0580,5.216,409.2,2.1340
21.033,21388,0,2,4.848,425.0,2.0640,5.216,409.5,2.1360
21.054,21408,0,2,4.852,418.9,2.0740,5.220,360.6,2.1340
21.074,21428,0,2,4.860,416.8,2.0260,5.216,408.8,2.1400
21.094,21448,0,2,4.848,421.1,2.0440,5.216,409.6,2.1400
21.111,21468,0,2,4.872,422.2,2.0680,5.216,409.3,2.1360
21.132,21488,0,2,4.844,424.3,2.0680,5.216,409.8,2.1360
21.152,21508,0,2,4.852,422.2,2.0580,5.216,394.7,2.0220
21.172,21528,0,2,4.852,421.2,2.0480,5.216,409.8,2.1400
21.193,21548,0,2,4.852,419.3,2.0340,5.216,408.8,2.1360
21.213,21568,0,2,4.824,471.7,2.2800,5.216,408.8,2.1300
21.234,21588,0,2,4.856,421.1,2.0780,5.220,408.9,2.1300
21.254,21608,0,2,4.856,420.3,2.0700,5.216,361.1,2.1260
21.275,21628,0,2,4.856,423.1,2.0620,5.216,409.2,2.1340
21.291,21648,0,2,4.856,420.5,2.0480,5.216,410.3,2.1340
21.312,21668,0,2,4.852,470.5,2.2840,5.208,412.6,2.1500
21.332,21688,0,2,4.852,421.2,2.0780,5.216,409.9,2.1360
21.353,21708,0,2,4.856,425.8,2.0800,5.228,378.8,2.1360
21.373,21728,0,2,4.860,425.2,2.0700,5.220,409.3,2.1360
21.394,21748,0,2,4.856,425.5,2.0800,5.216,409.3,2.1360
21.414,21768,0,2,4.856,426.6,2.0780,5.216,448.6,2.3340
21.435,21788,0,2,4.864,426.4,2.0640,5.216,410.1,2.1400
21.451,21808,0,2,4.856,424.9,2.0620,5.220,357.5,2.1260
21.472,21828,0,2,4.848,425.7,2.0800,5.216,412.3,2.1360
21.492,21848,0,2,4.852,425.7,2.0740,5.216,409.3,2.1360
21.513,21868,0,2,4.860,423.3,2.0780,5.216,413.0,2.1520
21.533,21888,0,2,4.860,421.9,2.0540,5.216,409.0,2.1340
21.553,21908,0,2,4.856,421.2,2.1080,5.228,372.2,2.1360
21.574,21928,0,2,4.856,429.9,2.1140,5.220,409.5,2.1500
21.594,21948,1,3,4.596,419.1,1.9240,5.212,414.3,2.1340
21.615,21968,1,3,4.580,423.8,1.9440,5.216,409.3,2.1360
21.631,21988,1,3,4.576,426.2,1.9300,5.216,417.9,2.1800
21.652,22008,1,3,4.580,422.3,1.9340,5.224,409.3,2.1360
21.672,22028,1,3,4.572,421.5,1.9340,5.216,417.5,2.1700
21.693,22048,1,3,4.576,420.5,1.9260,5.216,411.0,2.1340
21.713,22068,1,3,4.584,422.4,1.9360,5.212,415.4,2.1660
21.733,22088,1,3,4.584,421.4,1.9440,5.216,453.9,2.3620
21.755,22108,1,3,4.592,417.9,1.9460,5.212,426.0,2.4220
21.774,22128,1,3,4.580,421.6,1.9300,5.216,406.8,2.1200
21.791,22148,1,3,4.580,420.7,1.9300,5.216,414.8,2.1560
21.811,22168,1,3,4.580,427.9,1.9660,5.216,408.6,2.1300
21.832,22188,1,3,4.604,418.9,1.9460,5.212,418.2,2.1800
21.852,22208,1,3,4.580,420.5,1.9540,5.220,410.9,2.1360
21.873,22228,1,3,4.584,425.9,1.9540,5.212,418.0,2.1760
21.893,22248,1,3,4.580,421.7,1.9300,5.216,408.9,2.1200
21.914,22268,1,3,4.580,428.2,1.9620,5.212,416.4,2.1700
21.934,22288,1,3,4.612,420.5,1.9500,5.216,409.6,2.1360
21.955,22308,1,3,4.584,421.5,1.9400,5.216,416.4,2.1700
21.972,22328,1,3,4.588,419.7,1.9240,5.216,409.0,2.1440
21.992,22348,1,3,4.576,424.3,1.9460,5.216,415.5,2.1760
22.013,22368,1,3,4.584,420.5,1.9240,5.216,409.3,2.1340
22.033,22388,1,3,4.572,430.5,1.9460,5.216,416.4,2.1700
22.053,22408,1,3,4.584,419.2,1.9540,5.224,409.3,2.1400
22.074,22428,1,3,4.576,424.6,1.9460,5.216,415.2,2.1720
22.094,22448,1,3,4.584,422.8,1.9360,5.216,410.0,2.1360
22.114,22468,1,3,4.584,419.5,1.9500,5.216,416.7,2.1720
22.131,22488,1,3,4.576,460.1,2.1140,5.208,418.1,2.1800
22.152,22508,1,3,4.580,421.4,1.9440,5.216,417.9,2.1700
22.172,22528,1,3,4.584,421.1,1.9300,5.220,408.4,2.1300
22.193,22548,1,3,4.584,424.5,1.9460,5.216,417.7,2.1800
22.213,22568,1,3,4.584,425.4,1.9360,5.216,408.2,2.1300
22.233,22588,1,3,4.580,428.6,1.9900,5.208,457.4,2.3780
22.254,22608,1,3,4.588,424.1,1.9340,5.216,409.5,2.1340
22.274,22628,1,3,4.572,421.9,1.9340,5.216,419.8,2.1800
22.295,22648,1,3,4.596,424.4,1.9440,5.220,410.4,2.1340
22.311,22668,1,3,4.584,419.6,1.9460,5.216,417.7,2.1760
22.332,22688,1,3,4.580,420.4,1.9500,5.220,418.1,2.1800
22.352,22708,1,3,4.588,424.5,1.9140,5.216,409.2,2.1560
22.373,22728,1,3,4.596,420.3,1.9260,5.216,409.1,2.1400
22.393,22748,1,3,4.584,427.8,1.9600,5.220,410.6,2.1360
22.413,22768,1,3,4.580,424.5,1.9300,5.220,409.8,2.1360
22.434,22788,1,3,4.572,456.8,2.0880,5.216,409.4,2.1360
22.454,22808,1,3,4.568,456.6,2.0800,5.216,408.7,2.1340
22.471,22828,1,3,4.568,455.8,2.0800,5.216,409.2,2.1340
22.492,22848,1,3,4.568,458.3,2.0900,5.216,409.1,2.1400
22.512,22868,1,3,4.628,419.6,1.9240,5.216,409.2,2.1340
22.532,22888,1,3,4.580,420.5,1.9540,5.220,409.3,2.1400
22.553,22908,1,3,4.584,420.5,1.9440,5.216,410.0,2.1440
22.573,22928,1,3,4.584,420.5,1.9300,5.216,409.0,2.1360
22.594,22948,1,3,4.584,421.1,1.9300,5.216,410.5,2.1460
22.614,22968,1,3,4.588,420.7,1.9600,5.216,408.9,2.1300
22.635,22988,1,3,4.588,425.2,1.9360,5.212,374.4,1.9560
22.651,23008,1,3,4.604,420.5,1.9460,5.216,409.2,2.1360
22.672,23028,1,3,4.584,419.9,1.9200,5.216,409.2,2.1360
22.692,23048,1,3,4.584,420.4,1.9260,5.216,411.4,2.1360
22.713,23068,1,3,4.580,421.9,1.9260,5.216,408.9,2.1340
22.733,23088,1,3,4.584,424.9,1.9260,5.216,450.7,2.3500
22.753,23108,1,3,4.620,418.2,1.9300,5.204,458.4,2.3760
22.774,23128,1,3,4.580,424.4,1.9460,5.208,455.7,2.3720
22.794,23148,1,3,4.576,427.1,1.9600,5.216,408.6,2.1300
22.811,23168,1,3,4.580,421.2,1.9300,5.216,409.4,2.1360
22.832,23188,1,3,4.580,421.7,1.9500,5.220,378.6,1.9800
22.852,23208,1,3,4.616,422.8,1.9560,5.220,409.5,2.1360
22.872,23228,1,3,4.588,422.0,1.9360,5.216,409.2,2.1400
22.893,23248,1,3,4.588,419.9,1.9240,5.216,407.7,2.1440
22.913,23268,1,3,4.588,423.9,1.9340,5.216,409.1,2.1340
22.934,23288,1,3,4.588,425.0,1.9260,5.216,361.4,1.8840
22.954,23308,1,3,4.548,462.5,2.1080,5.220,412.6,2.1340
22.975,23328,1,3,4.584,424.8,1.9460,5.212,411.2,2.1340
22.991,23348,1,3,4.584,421.7,1.9340,5.216,410.6,2.1360
23.012,23368,1,3,4.580,420.8,1.9400,5.216,409.8,2.1360
23.032,23388,1,3,4.584,422.5,1.9100,5.216,379.9,1.9820
23.053,23408,1,3,4.572,437.0,1.9920,5.204,458.3,2.2160
23.073,23428,1,3,4.576,420.5,1.9260,5.216,410.1,2.1260
23.094,23448,1,3,4.584,419.5,1.9200,5.216,418.2,2.1620
23.114,23468,1,3,4.584,425.8,1.9340,5.216,409.9,2.1360
23.134,23488,1,3,4.588,425.1,1.9260,5.216,369.2,1.9260
23.155,23508,1,3,4.580,425.0,1.9440,5.216,429.4,2.3520
23.172,23528,1,3,4.588,423.1,1.9360,5.208,417.3,2.1800
23.192,23548,1,3,4.580,421.2,1.9300,5.216,409.3,2.1340
23.212,23568,1,3,4.588,424.1,1.9240,5.216,417.2,2.1760
23.233,23588,1,3,4.588,424.8,1.9360,5.212,394.2,2.0540
23.253,23608,1,3,4.584,420.3,1.9260,5.216,416.6,2.1720
23.274,23628,1,3,4.588,424.7,1.9460,5.216,409.9,2.1340
23.294,23648,1,3,4.584,422.8,1.9360,5.216,417.7,2.1700
23.315,23668,1,3,4.580,426.1,1.9620,5.216,409.0,2.1340
23.331,23688,1,3,4.580,423.5,1.9200,5.216,367.5,1.9160
23.352,23708,1,3,4.588,420.8,1.9300,5.216,408.4,2.1340
23.372,23728,1,3,4.588,425.6,1.9500,5.216,415.6,2.1860
23.393,23748,1,3,4.584,423.7,1.9440,5.216,409.0,2.1340
23.413,23768,1,3,4.576,421.1,1.9340,5.216,416.2,2.1720
23.433,23788,1,3,4.584,418.9,1.9500,5.216,390.4,2.0340
23.454,23808,1,3,4.584,423.4,1.9400,5.216,415.9,2.1700
23.474,23828,1,3,4.600,422.0,1.9360,5.208,442.3,2.3060
23.495,23848,1,3,4.588,422.8,1.9400,5.208,451.6,2.3500
23.512,23868,1,3,4.584,419.5,1.9440,5.208,442.4,2.3040
23.532,23888,1,3,4.588,420.2,1.9460,5.212,449.5,2.3360
23.552,23908,1,3,4.580,420.2,1.9240,5.216,409.2,2.1300
23.573,23928,1,3,4.612,423.7,1.9460,5.216,416.3,2.1820
23.594,23948,1,3,4.588,419.4,1.9240,5.216,409.6,2.1360
23.614,23968,1,3,4.584,419.1,1.9340,5.216,418.6,2.1820
23.635,23988,1,3,4.580,424.6,1.9260,5.216,382.7,1.9960
23.655,24008,1,3,4.584,420.6,1.9260,5.216,421.4,2.1700
23.671,24028,1,3,4.608,419.3,1.9360,5.216,408.9,2.1340
23.692,24048,1,3,4.584,419.6,1.9240,5.216,421.0,2.1720
23.712,24068,1,3,4.588,422.3,1.9400,5.216,407.0,2.1200
23.733,24088,1,3,4.584,426.6,1.9260,5.216,464.5,2.4160
23.753,24108,1,3,4.584,420.1,1.9240,5.208,461.4,2.4060
23.774,24128,1,3,4.556,431.3,1.9860,5.216,408.6,2.1760
23.794,24148,1,3,4.580,419.4,1.9500,5.216,407.8,2.1300
23.814,24168,1,3,4.588,423.2,1.9160,5.212,408.6,2.1300
23.835,24188,1,3,4.584,422.0,1.9240,5.228,410.1,2.1400
23.851,24208,1,3,4.580,424.0,1.9440,5.216,408.8,2.1440
23.872,24228,1,3,4.572,465.0,2.1160,5.216,413.1,2.1520
23.892,24248,1,3,4.580,421.3,1.9440,5.216,409.8,2.1300
23.913,24268,1,3,4.584,423.3,1.9360,5.216,410.2,2.1360
23.933,24288,1,3,4.588,419.1,1.9460,5.220,411.8,2.1500
23.954,24308,1,3,4.584,419.4,1.9200,5.216,409.6,2.1360
23.974,24328,1,3,4.584,426.0,1.9460,5.212,447.4,2.3500
23.995,24348,1,3,4.584,423.2,1.9340,5.212,409.8,2.1700
24.011,24368,1,3,4.584,420.1,1.9400,5.216,410.8,2.1400
24.032,24388,1,3,4.584,420.6,1.9440,5.224,409.3,2.1360
24.052,24408,1,3,4.588,424.5,1.9440,5.216,410.8,2.1360
24.073,24428,1,3,4.584,423.9,1.9400,5.216,412.1,2.1800
24.093,24448,1,3,4.584,419.9,1.9360,5.216,409.9,2.1400
24.114,24468,1,3,4.580,420.1,1.9360,5.216,409.1,2.1340
24.134,24488,1,3,4.600,418.7,1.9500,5.220,408.3,2.1300
24.154,24508,1,3,4.584,423.0,1.9360,5.216,409.5,2.1400
24.175,24528,1,3,4.584,422.4,1.9340,5.216,409.2,2.1660
24.191,24548,1,3,4.588,425.4,1.9300,5.216,411.2,2.1340
24.212,24568,1,3,4.580,425.7,1.9240,5.216,411.2,2.1440
24.232,24588,1,3,4.576,424.8,1.9620,5.224,409.5,2.1360
24.253,24608,1,3,4.580,422.7,1.9360,5.220,409.7,2.1340
24.273,24628,1,3,4.580,420.8,1.9260,5.220,409.6,2.1460
24.294,24648,1,3,4.592,424.6,1.9340,5.216,409.4,2.1340
24.314,24668,1,3,4.584,419.2,1.9460,5.216,411.1,2.1440
24.335,24688,1,3,4.584,419.6,1.9560,5.224,408.8,2.1340
24.351,24708,1,3,4.584,423.8,1.9440,5.216,411.8,2.1300
24.372,24728,1,3,4.584,419.0,1.9200,5.216,410.1,2.1400
24.392,24748,1,3,4.604,417.9,1.9540,5.216,413.7,2.1360
24.413,24768,1,3,4.580,420.1,1.9440,5.220,410.3,2.1400
24.433,24788,1,3,4.580,420.2,1.9260,5.216,410.3,2.1400
24.454,24808,1,3,4.584,423.8,1.9440,5.216,408.7,2.1400
24.474,24828,1,3,4.584,422.7,1.9360,5.212,416.6,2.1700
24.494,24848,1,3,4.620,417.3,1.9400,5.220,411.6,2.1460
24.515,24868,1,3,4.588,421.9,1.9300,5.212,416.7,2.1720
24.533,24888,1,3,4.580,422.4,1.9340,5.224,409.9,2.1360
24.552,24908,1,3,4.580,424.7,1.9460,5.216,417.5,2.1860
24.573,24928,1,3,4.584,419.6,1.9260,5.220,408.7,2.1360
24.593,24948,0,4,4.836,430.1,2.0740,5.212,416.4,2.1720
24.613,24968,0,4,4.872,419.9,2.0700,5.216,409.3,2.1340
24.634,24988,0,4,4.864,420.7,2.0520,5.212,416.2,2.1700
24.654,25008,0,4,4.860,419.9,2.0440,5.216,408.1,2.1260
24.675,25028,0,4,4.864,422.3,2.0580,5.212,417.8,2.1720
24.691,25048,0,4,4.840,464.1,2.2480,5.208,457.3,2.3820
24.712,25068,0,4,4.860,420.4,2.0700,5.216,415.9,2.1700
24.732,25088,0,4,4.856,423.7,2.0620,5.224,451.7,2.3520
24.753,25108,0,4,4.860,424.5,2.0700,5.204,464.3,2.4240
24.773,25128,0,4,4.864,426.1,2.1000,5.208,455.5,2.3860
24.794,25148,0,4,4.856,430.1,2.1040,5.208,453.8,2.3620
24.814,25168,0,4,4.872,423.1,2.0780,5.216,407.9,2.1340
24.834,25188,0,4,4.860,420.8,2.0520,5.216,416.8,2.1720
24.855,25208,0,4,4.864,420.6,2.0740,5.216,408.9,2.1340
24.871,25228,0,4,4.860,423.8,2.0740,5.216,415.3,2.1700
24.892,25248,0,4,4.864,419.8,2.0800,5.216,419.3,2.1820
24.913,25268,0,4,4.868,418.5,2.1000,5.216,417.5,2.1800
24.933,25288,0,4,4.864,419.5,2.0580,5.204,471.7,2.4540
24.953,25308,0,4,4.868,422.7,2.0680,5.216,426.7,2.2240
24.974,25328,0,4,4.868,424.9,2.0980,5.216,408.5,2.1360
24.994,25348,0,4,4.868,424.0,2.0580,5.212,417.3,2.1760
25.015,25368,0,4,4.876,419.8,2.0640,5.212,408.6,2.1340
25.031,25388,0,4,4.864,424.6,2.0740,5.216,418.0,2.1800
25.052,25408,0,4,4.860,422.8,2.0880,5.220,410.7,2.1400
25.072,25428,0,4,4.880,422.9,2.0580,5.212,419.4,2.2180
25.093,25448,0,4,4.876,420.4,2.0640,5.216,408.9,2.1340
25.113,25468,0,4,4.888,421.5,2.0440,5.216,378.8,1.9800
25.133,25488,0,4,4.864,418.8,2.0620,5.216,409.4,2.1340
25.154,25508,0,4,4.876,422.9,2.0620,5.216,411.7,2.1920
25.174,25528,0,4,4.868,423.7,2.0840,5.220,409.9,2.1400
25.195,25548,0,4,4.892,416.9,2.1100,5.216,409.0,2.1340
25.212,25568,0,4,4.892,452.0,2.2080,5.216,407.6,2.1300
25.232,25588,0,4,4.864,455.5,2.2180,5.216,411.5,2.1460
25.253,25608,0,4,4.852,455.0,2.2380,5.216,409.5,2.1360
25.273,25628,0,4,4.868,457.2,2.2180,5.216,408.7,2.1340
25.293,25648,0,4,4.876,426.1,2.0440,5.216,409.3,2.1340
25.314,25668,0,4,4.920,422.5,2.0380,5.216,373.3,1.9500
25.335,25688,0,4,4.868,421.4,2.0700,5.216,410.3,2.1400
25.355,25708,0,4,4.876,423.8,2.0640,5.216,409.6,2.1360
25.372,25728,0,4,4.876,421.6,2.0540,5.216,408.6,2.1440
25.392,25748,0,4,4.880,421.3,2.0440,5.216,409.0,2.1340
25.413,25768,0,4,4.964,417.3,2.1100,5.216,360.5,1.8780
25.433,25788,0,4,4.876,422.7,2.0540,5.216,409.7,2.1360
25.455,25808,0,4,4.896,421.2,2.0520,5.216,409.1,2.1440
25.473,25828,0,4,4.884,424.5,2.0520,5.220,411.5,2.1360
25.494,25848,0,4,4.940,423.8,2.0480,5.216,409.9,2.1360
25.515,25868,0,4,4.892,461.6,2.1520,5.220,377.4,1.9700
25.535,25888,0,4,4.888,424.7,2.0640,5.216,409.0,2.1340
25.552,25908,0,4,4.884,419.1,2.0420,5.216,409.5,2.1400
25.572,25928,0,4,4.944,420.4,2.0440,5.216,409.3,2.1400
25.592,25948,0,4,4.692,520.6,2.5400,5.216,408.2,2.1300
25.613,25968,0,4,4.800,593.9,2.8380,5.208,366.9,1.9140
25.633,25988,0,4,4.780,465.9,2.2060,5.220,409.5,2.1360
25.654,26008,0,4,4.868,461.9,2.1820,5.216,409.6,2.1360
25.674,26028,0,4,4.820,460.4,2.1860,5.216,410.3,2.1460
25.695,26048,0,4,4.864,461.8,2.1800,5.216,409.9,2.1360
25.715,26068,0,4,4.724,463.2,2.2060,5.212,438.7,2.2840
25.732,26088,0,4,4.848,463.2,2.1880,5.216,454.0,2.3620
25.752,26108,0,4,4.816,462.9,2.1820,5.208,456.9,2.3960
25.773,26128,0,4,4.860,462.6,2.1800,5.216,407.8,2.1200
25.793,26148,0,4,4.720,463.7,2.1760,5.204,455.4,2.3720
25.813,26168,0,4,4.752,461.8,2.1720,5.216,363.0,1.8940
25.834,26188,0,4,4.848,463.1,2.1820,5.216,408.4,2.1300
25.854,26208,0,4,4.876,463.4,2.1820,5.212,417.0,2.1460
25.875,26228,0,4,4.720,462.2,2.1820,5.216,408.8,2.1560
25.891,26248,0,4,4.788,460.9,2.1800,5.216,417.5,2.1800
25.912,26268,0,4,4.724,461.0,2.1760,5.216,393.1,2.0480
25.933,26288,0,4,4.872,462.5,2.1860,5.212,416.1,2.1700
25.953,26308,0,4,4.740,463.3,2.1860,5.216,409.7,2.1360
25.973,26328,0,4,4.820,467.9,2.1860,5.212,415.4,2.1620
25.994,26348,0,4,4.720,461.7,2.1760,5.216,409.5,2.1360
26.014,26368,0,4,4.720,462.3,2.1720,5.212,366.5,1.9100
26.035,26388,0,4,4.760,463.2,2.1860,5.216,411.1,2.1440
26.055,26408,0,4,4.720,463.1,2.1820,5.216,416.2,2.1800
26.072,26428,0,4,4.724,461.5,2.2020,5.216,409.9,2.1300
26.092,26448,0,4,4.716,460.9,2.1760,5.216,417.4,2.1760
26.113,26468,0,4,4.724,460.5,2.1800,5.212,383.5,1.9980
26.133,26488,0,4,4.720,461.1,2.1720,5.212,417.0,2.1720
26.153,26508,0,4,4.720,460.3,2.1660,5.220,409.3,2.1260
26.174,26528,0,4,4.720,462.5,2.1820,5.216,417.4,2.1760
26.194,26548,0,4,4.724,462.0,2.1760,5.216,408.9,2.1340
26.215,26568,0,4,4.720,467.7,2.2340,5.216,416.8,2.1720
26.232,26588,0,4,4.728,460.1,2.1720,5.208,444.3,2.3140
26.252,26608,0,4,4.716,461.5,2.1720,5.212,450.5,2.3460
26.272,26628,0,4,4.720,461.9,2.1760,5.212,442.4,2.3100
26.293,26648,0,4,4.716,461.3,2.1720,5.208,450.8,2.3460
26.313,26668,0,4,4.720,461.1,2.1820,5.208,413.2,2.1520
26.334,26688,0,4,4.720,463.3,2.1820,5.216,416.4,2.1700
26.354,26708,0,4,4.708,461.7,2.1720,5.216,409.8,2.1400
26.375,26728,0,4,4.716,463.0,2.1800,5.216,417.0,2.1720
26.395,26748,0,4,4.708,462.7,2.1800,5.216,410.0,2.1500
26.412,26768,0,4,4.716,464.1,2.1800,5.216,417.3,2.1760
26.433,26788,0,4,4.716,464.0,2.1860,5.212,409.3,2.1360
26.453,26808,0,4,4.716,464.0,2.1860,5.216,419.4,2.1860
26.473,26828,0,4,4.716,460.0,2.1760,5.216,409.0,2.1340
26.494,26848,0,4,4.712,462.7,2.1700,5.212,421.0,2.1720
26.514,26868,0,4,4.708,461.3,2.1720,5.224,412.5,2.1520
26.535,26888,0,4,4.720,462.6,2.1800,5.216,461.0,2.3980
26.555,26908,0,4,4.708,462.9,2.1820,5.216,410.9,2.1260
26.572,26928,0,4,4.712,462.3,2.1760,5.216,409.1,2.1880
26.592,26948,0,4,4.708,463.1,2.1700,5.216,408.9,2.1340
26.612,26968,0,4,4.704,462.7,2.1800,5.220,410.5,2.1360
26.633,26988,0,4,4.708,462.5,2.1800,5.216,416.3,2.1700
26.653,27008,0,4,4.720,464.0,2.1860,5.216,409.8,2.1400
26.674,27028,0,4,4.704,462.5,2.1720,5.216,409.3,2.1340
26.694,27048,0,4,4.704,461.2,2.1800,5.216,408.9,2.1300
26.715,27068,0,4,4.712,460.6,2.1660,5.224,409.8,2.1360
26.735,27088,0,4,4.708,461.5,2.1760,5.204,461.7,2.4020
26.752,27108,0,4,4.708,462.0,2.1760,5.208,457.1,2.3760
26.772,27128,0,4,4.700,462.3,2.1800,5.208,455.2,2.3980
26.793,27148,0,4,4.716,460.9,2.1660,5.216,409.2,2.1340
26.813,27168,0,4,4.704,462.2,2.1760,5.224,409.0,2.1340
26.833,27188,0,4,4.708,460.6,2.1700,5.216,409.4,2.1360
26.854,27208,0,4,4.708,460.8,2.1720,5.216,409.4,2.1600
26.874,27228,0,4,4.704,463.0,2.1860,5.220,409.6,2.1360
26.895,27248,0,4,4.696,468.7,2.1800,5.212,409.3,2.1340
26.912,27268,0,4,4.708,463.8,2.1820,5.224,409.9,2.1360
26.932,27288,0,4,4.704,462.6,2.1800,5.220,408.9,2.1340
26.952,27308,0,4,4.704,463.0,2.1800,5.216,410.3,2.1360
26.973,27328,0,4,4.704,462.4,2.1860,5.216,410.3,2.1440
26.993,27348,0,4,4.708,467.2,2.2080,5.212,409.5,2.1360
27.014,27368,0,4,4.708,463.5,2.1860,5.224,409.5,2.1360
27.034,27388,0,4,4.708,464.0,2.1880,5.216,410.2,2.1360
27.055,27408,0,4,4.704,461.2,2.1760,5.212,408.9,2.1400
27.075,27428,0,4,4.708,463.4,2.1820,5.216,409.1,2.1340
27.092,27448,0,4,4.704,461.9,2.1760,5.216,410.8,2.1440
27.112,27468,0,4,4.704,462.3,2.1800,5.220,408.5,2.1300
27.133,27488,0,4,4.708,463.2,2.1860,5.220,409.0,2.1340
27.153,27508,0,4,4.704,462.6,2.1800,5.216,408.4,2.1360
27.173,27528,0,4,4.708,463.3,2.1800,5.216,410.2,2.1360
27.194,27548,0,4,4.708,459.4,2.1800,5.212,410.2,2.1400
27.214,27568,0,4,4.700,463.4,2.1860,5.228,409.8,2.1360
27.235,27588,0,4,4.708,462.8,2.1860,5.216,410.6,2.1400
27.251,27608,0,4,4.708,461.2,2.1720,5.208,446.0,2.1760
27.272,27628,0,4,4.708,462.4,2.1720,5.212,415.7,2.1360
27.292,27648,0,4,4.708,463.8,2.1800,5.216,408.9,2.1300
27.313,27668,0,4,4.704,464.2,2.1880,5.212,416.4,2.1700
27.333,27688,0,4,4.704,462.7,2.1820,5.216,410.4,2.1400
27.354,27708,0,4,4.708,462.7,2.1880,5.204,459.6,2.3700
27.374,27728,0,4,4.708,462.6,2.1880,5.220,408.6,2.1460
27.395,27748,0,4,4.708,461.3,2.1820,5.216,416.2,2.1720
27.415,27768,0,4,4.708,463.3,2.1860,5.216,410.8,2.1400
27.432,27788,0,4,4.704,461.4,2.1800,5.212,416.4,2.1700
27.452,27808,0,4,4.708,461.9,2.1760,5.216,418.8,2.3500
27.472,27828,0,4,4.704,462.0,2.1880,5.216,417.2,2.1700
27.493,27848,0,4,4.708,463.8,2.1860,5.216,408.7,2.1360
27.513,27868,0,4,4.708,462.0,2.1800,5.212,416.8,2.1720
27.534,27888,0,4,4.704,460.3,2.1700,5.220,411.2,2.1440
27.555,27908,0,4,4.700,462.6,2.1820,5.212,415.7,2.1660
27.575,27928,0,4,4.712,462.2,2.1720,5.216,409.3,2.1400
27.592,27948,0,4,4.728,462.3,2.1720,5.220,415.3,2.1660
27.612,27968,0,4,4.704,462.0,2.1800,5.216,409.5,2.1360
27.632,27988,0,4,4.712,460.3,2.1760,5.216,416.4,2.1720
27.653,28008,0,4,4.708,462.2,2.2620,5.220,409.2,2.1340
27.673,28028,0,4,4.732,419.0,2.0120,5.216,417.4,2.1760
27.694,28048,0,4,4.736,424.4,1.9860,5.216,407.4,2.1260
27.714,28068,0,4,4.728,424.5,2.0160,5.216,417.0,2.1720
27.734,28088,0,4,4.736,421.6,2.0020,5.212,452.8,2.3560
27.755,28108,0,4,4.728,420.5,2.0160,5.204,463.9,2.4580
27.772,28128,0,4,4.744,419.6,2.0160,5.208,456.2,2.3860
27.792,28148,0,4,4.732,418.1,2.0280,5.216,376.7,1.9660
27.813,28168,0,4,4.732,423.0,2.0060,5.216,409.1,2.1340
27.835,28188,0,4,4.724,423.3,2.0120,5.212,417.4,2.1760
27.854,28208,0,4,4.732,423.3,1.9860,5.216,408.6,2.1300
27.874,28228,0,4,4.752,420.6,2.0160,5.216,418.1,2.1920
27.894,28248,0,4,4.728,420.5,2.0080,5.220,408.2,2.1300
27.915,28268,0,4,4.732,418.8,1.9860,5.216,419.3,2.1860
27.931,28288,0,4,4.728,424.2,2.0120,5.216,409.4,2.1360
27.952,28308,0,4,4.728,419.2,2.0120,5.216,419.0,2.1880
27.972,28328,0,4,4.756,450.3,2.1860,5.216,411.4,2.1400
27.993,28348,0,4,4.712,455.1,2.1700,5.216,382.3,1.9960
28.013,28368,0,4,4.716,456.8,2.1800,5.216,409.8,2.1360
28.034,28388,0,4,4.712,452.5,2.1440,5.216,410.3,2.1400
28.054,28408,0,4,4.744,424.0,2.0180,5.216,409.1,2.1440
28.075,28428,0,4,4.700,462.4,2.0800,5.216,409.8,2.1400
28.095,28448,0,4,4.744,422.4,2.0160,5.216,360.4,1.8800
28.112,28468,0,4,4.728,421.0,1.9980,5.220,409.2,2.1340
28.132,28488,0,4,4.736,422.5,2.0260,5.216,412.0,2.1500
28.153,28508,0,4,4.732,421.2,2.0060,5.216,409.1,2.1360
28.173,28528,0,4,4.728,456.9,2.2620,5.208,423.5,2.1520
28.193,28548,0,4,4.728,420.3,1.9980,5.212,382.1,1.9960
28.214,28568,0,4,4.732,423.2,2.0280,5.220,409.3,2.1340
28.234,28588,0,4,4.728,418.6,2.0020,5.212,408.1,2.1260
28.255,28608,0,4,4.732,421.8,2.0320,5.216,409.2,2.1360
28.275,28628,0,4,4.740,427.9,2.0780,5.208,450.8,2.3420
28.292,28648,0,4,4.740,418.6,2.0080,5.220,359.6,1.8740
28.312,28668,0,4,4.732,421.9,2.0620,5.216,414.3,2.1600
28.333,28688,0,4,4.732,425.3,2.0580,5.216,410.0,2.1360
28.353,28708,0,4,4.744,418.4,2.0640,5.220,409.9,2.1360
28.374,28728,0,4,4.740,422.7,2.0640,5.216,410.2,2.1800
28.394,28748,0,4,4.756,424.6,2.0680,5.216,392.6,2.0480
28.414,28768,0,4,4.732,418.7,2.0180,5.216,409.6,2.1360
28.435,28788,0,4,4.740,419.8,2.0480,5.216,414.0,2.1560
28.452,28808,0,4,4.740,416.7,2.0680,5.216,409.3,2.1360
28.472,28828,0,4,4.756,419.6,1.9960,5.220,410.4,2.1340
28.492,28848,0,4,4.736,419.7,2.0220,5.216,359.8,1.8780
28.513,28868,0,4,4.740,422.2,2.0640,5.216,408.3,2.1260
28.533,28888,0,4,4.736,419.8,2.0520,5.220,410.7,2.1440
28.554,28908,0,4,4.736,424.9,2.0060,5.216,408.7,2.1600
28.574,28928,0,4,4.740,418.9,2.0700,5.212,410.7,2.1400
28.595,28948,0,4,4.748,423.8,2.0740,5.216,386.1,2.0120
28.615,28968,0,4,4.748,421.8,2.0060,5.216,410.0,2.1360
28.632,28988,0,4,4.748,420.8,2.0280,5.216,409.2,2.1340
28.652,29008,0,4,4.784,421.9,2.0080,5.216,410.6,2.1460
28.673,29028,0,4,4.776,423.1,2.0120,5.216,410.2,2.1620
28.693,29048,0,4,4.772,417.8,1.9920,5.220,410.4,2.1400
28.714,29068,0,4,4.740,419.1,2.0280,5.216,410.3,2.1400
28.734,29088,0,4,4.792,418.7,1.9900,5.204,465.5,2.4220
28.755,29108,0,4,4.768,418.5,2.0180,5.208,456.8,2.3780
28.775,29128,0,4,4.844,418.3,2.0320,5.208,464.1,2.4160
28.792,29148,0,4,4.764,418.9,2.0480,5.224,377.3,1.9700
28.812,29168,0,4,4.776,420.1,1.9960,5.216,416.0,2.1700
28.832,29188,0,4,4.760,419.6,1.9960,5.216,409.0,2.1340
28.853,29208,0,4,4.836,421.2,1.9980,5.212,417.0,2.1880
28.873,29228,0,4,4.788,421.6,1.9900,5.212,408.4,2.1300
28.894,29248,0,4,4.744,431.2,2.0620,5.220,416.4,2.1700
28.914,29268,0,4,4.852,417.9,1.9820,5.216,416.7,2.1720
28.935,29288,0,4,4.800,424.5,2.0180,5.216,416.8,2.1720
28.955,29308,0,4,4.884,422.5,2.0020,5.216,409.4,2.1360
28.972,29328,0,4,4.884,423.0,1.9980,5.216,417.1,2.1860
28.992,29348,0,4,4.824,462.0,2.1820,5.212,412.4,2.1500
29.013,29368,0,4,4.792,417.7,1.9860,5.208,450.1,2.3420
29.033,29388,0,4,4.896,418.0,1.9820,5.212,448.2,2.3340
29.054,29408,0,4,4.872,419.2,2.0120,5.208,449.9,2.3460
29.074,29428,0,4,4.808,419.8,1.9920,5.208,442.6,2.3000
29.095,29448,0,4,4.792,429.3,2.0340,5.212,459.0,2.3880
29.115,29468,0,4,4.888,418.0,1.9820,5.220,410.7,2.1400
29.132,29488,0,4,4.860,424.1,2.0080,5.216,415.5,2.1660
29.152,29508,0,4,4.840,418.3,2.0120,5.216,411.0,2.1700
29.172,29528,0,4,4.888,423.2,2.0060,5.212,417.5,2.1760
29.193,29548,0,4,4.884,419.0,1.9860,5.216,415.7,2.1660
29.213,29568,0,4,4.840,421.3,1.9980,5.216,415.7,2.1660
29.234,29588,0,4,4.864,424.7,2.0120,5.220,410.3,2.1400
29.254,29608,0,4,4.748,419.3,2.0020,5.216,417.7,2.1720
29.275,29628,0,4,4.748,424.4,1.9820,5.216,409.4,2.1620
29.295,29648,0,4,4.808,423.8,2.0080,5.212,415.6,2.1700
29.312,29668,0,4,4.880,418.5,1.9820,5.216,410.4,2.1400
29.333,29688,0,4,4.744,424.1,2.0080,5.212,416.3,2.1720
29.353,29708,0,4,4.756,418.6,1.9980,5.216,409.9,2.1360
29.373,29728,0,4,4.744,421.3,1.9820,5.212,421.1,2.1500
29.394,29748,0,4,4.892,418.3,1.9820,5.216,408.3,2.1300
29.414,29768,0,4,4.748,418.9,1.9860,5.212,420.2,2.1880
29.435,29788,0,4,4.780,422.1,2.0020,5.216,409.1,2.1340
29.455,29808,0,4,4.744,419.9,2.0080,5.216,410.0,2.2020
29.472,29828,0,4,4.744,420.3,1.9900,5.212,409.5,2.1300
29.493,29848,0,4,4.752,422.7,1.9980,5.216,409.1,2.1340
29.512,29868,0,4,4.816,422.5,2.0080,5.216,409.0,2.1340
29.533,29888,0,4,4.740,418.9,1.9800,5.216,409.5,2.1360
29.553,29908,0,4,4.740,423.8,1.9820,5.216,409.6,2.1140
29.574,29928,0,4,4.736,418.2,2.0080,5.216,410.0,2.1340
29.594,29948,0,4,4.744,420.1,1.9900,5.216,409.3,2.1360
29.615,29968,0,4,4.780,421.3,2.0060,5.216,410.1,2.1360
29.635,29988,0,4,4.740,422.1,1.9820,5.216,417.5,2.1800
29.656,30008,0,4,4.744,419.0,1.9980,5.216,413.9,2.1300
29.673,30028,0,4,4.736,418.7,2.0020,5.216,409.7,1.8980
29.693,30048,0,4,4.744,421.9,1.9920,5.216,408.8,2.1360
29.735,30068,0,4,4.756,418.3,1.9920,5.216,412.0,2.1500
29.739,30088,0,4,4.744,423.4,1.9760,5.212,454.7,2.3660
29.755,30108,0,4,4.736,424.3,1.9760,5.204,457.5,2.4180
29.777,30128,0,4,4.736,420.4,1.9860,5.220,406.4,2.1260
29.795,30148,0,4,4.748,424.9,2.0080,5.216,407.0,2.1240
29.815,30168,0,4,4.708,461.1,2.1700,5.216,409.2,2.1340
29.836,30188,0,4,4.732,423.9,1.9760,5.216,409.2,2.1340
29.852,30208,0,4,4.732,422.3,2.0280,5.220,409.9,2.1360
29.873,30228,0,4,4.732,418.5,1.9980,5.216,410.0,1.9440
29.893,30248,0,4,4.732,418.9,1.9800,5.212,410.2,2.1400
29.914,30268,0,4,4.724,455.0,2.1300,5.208,448.9,2.3420
29.934,30288,0,4,4.724,418.4,2.0020,5.216,409.5,2.1340
29.955,30308,0,4,4.724,422.9,1.9920,5.216,409.5,2.1360
29.975,30328,0,4,4.720,424.2,1.9800,5.216,408.7,1.8800
29.995,30348,0,4,4.740,419.0,1.9820,5.212,409.4,2.1720
30.016,30368,0,4,4.732,422.6,1.9960,5.212,449.7,2.3400
30.033,30388,0,4,4.732,423.0,1.9800,5.216,409.7,2.1360
30.053,30408,0,4,4.728,423.1,1.9820,5.216,409.1,2.1360
30.074,30428,0,4,4.728,418.5,1.9980,5.216,412.7,1.9600
30.094,30448,0,4,4.732,418.4,1.9800,5.216,408.8,2.1400
30.114,30468,0,4,4.732,422.2,1.9980,5.216,416.6,2.1720
30.135,30488,0,4,4.728,424.5,1.9820,5.216,409.0,2.1340
30.155,30508,0,4,4.732,417.8,2.0060,5.216,417.0,2.1660
30.176,30528,0,4,4.728,418.6,2.0020,5.216,407.8,1.8800
30.196,30548,0,4,4.728,420.6,1.9920,5.216,426.0,2.1360
30.213,30568,0,4,4.728,419.5,1.9820,5.212,411.6,2.1460
30.233,30588,0,4,4.728,418.9,2.0120,5.212,424.0,2.2080
30.254,30608,0,4,4.724,422.4,1.9920,5.220,408.7,2.1340
30.274,30628,0,4,4.728,420.7,2.0020,5.212,388.2,2.1240
30.295,30648,0,4,4.720,421.4,1.9920,5.212,412.0,2.1440
30.315,30668,0,4,4.736,424.2,2.0120,5.216,429.2,2.2380
30.336,30688,0,4,4.740,423.3,1.9900,5.216,407.3,2.1240
30.356,30708,0,4,4.724,420.2,2.0080,5.216,415.4,2.2080
30.373,30728,0,4,4.728,421.5,1.9820,5.216,408.7,1.8840
30.393,30748,0,4,4.724,421.4,1.9960,5.212,416.8,2.1760
30.414,30768,0,4,4.724,422.4,1.9980,5.216,408.9,2.1340
30.434,30788,0,4,4.752,417.0,1.9820,5.216,417.1,2.1720
30.454,30808,0,4,4.728,419.1,2.0080,5.220,408.7,2.1340
30.475,30828,0,4,4.728,418.8,2.0020,5.216,391.2,2.1620
30.495,30848,0,4,4.728,421.9,1.9980,5.216,410.2,2.1360
30.516,30868,0,4,4.724,419.8,1.9900,5.216,418.2,2.1800
30.536,30888,0,4,4.760,416.4,1.9960,5.212,409.9,2.1360
30.553,30908,0,4,4.724,419.9,2.0060,5.216,416.9,2.1700
30.574,30928,0,4,4.732,417.4,2.0120,5.220,360.9,2.1460
30.594,30948,0,4,4.720,423.0,2.0020,5.216,416.5,2.2080
30.614,30968,0,4,4.724,421.3,1.9960,5.216,409.5,2.1340
30.635,30988,0,4,4.704,461.2,2.0440,5.216,417.6,2.1760
30.655,31008,0,4,4.728,420.3,1.9820,5.216,409.8,2.1400
30.675,31028,0,4,4.720,420.3,2.0020,5.216,395.6,2.0840
30.696,31048,0,4,4.728,424.7,2.0080,5.216,410.4,2.1400
30.713,31068,0,4,4.728,424.6,2.0120,5.212,417.8,2.1800
30.733,31088,0,4,4.680,496.7,2.3340,5.200,468.1,2.4340
30.754,31108,0,4,4.708,454.1,2.1400,5.204,468.0,2.4180
30.774,31128,0,4,4.716,457.6,2.1700,5.208,406.3,2.4060
30.794,31148,0,4,4.708,454.8,2.1460,5.216,416.6,2.1660
30.815,31168,0,4,4.704,454.4,2.1520,5.220,409.0,2.1340
30.836,31188,0,4,4.728,427.7,2.0340,5.208,465.0,2.4180
30.856,31208,0,4,4.732,419.0,1.9920,5.220,408.5,2.1500
30.876,31228,0,4,4.728,420.1,1.9900,5.224,400.3,2.1960
30.893,31248,0,4,4.724,422.0,1.9980,5.216,409.8,2.1440
30.913,31268,0,4,4.728,418.3,1.9820,5.216,456.1,2.3760
30.934,31288,0,4,4.724,424.1,1.9860,5.204,471.7,2.4520
30.954,31308,0,4,4.756,421.9,1.9960,5.216,409.7,2.1500
30.975,31328,0,4,4.736,421.2,1.9960,5.220,358.6,2.1300
30.995,31348,0,4,4.732,422.6,1.9980,5.216,409.5,2.1360
31.016,31368,0,4,4.728,417.4,1.9760,5.212,410.6,2.1440
31.036,31388,0,4,4.732,422.3,1.9960,5.216,408.7,2.1340
31.053,31408,0,4,4.736,418.6,2.0120,5.220,410.2,2.1360
31.073,31428,0,4,4.748,417.8,1.9820,5.232,377.0,2.1600
31.094,31448,0,4,4.732,419.9,1.9900,5.216,409.3,2.1360
31.114,31468,0,4,4.732,424.3,2.0120,5.216,408.8,2.1300
31.135,31488,0,4,4.728,425.8,1.9860,5.216,409.4,2.1360
31.155,31508,0,4,4.732,422.5,2.0160,5.216,409.7,2.1340
31.175,31528,0,4,4.736,418.1,1.9900,5.224,409.4,2.1340
31.196,31548,0,4,4.732,424.1,2.0120,5.216,409.2,2.1500
31.216,31568,0,4,4.740,435.0,2.0840,5.216,410.3,2.1400
31.233,31588,0,4,4.724,436.0,2.0620,5.216,409.5,2.1360
31.253,31608,0,4,4.748,432.2,2.0780,5.216,408.7,2.1340
31.274,31628,0,4,4.716,431.3,2.0420,5.228,374.5,2.1500
31.294,31648,0,4,4.728,434.4,2.0740,5.216,408.8,2.1340
31.315,31668,0,4,4.724,433.6,2.0620,5.216,409.1,2.1340
31.335,31688,0,4,4.724,435.6,2.0780,5.216,408.0,2.1260
31.355,31708,0,4,4.760,432.6,2.0740,5.220,409.1,2.1400
31.376,31728,0,4,4.732,418.6,1.9980,5.224,406.8,2.1460
31.393,31748,0,4,4.724,422.8,2.0120,5.216,411.2,2.1360
31.413,31768,0,4,4.728,426.9,2.0480,5.216,410.0,2.1360
31.433,31788,0,4,4.740,421.3,2.0160,5.216,410.9,2.1440
31.454,31808,0,4,4.748,430.4,2.0480,5.216,409.9,2.1500
31.474,31828,0,4,4.728,418.3,2.0120,5.220,409.0,2.1300
31.495,31848,0,4,4.744,423.7,2.0340,5.220,410.2,2.1340
31.515,31868,0,4,4.736,422.3,2.0620,5.216,409.4,2.1360
31.536,31888,0,4,4.732,424.2,2.0380,5.216,411.1,2.1440
31.556,31908,0,4,4.708,464.9,2.2060,5.216,409.7,2.1520
31.573,31928,0,4,4.728,418.1,2.0060,5.224,415.5,2.1460
31.594,31948,0,4,4.736,418.1,2.0440,5.216,409.1,2.1360
31.614,31968,0,4,4.728,421.1,2.0320,5.212,416.4,2.1700
31.634,31988,0,4,4.744,419.3,2.0640,5.216,409.4,2.1360
31.655,32008,0,4,4.736,426.8,2.1860,5.204,459.3,2.3880
31.675,32028,0,4,4.732,418.8,2.0340,5.216,409.9,2.1560
31.696,32048,0,4,4.736,427.7,2.0620,5.212,417.0,2.1760
31.716,32068,0,4,4.740,420.7,2.0540,5.216,409.7,2.1360
31.733,32088,0,4,4.736,418.5,2.0800,5.208,462.1,2.4020
31.753,32108,0,4,4.764,417.3,2.0280,5.204,464.6,2.5620
31.774,32128,0,4,4.732,420.9,2.0180,5.212,493.9,2.5880
31.794,32148,0,4,4.740,418.2,2.0480,5.200,488.5,2.5700
31.815,32168,0,4,4.784,418.5,1.9900,5.208,450.5,2.3420
31.835,32188,0,4,4.756,418.1,2.0420,5.212,441.8,2.3000
31.856,32208,0,4,4.804,417.8,2.0080,5.216,416.6,2.1620
31.876,32228,0,4,4.740,422.5,2.0640,5.216,408.9,2.1960
31.896,32248,0,4,4.768,417.9,1.9900,5.216,417.8,2.1820
31.913,32268,0,4,4.760,418.3,2.0580,5.216,409.2,2.1340
31.933,32288,0,4,4.792,421.2,1.9980,5.216,416.0,2.1700
31.954,32308,0,4,4.776,422.7,1.9980,5.220,413.6,2.1360
31.974,32328,0,4,4.768,422.3,2.0180,5.216,416.9,2.1700
31.995,32348,0,4,4.748,418.9,2.0340,5.216,409.8,2.1240
32.015,32368,0,4,4.792,423.8,1.9920,5.216,419.7,2.1860
32.036,32388,0,4,4.784,421.7,1.9860,5.216,409.2,2.1340
32.056,32408,0,4,4.828,420.5,1.9820,5.216,415.6,2.1660
32.073,32428,0,4,4.764,420.8,2.0540,5.216,409.6,2.1340
32.093,32448,0,4,4.788,427.4,2.0280,5.216,417.3,2.1800
32.114,32468,0,4,4.868,418.8,2.0020,5.216,408.8,2.1340
32.134,32488,0,4,4.828,424.5,1.9820,5.216,419.0,2.1820
32.155,32508,0,4,4.888,421.0,2.0080,5.212,408.8,1.9240
32.175,32528,0,4,4.820,418.0,1.9920,5.216,419.5,2.1760
32.195,32548,0,4,4.864,423.7,2.0080,5.220,407.0,2.1440
32.216,32568,0,4,4.836,430.6,2.0340,5.216,419.9,2.1880
32.236,32588,0,4,4.884,432.6,2.0440,5.216,409.9,2.1360
32.253,32608,0,4,4.880,418.9,1.9980,5.216,412.8,2.2020
32.273,32628,0,4,4.820,424.9,2.0340,5.216,408.9,2.1500
32.294,32648,0,4,4.800,418.0,1.9860,5.216,411.8,2.1920
32.314,32668,0,4,4.888,422.6,1.9980,5.220,409.1,2.1340
32.335,32688,0,4,4.872,422.9,1.9720,5.216,410.2,2.1360
32.355,32708,0,4,4.816,423.8,1.9900,5.216,409.8,1.9200
32.375,32728,0,4,4.776,465.3,2.1980,5.216,409.5,2.1460
32.396,32748,0,4,4.884,423.3,2.0060,5.216,409.6,2.1520
32.413,32768,0,4,4.872,421.1,1.9820,5.220,409.0,2.1340
32.433,32788,0,4,4.852,422.3,1.9960,5.216,408.9,2.1340
32.454,32808,0,4,4.752,417.1,2.0020,5.216,408.0,1.8800
32.474,32828,0,4,4.880,454.1,2.1360,5.208,450.0,2.1600
32.494,32848,0,4,4.792,419.5,1.9860,5.216,410.9,2.1340
32.515,32868,0,4,4.864,425.3,2.0020,5.216,409.3,2.1340
32.535,32888,0,4,4.748,422.4,1.9760,5.216,410.7,2.1440
32.556,32908,0,4,4.744,418.6,2.0060,5.220,410.1,1.9600
32.576,32928,0,4,4.824,423.7,2.0020,5.212,451.6,2.3420
32.593,32948,0,4,4.888,419.8,1.9900,5.216,408.6,2.1400
32.613,32968,0,4,4.740,419.8,2.0060,5.216,411.1,2.1440
32.634,32988,0,4,4.760,421.1,1.9980,5.216,409.0,2.1340
32.654,33008,0,4,4.748,419.0,2.0080,5.216,410.6,1.8800
32.675,33028,0,4,4.888,422.7,2.0020,5.216,408.5,2.1620
32.695,33048,0,4,4.740,417.2,1.9720,5.216,409.4,2.1440
32.715,33068,0,4,4.772,420.9,1.9800,5.216,409.2,2.1340
32.736,33088,0,4,4.740,421.2,1.9720,5.212,462.6,2.4060
32.757,33108,0,4,4.740,422.4,1.9960,5.208,452.8,2.3360
32.773,33128,0,4,4.748,418.6,1.9820,5.208,454.9,2.3700
32.794,33148,0,4,4.740,420.1,1.9900,5.216,406.4,2.1240
32.814,33168,0,4,4.744,418.1,1.9960,5.216,409.7,2.1360
32.835,33188,0,4,4.736,420.9,1.9760,5.216,407.9,2.1300
32.855,33208,0,4,4.740,420.7,1.9980,5.216,407.7,1.8880
32.875,33228,0,4,4.740,420.3,1.9900,5.216,410.2,2.1960
32.896,33248,0,4,4.756,417.2,1.9760,5.216,409.8,2.1360
32.916,33268,0,4,4.740,419.9,1.9980,5.216,409.6,2.1360
32.933,33288,0,4,4.744,420.6,2.0420,5.212,410.0,2.1400
32.953,33308,0,4,4.740,422.4,1.9960,5.212,387.8,2.0480
32.974,33328,0,4,4.736,418.7,1.9820,5.216,408.6,2.1440
32.994,33348,0,4,4.764,416.5,1.9760,5.216,412.1,2.1460
33.015,33368,0,4,4.732,420.7,1.9860,5.220,410.3,2.1400
33.035,33388,0,4,4.732,419.7,1.9700,5.216,416.9,2.1760
33.056,33408,0,4,4.736,418.9,2.0060,5.216,407.6,1.8720
33.076,33428,0,4,4.740,418.8,1.9820,5.216,417.6,2.1720
33.096,33448,0,4,4.768,419.6,1.9960,5.216,411.5,2.1440
33.113,33468,0,4,4.732,420.1,2.0020,5.212,415.4,2.1620
33.134,33488,0,4,4.732,416.9,1.9960,5.216,409.7,2.1360
33.154,33508,0,4,4.732,422.8,1.9920,5.216,400.0,2.0540
33.175,33528,0,4,4.736,422.7,2.0020,5.216,409.4,2.1360
33.195,33548,0,4,4.708,470.5,2.2240,5.216,415.6,2.1820
33.215,33568,0,4,4.724,423.6,1.9900,5.216,411.4,2.1440
33.236,33588,0,4,4.732,420.8,1.9760,5.216,418.8,2.1820
33.256,33608,0,4,4.728,422.7,1.9980,5.220,359.3,2.1360
33.273,33628,0,4,4.736,421.1,1.9920,5.212,417.4,2.1700
33.293,33648,0,4,4.716,462.1,2.1720,5.220,417.1,2.1400
33.314,33668,0,4,4.732,422.9,1.9720,5.216,415.7,2.1660
33.334,33688,0,4,4.736,422.2,1.9800,5.220,411.6,2.1460
33.355,33708,0,4,4.728,419.4,1.9700,5.216,407.9,2.0420
33.375,33728,0,4,4.724,423.4,2.0020,5.216,409.0,2.1360
33.396,33748,0,4,4.724,430.0,2.0280,5.208,457.5,2.3300
33.416,33768,0,4,4.724,419.2,1.9980,5.220,410.1,2.1360
33.437,33788,0,4,4.712,426.4,1.9900,5.212,417.1,2.1720
33.453,33808,0,4,4.728,419.1,1.9800,5.220,359.0,2.1460
33.474,33828,0,4,4.724,418.3,1.9800,5.216,421.7,2.1880
33.494,33848,0,4,4.720,424.7,2.0120,5.216,417.2,2.1860
33.515,33868,0,4,4.696,495.0,2.3260,5.212,462.3,2.4060
33.535,33888,0,4,4.688,494.9,2.3460,5.212,449.7,2.3420
33.555,33908,0,4,4.692,497.2,2.3360,5.220,421.9,2.3820
33.576,33928,0,4,4.688,497.7,2.3360,5.208,449.3,2.3460
33.596,33948,0,4,4.708,460.2,2.1700,5.208,462.4,2.3960
33.613,33968,0,4,4.708,461.3,2.1760,5.208,448.9,2.3400
33.633,33988,0,4,4.708,462.4,2.1760,5.204,457.7,2.3820
33.654,34008,0,4,4.708,460.5,2.1700,5.212,400.5,2.3460
33.674,34028,0,4,4.700,462.2,2.1800,5.208,460.5,2.3820
33.695,34048,0,4,4.704,462.9,2.1860,5.208,450.4,2.3600
33.715,34068,0,4,4.704,462.7,2.1820,5.208,466.7,2.4280
33.736,34088,0,4,4.704,462.4,2.1820,5.200,503.4,2.6140
33.756,34108,0,4,4.712,461.8,2.1800,5.204,454.4,2.6600
33.776,34128,0,4,4.704,462.6,2.1820,5.200,495.5,2.5780
33.793,34148,0,4,4.704,462.9,2.1820,5.200,495.5,2.5980
33.814,34168,0,4,4.704,460.9,2.1720,5.212,458.8,2.3880
33.834,34188,0,4,4.708,461.3,2.1820,5.208,449.4,2.3400
33.854,34208,0,4,4.708,461.6,2.1720,5.220,447.7,2.3500
33.875,34228,0,4,4.704,460.5,2.1720,5.212,449.1,2.3420
33.895,34248,0,4,4.704,464.6,2.1920,5.208,450.4,2.3420
33.916,34268,0,4,4.708,463.1,2.1800,5.208,448.6,2.3360
33.936,34288,0,4,4.704,461.7,2.1800,5.212,457.3,2.3780
33.953,34308,0,4,4.700,462.0,2.1800,5.220,401.7,2.3420
33.973,34328,0,4,4.704,460.6,2.1720,5.208,452.5,2.3400
33.994,34348,0,4,4.708,462.1,2.1800,5.208,449.8,2.3400
34.014,34368,0,4,4.700,462.3,2.1760,5.212,449.5,2.3400
34.035,34388,0,4,4.712,462.2,2.1880,5.212,449.3,2.3400
34.055,34408,0,4,4.704,461.9,2.1760,5.220,448.2,2.3720
34.076,34428,0,4,4.712,462.3,2.1820,5.208,450.0,2.3600
34.096,34448,0,4,4.708,460.8,2.1720,5.208,449.0,2.3360
34.116,34468,0,4,4.712,461.1,2.1880,5.208,450.6,2.3460
34.133,34488,0,4,4.716,461.9,2.1880,5.212,449.9,2.3420
34.154,34508,0,4,4.708,462.5,2.1820,5.212,449.3,2.3360
34.174,34528,0,4,4.700,462.0,2.1800,5.208,449.1,2.3660
34.195,34548,0,4,4.712,461.5,2.1760,5.208,449.8,2.3420
34.215,34568,0,4,4.708,461.8,2.1980,5.208,448.9,2.3360
34.235,34588,0,4,4.712,464.2,2.1820,5.208,448.8,2.3360
34.256,34608,0,4,4.700,462.0,2.1800,5.216,449.4,2.3400
34.276,34628,0,4,4.708,459.3,2.1700,5.208,449.0,2.3360
34.293,34648,0,4,4.712,461.4,2.1760,5.208,449.6,2.3600
34.313,34668,0,4,4.708,462.5,2.1760,5.208,451.3,2.3500
34.334,34688,0,4,4.712,461.9,2.1820,5.208,450.2,2.3460
34.354,34708,0,4,4.712,467.5,2.2080,5.208,449.7,2.3420
34.375,34728,0,4,4.708,462.8,2.1880,5.208,450.2,2.3520
34.395,34748,0,4,4.708,462.9,2.1820,5.212,448.4,2.3400
34.416,34768,0,4,4.708,460.6,2.1880,5.208,449.9,2.3420
34.436,34788,0,4,4.708,460.7,2.1720,5.212,449.5,2.3400
34.456,34808,0,4,4.708,461.4,2.1800,5.204,457.1,2.3400
34.473,34828,0,4,4.708,460.6,2.1760,5.208,449.7,2.3400
34.494,34848,0,4,4.708,462.5,2.2020,5.204,458.0,2.3520
34.514,34868,0,4,4.708,462.1,2.1880,5.212,449.1,2.3400
34.534,34888,0,4,4.716,460.2,2.2180,5.208,455.3,2.3720
34.555,34908,0,4,4.704,461.2,2.1800,5.204,483.4,2.5140
34.575,34928,0,4,4.708,461.3,2.1960,5.200,489.9,2.5560
34.596,34948,0,4,4.708,462.3,2.1880,5.200,483.3,2.5140
34.616,34968,0,4,4.708,462.1,2.2080,5.200,491.6,2.5560
34.633,34988,0,4,4.716,461.0,2.2060,5.212,450.3,2.3460
34.653,35008,0,4,4.712,461.7,2.1920,5.208,456.6,2.3760
34.674,35028,0,4,4.712,463.0,2.2320,5.208,449.7,2.3420
34.694,35048,0,4,4.712,460.7,2.1980,5.208,456.4,2.3780
34.715,35068,0,4,4.716,461.4,2.2480,5.208,448.8,2.3360
34.735,35088,0,4,4.712,462.7,2.2540,5.196,510.9,2.6580
34.755,35108,0,4,4.712,462.8,2.2280,5.200,497.2,2.5820
34.776,35128,0,4,4.712,463.3,2.2120,5.204,454.2,2.3700
34.796,35148,0,4,4.716,460.7,2.2480,5.212,447.2,2.3240
34.813,35168,0,4,4.716,460.8,2.2220,5.208,457.2,2.3780
34.834,35188,0,4,4.724,461.9,2.2240,5.216,417.9,2.1800
34.854,35208,0,4,4.708,462.6,2.2120,5.204,458.5,2.4080
34.874,35228,0,4,4.712,461.2,2.2480,5.208,450.3,2.3400
34.895,35248,0,4,4.712,461.9,2.2380,5.208,456.9,2.3760
34.915,35268,0,4,4.724,462.8,2.2320,5.208,483.7,2.5200
34.936,35288,0,4,4.720,459.5,2.2580,5.208,456.9,2.3820
34.956,35308,0,4,4.716,463.1,2.2520,5.208,449.6,2.3360
34.973,35328,0,4,4.712,461.9,2.2320,5.208,458.3,2.4120
34.993,35348,0,4,4.716,461.8,2.2240,5.208,449.3,2.3400
35.014,35368,0,4,4.764,462.0,2.1800,5.208,456.9,2.3780
35.034,35388,0,4,4.740,461.4,2.1920,5.208,424.3,2.2120
35.055,35408,0,4,4.720,462.7,2.2160,5.208,459.0,2.3760
35.075,35428,0,4,4.728,462.3,2.2540,5.208,450.0,2.3500
35.096,35448,0,4,4.760,461.0,2.1860,5.208,467.1,2.3780
35.116,35468,0,4,4.732,461.2,2.1820,5.208,450.4,2.3460
35.136,35488,0,4,4.796,461.2,2.1800,5.212,410.5,2.1400
35.153,35508,0,4,4.720,461.8,2.2520,5.208,450.2,2.3420
35.174,35528,0,4,4.752,461.7,2.1860,5.208,449.7,2.3960
35.194,35548,0,4,4.728,461.0,2.1920,5.212,451.3,2.3520
35.214,35568,0,4,4.800,460.3,2.1820,5.208,458.1,2.3860
35.235,35588,0,4,4.764,462.2,2.1920,5.212,428.3,2.2340
35.255,35608,0,4,4.744,463.3,2.1920,5.212,449.1,2.3400
35.276,35628,0,4,4.724,465.7,2.2120,5.208,449.3,2.3360
35.296,35648,0,4,4.780,459.4,2.1860,5.208,449.4,2.3460
35.317,35668,0,4,4.876,461.8,2.1760,5.204,449.6,2.3400
35.333,35688,0,4,4.864,462.2,2.1720,5.208,407.6,2.1240
35.354,35708,0,4,4.808,461.8,2.1820,5.208,449.6,2.3400
35.374,35728,0,4,4.776,462.7,2.1880,5.208,449.9,2.3460
35.395,35748,0,4,4.876,462.7,2.1660,5.208,448.5,2.3500
35.415,35768,0,4,4.864,460.2,2.1720,5.208,449.3,2.3400
35.436,35788,0,4,4.796,461.6,2.1720,5.208,425.9,2.2160
35.456,35808,0,4,4.780,462.4,2.1860,5.208,450.3,2.3780
35.476,35828,0,4,4.876,462.0,2.1820,5.208,449.2,2.3420
35.493,35848,0,4,4.848,460.7,2.1880,5.212,450.0,2.3500
35.514,35868,0,4,4.816,464.9,2.1800,5.208,449.7,2.3420
35.534,35888,0,4,4.880,462.2,2.1720,5.212,400.4,2.0880
35.554,35908,0,4,4.932,419.9,2.0080,5.216,409.6,2.1360
35.575,35928,0,4,4.852,422.1,2.0020,5.216,410.5,2.1660
35.595,35948,0,4,4.856,422.7,1.9820,5.216,418.5,2.1340
35.616,35968,0,4,4.892,422.5,2.0180,5.216,408.2,2.1300
35.636,35988,0,4,4.752,421.4,1.9800,5.220,379.2,1.9800
35.657,36008,0,4,4.820,416.5,1.9820,5.220,408.6,2.1300
35.673,36028,0,4,4.864,422.4,2.0020,5.216,409.9,2.1460
35.694,36048,0,4,4.752,418.5,1.9900,5.216,414.9,2.1340
35.714,36068,0,4,4.704,602.8,3.0700,5.216,410.3,2.1400
35.735,36088,0,4,4.704,534.5,2.6320,5.212,460.7,2.3980
35.755,36108,0,4,4.948,439.3,2.1500,5.208,460.2,2.3960
35.776,36128,0,4,4.744,440.5,2.0880,5.216,407.0,2.1240
35.796,36148,0,4,4.752,418.4,2.0120,5.216,408.0,2.1200
35.816,36168,0,4,4.748,426.1,2.0120,5.212,413.1,2.1520
35.833,36188,0,4,4.708,562.6,2.6500,5.216,382.2,1.9920
35.854,36208,0,4,4.848,458.1,2.1720,5.220,416.6,2.1340
35.874,36228,0,4,4.772,421.5,1.9960,5.212,418.6,2.1700
35.895,36248,0,4,4.748,422.2,1.9800,5.216,409.8,2.1360
35.915,36268,0,4,4.748,418.4,2.0020,5.212,417.0,2.1720
35.935,36288,0,4,4.744,417.8,1.9900,5.216,412.6,2.1500
35.956,36308,0,4,4.748,433.5,2.0420,5.208,457.8,2.3620
35.976,36328,0,4,4.744,417.5,1.9760,5.216,409.3,2.1340
35.997,36348,0,4,4.736,421.4,1.9700,5.216,416.7,2.1720
36.013,36368,0,4,4.744,420.6,1.9980,5.216,410.8,2.1400
36.034,36388,0,4,4.732,418.3,1.9800,5.224,416.7,2.1720
36.054,36408,0,4,4.748,422.2,1.9980,5.212,423.9,2.2080
36.075,36428,0,4,4.740,418.6,1.9820,5.216,418.0,2.1860
36.095,36448,0,4,4.732,426.6,1.9860,5.216,409.1,2.1360
36.115,36468,0,4,4.736,424.2,1.9820,5.212,418.1,2.1800
36.136,36488,0,4,4.736,422.9,1.9980,5.216,408.4,2.1300
36.157,36508,0,4,4.740,422.1,1.9980,5.216,416.5,2.1700
36.173,36528,0,4,4.744,418.8,1.9820,5.216,408.4,2.1500
36.194,36548,0,4,4.736,425.2,2.0220,5.216,416.8,2.1760
36.214,36568,0,4,4.740,419.1,1.9960,5.220,409.6,2.1360
36.234,36588,0,4,4.732,422.5,1.9980,5.224,416.5,2.1700
36.255,36608,0,4,4.740,418.0,1.9800,5.216,409.0,2.1340
36.275,36628,0,4,4.716,455.9,2.1520,5.216,418.7,2.1760
36.296,36648,0,4,4.704,456.4,2.1500,5.212,413.2,2.1360
36.316,36668,0,4,4.712,455.0,2.1460,5.212,417.7,2.1760
36.337,36688,0,4,4.716,455.6,2.1500,5.224,410.7,2.1400
36.353,36708,0,4,4.776,419.7,1.9980,5.216,416.6,2.1720
36.374,36728,0,4,4.748,422.4,1.9980,5.216,408.9,2.1340
36.394,36748,0,4,4.732,424.0,1.9820,5.212,417.0,2.1720
36.415,36768,0,4,4.736,422.6,1.9920,5.216,414.2,2.1600
36.435,36788,0,4,4.740,422.1,1.9980,5.224,415.8,2.1660
36.456,36808,0,4,4.732,422.2,1.9980,5.216,408.7,2.1300
36.476,36828,0,4,4.772,417.2,1.9860,5.216,420.5,2.1700
36.496,36848,0,4,4.728,419.0,1.9960,5.216,409.2,2.1360
36.513,36868,0,4,4.724,419.7,2.0120,5.216,421.0,2.1960
36.534,36888,0,4,4.732,418.4,1.9800,5.224,413.2,2.1520
36.554,36908,0,4,4.724,422.7,2.0020,5.216,419.5,2.1860
36.575,36928,0,4,4.748,421.6,2.0120,5.220,410.0,2.1340
36.595,36948,0,4,4.732,423.0,1.9820,5.216,416.2,2.1880
36.616,36968,0,4,4.720,419.1,1.9920,5.216,410.7,2.1440
36.636,36988,0,4,4.720,418.7,1.9820,5.216,412.2,2.1500
36.656,37008,0,4,4.724,417.9,1.9820,5.216,412.7,2.1520
36.677,37028,0,4,4.696,434.8,2.0700,5.216,415.4,2.1500
36.693,37048,0,4,4.728,417.3,2.0060,5.216,409.4,2.1300
36.714,37068,0,4,4.728,420.7,1.9800,5.216,410.2,2.1400
36.734,37088,0,4,4.728,416.9,1.9760,5.220,460.2,2.3960
36.755,37108,0,4,4.728,421.6,1.9980,5.204,465.6,2.4240
36.775,37128,0,4,4.724,455.5,2.1400,5.212,446.5,2.2380
36.795,37148,0,4,4.728,418.0,2.0080,5.208,455.5,2.3720
36.816,37168,0,4,4.728,422.9,1.9760,5.208,458.1,2.3860
36.836,37188,0,4,4.724,421.1,1.9920,5.216,409.3,2.1340
36.853,37208,0,4,4.724,422.6,2.0020,5.212,458.4,2.3860
36.874,37228,0,4,4.728,421.1,1.9920,5.216,428.4,2.3400
36.894,37248,0,4,4.732,420.6,2.0020,5.220,407.2,2.1440
36.914,37268,0,4,4.728,422.5,1.9960,5.220,406.7,2.1200
36.935,37288,0,4,4.724,420.1,1.9920,5.204,470.8,2.4520
36.955,37308,0,4,4.728,423.2,2.0060,5.216,412.5,2.1500
36.976,37328,0,4,4.732,418.8,1.9860,5.216,415.0,2.1660
36.996,37348,0,4,4.724,418.3,2.0020,5.220,412.6,2.1340
37.017,37368,0,4,4.732,419.3,1.9960,5.216,412.8,2.1560
37.033,37388,0,4,4.736,427.9,2.0260,5.220,407.9,2.1260
37.054,37408,0,4,4.720,417.5,1.9820,5.216,410.5,2.1400
37.074,37428,0,4,4.736,421.9,1.9960,5.212,409.3,2.1360
37.095,37448,0,4,4.736,422.8,1.9960,5.212,409.5,2.1200
37.115,37468,0,4,4.728,422.8,1.9980,5.216,410.5,2.1400
37.135,37488,0,4,4.720,422.7,2.0020,5.220,413.4,2.1560
37.156,37508,0,4,4.728,418.7,1.9820,5.216,408.7,2.1340
37.176,37528,0,4,4.736,417.8,1.9820,5.216,409.5,2.1340
37.193,37548,0,4,4.748,423.6,1.9760,5.220,410.8,2.1240
37.214,37568,0,4,4.732,419.1,2.0160,5.216,409.6,2.1400
37.234,37588,0,4,4.732,417.2,1.9820,5.220,410.3,2.1400
37.254,37608,0,4,4.732,418.5,1.9860,5.216,414.0,2.1560
37.275,37628,0,4,4.732,421.0,2.0080,5.216,410.1,2.1360
37.295,37648,0,4,4.776,417.6,1.9820,5.212,415.9,2.1440
37.316,37668,0,4,4.744,421.0,2.0220,5.212,415.6,2.1720
37.336,37688,0,4,4.740,419.7,1.9920,5.212,449.4,2.3400
37.357,37708,0,4,4.728,423.9,2.0180,5.212,442.0,2.3000
37.373,37728,0,4,4.732,420.0,1.9980,5.212,450.2,2.3600
37.394,37748,0,4,4.764,421.3,2.0160,5.216,409.1,2.1360
37.414,37768,0,4,4.736,420.6,1.9920,5.212,415.8,2.1700
37.435,37788,0,4,4.732,423.4,2.0160,5.216,406.8,2.1240
37.455,37808,0,4,4.732,421.1,2.0020,5.212,418.8,2.1820
37.476,37828,0,4,4.736,421.4,2.0160,5.216,410.6,2.1340
37.496,37848,0,4,4.704,462.5,2.0540,5.216,417.5,2.1960
37.516,37868,0,4,4.728,423.3,2.0160,5.216,396.0,2.0680
37.533,37888,0,4,4.732,419.0,1.9900,5.216,417.4,2.1760
37.553,37908,0,4,4.728,421.1,2.0180,5.216,408.9,2.1300
37.574,37928,0,4,4.732,423.7,2.0640,5.216,416.0,2.1760
37.594,37948,0,4,4.724,458.4,2.2340,5.212,413.3,2.1300
37.615,37968,0,4,4.740,417.6,2.0680,5.216,370.1,1.9340
37.635,37988,0,4,4.728,423.3,2.0260,5.216,408.5,2.1300
37.656,38008,0,4,4.740,418.3,2.0340,5.216,417.2,2.1760
37.676,38028,0,4,4.740,422.7,2.0320,5.220,409.8,2.1400
37.697,38048,0,4,4.736,429.0,2.1000,5.204,458.5,2.3820
37.713,38068,0,4,4.736,422.1,2.0540,5.220,394.5,2.0620
37.734,38088,0,4,4.732,421.4,2.0380,5.204,473.4,2.4600
37.755,38108,0,4,4.736,422.6,2.0320,5.212,458.1,2.3860
37.775,38128,0,4,4.740,418.3,2.0620,5.212,425.9,2.3500
37.795,38148,0,4,4.736,423.8,2.0420,5.216,408.4,2.1700
37.816,38168,0,4,4.760,421.5,2.0340,5.216,364.1,1.9000
37.836,38188,0,4,4.736,424.1,2.0380,5.220,410.5,2.1400
37.856,38208,0,4,4.740,423.7,2.0740,5.212,420.3,2.1920
37.877,38228,0,4,4.772,419.6,1.9960,5.212,409.4,2.1160
37.894,38248,0,4,4.752,418.6,2.0480,5.212,417.8,2.1720
37.914,38268,0,4,4.796,423.5,1.9860,5.216,380.5,1.9860
37.934,38288,0,4,4.740,418.9,2.0480,5.216,419.3,2.1860
37.955,38308,0,4,4.764,421.9,2.0120,5.216,409.5,2.1360
37.975,38328,0,4,4.748,422.6,2.0220,5.216,417.7,2.2020
37.996,38348,0,4,4.792,426.1,1.9860,5.212,410.1,2.1360
38.016,38368,0,4,4.788,419.1,1.9980,5.220,366.9,1.9140
38.037,38388,0,4,4.760,419.5,2.0080,5.216,409.6,2.1360
38.053,38408,0,4,4.748,425.5,2.0700,5.220,410.7,2.1400
38.074,38428,0,4,4.804,423.6,1.9960,5.216,410.7,2.1300
38.094,38448,0,4,4.788,418.3,1.9920,5.220,409.7,2.1500
38.115,38468,0,4,4.848,416.3,2.0060,5.216,375.2,1.9560
38.135,38488,0,4,4.748,422.1,2.0620,5.216,425.0,2.2180
38.156,38508,0,4,4.792,419.3,1.9920,5.212,408.6,2.1300
38.176,38528,0,4,4.776,419.0,1.9980,5.216,409.9,2.1360
38.196,38548,0,4,4.836,422.4,1.9820,5.220,410.6,2.1360
38.217,38568,0,4,4.924,430.7,2.0340,5.216,412.1,2.1500
38.234,38588,0,4,4.780,426.7,2.0280,5.216,410.8,2.1400
38.254,38608,0,4,4.864,418.7,1.9900,5.216,409.3,2.1360
38.274,38628,0,4,4.820,421.7,1.9920,5.220,409.5,2.1300
38.295,38648,0,4,4.896,424.0,1.9860,5.212,409.5,2.1340
38.315,38668,0,4,4.900,426.6,2.0220,5.216,368.5,1.9240
38.336,38688,0,4,4.848,423.9,2.0120,5.216,410.5,2.1400
38.356,38708,0,4,4.808,416.8,1.9800,5.216,411.0,2.1440
38.377,38728,0,4,4.888,416.5,2.0120,5.216,409.5,2.1360
38.393,38748,0,4,4.884,423.0,1.9920,5.212,409.5,2.1400
38.414,38768,0,4,4.756,464.1,2.1460,5.212,409.3,2.1360
38.434,38788,0,4,4.812,421.2,1.9980,5.216,411.0,2.1440
38.455,38808,0,4,4.892,417.6,1.9800,5.220,411.1,2.1440
38.475,38828,0,4,4.892,418.1,2.0120,5.216,409.4,2.1300
38.495,38848,0,4,4.796,418.6,1.9960,5.220,409.7,2.1360
38.516,38868,0,4,4.736,438.2,2.1820,5.216,450.6,2.3500
38.536,38888,0,4,4.876,418.1,1.9820,5.212,410.6,2.1440
38.557,38908,0,4,4.744,418.4,1.9820,5.220,407.7,2.1240
38.574,38928,0,4,4.816,421.4,1.9980,5.216,416.0,2.1520
38.594,38948,0,4,4.744,417.1,1.9980,5.216,408.4,2.1300
38.614,38968,0,4,4.748,421.5,1.9980,5.212,418.5,2.1820
38.635,38988,0,4,4.752,422.6,2.0020,5.216,409.6,2.1360
38.655,39008,0,4,4.824,419.2,1.9860,5.216,410.1,2.1400
38.676,39028,0,4,4.748,423.3,1.9860,5.220,412.1,2.1400
38.696,39048,0,4,4.748,418.3,1.9860,5.216,414.6,2.1460
38.716,39068,0,4,4.744,423.8,1.9800,5.220,411.3,2.1460
38.733,39088,0,4,4.836,418.6,1.9860,5.204,461.5,2.4020
38.754,39108,0,4,4.744,422.0,1.9960,5.208,460.2,2.3960
38.774,39128,0,4,4.744,423.3,1.9760,5.208,455.8,2.3820
38.795,39148,0,4,4.744,419.1,1.9900,5.216,417.0,2.1400
38.815,39168,0,4,4.744,423.2,1.9760,5.216,413.5,2.1560
38.836,39188,0,4,4.748,423.3,2.0060,5.216,417.6,2.1800
38.856,39208,0,4,4.740,423.1,2.0060,5.216,406.9,2.1200
38.876,39228,0,4,4.748,421.9,1.9920,5.216,417.4,2.1760
38.897,39248,0,4,4.736,417.2,2.0020,5.216,409.2,2.1340
38.914,39268,0,4,4.744,422.0,1.9960,5.220,450.5,2.3520
38.934,39288,0,4,4.752,420.8,1.9960,5.212,409.8,2.1360
38.954,39308,0,4,4.740,420.5,1.9920,5.212,420.0,2.1880
38.975,39328,0,4,4.736,417.9,1.9980,5.216,410.5,2.1460
38.995,39348,0,4,4.740,423.0,1.9900,5.216,418.2,2.1760
39.016,39368,0,4,4.724,419.7,1.9860,5.228,409.0,2.1340
39.036,39388,0,4,4.780,416.7,1.9800,5.216,417.2,2.1760
39.056,39408,0,4,4.716,454.3,2.1400,5.216,411.4,2.1440
39.074,39428,0,4,4.720,454.1,2.1340,5.212,415.8,2.1720
39.094,39448,0,4,4.716,452.6,2.1460,5.216,408.6,2.1260
39.114,39468,0,4,4.724,450.2,2.1200,5.220,415.0,2.1620
39.135,39488,0,4,4.756,421.7,2.0120,5.216,409.7,2.1360
39.155,39508,0,4,4.736,422.8,1.9980,5.216,417.1,2.1720
39.176,39528,0,4,4.736,421.9,1.9720,5.216,415.6,2.1360
39.196,39548,0,4,4.724,423.4,1.9800,5.216,417.5,1.9720
39.216,39568,0,4,4.736,417.1,1.9700,5.224,408.8,2.1340
39.237,39588,0,4,4.696,476.3,2.2380,5.216,417.5,2.1760
39.253,39608,0,4,4.732,423.3,2.0020,5.216,408.9,2.1340
39.274,39628,0,4,4.724,419.1,2.0180,5.216,418.0,2.1760
39.294,39648,0,4,4.728,422.0,1.9920,5.216,416.8,2.1400
39.315,39668,0,4,4.728,419.0,1.9820,5.216,416.0,2.1700
39.335,39688,0,4,4.720,457.3,2.1460,5.208,431.3,2.2520
39.356,39708,0,4,4.736,418.8,1.9820,5.220,415.8,2.1660
39.376,39728,0,4,4.728,418.7,1.9900,5.216,408.6,2.1340
39.397,39748,0,4,4.724,422.6,1.9820,5.212,419.3,1.9900
39.415,39768,0,4,4.728,418.4,1.9800,5.224,416.4,2.1720
39.434,39788,0,4,4.728,423.8,2.0020,5.216,462.5,2.4060
39.454,39808,0,4,4.724,419.3,1.9860,5.216,409.1,2.1360
39.475,39828,0,4,4.724,418.5,1.9960,5.216,409.6,2.1860
39.495,39848,0,4,4.728,418.7,1.9800,5.216,407.9,1.8980
39.515,39868,0,4,4.728,419.7,1.9900,5.220,409.0,2.1340
39.536,39888,0,4,4.720,419.1,1.9820,5.216,419.3,2.1820
39.556,39908,0,4,4.724,423.4,2.0060,5.212,408.1,2.1300
39.577,39928,0,4,4.724,419.1,1.9920,5.216,409.5,2.1360
39.593,39948,0,4,4.732,420.4,2.0020,5.216,409.4,1.9920
39.614,39968,0,4,4.728,420.1,1.9920,5.220,409.4,2.1340
39.634,39988,0,4,4.724,418.2,1.9820,5.216,409.7,2.1360
39.655,40008,0,4,4.732,419.4,1.9860,5.216,408.9,2.1340
39.676,40028,0,4,4.728,418.0,2.0020,5.216,408.7,2.1340
39.696,40048,0,4,4.728,419.1,1.9920,5.212,408.2,1.8680
39.716,40068,0,4,4.724,421.0,1.9980,5.220,409.2,2.1340
39.736,40088,0,4,4.724,418.2,1.9800,5.208,466.0,2.4180
39.753,40108,0,4,4.740,423.2,2.0060,5.204,476.1,2.4780
39.774,40128,0,4,4.728,420.0,1.9820,5.208,456.6,2.3720
39.794,40148,0,4,4.732,424.0,1.9820,5.216,382.0,2.0480
39.815,40168,0,4,4.736,419.5,1.9860,5.216,409.9,2.1360
39.835,40188,0,4,4.724,423.5,2.0080,5.216,410.8,2.1400
39.856,40208,0,4,4.756,417.0,1.9820,5.216,409.9,2.1360
39.876,40228,0,4,4.740,423.2,1.9800,5.216,413.6,2.1300
39.896,40248,0,4,4.740,415.3,2.0020,5.216,405.0,1.8900
39.918,40268,0,4,4.724,421.3,1.9960,5.216,408.2,2.1300
39.933,40288,0,4,4.720,416.2,1.9720,5.216,410.1,2.1360
39.954,40308,0,4,4.772,420.8,1.9920,5.220,410.0,2.1400
39.974,40328,0,4,4.724,427.1,2.0120,5.216,410.9,2.1360
39.995,40348,0,4,4.736,421.6,1.9920,5.216,391.3,2.0440
40.015,40368,0,4,4.728,420.9,1.9960,5.216,409.7,2.1360
