recv_ns,recv_mono_ns,time_boot_ms,relative_alt_mm
1791426793116800517,52135589682608,2636,-280
1791426793140494372,52135613319203,2656,-280
1791426793161978427,52135634868277,2672,-280
1791426793183989031,52135656853955,2696,-280
1791426793205097374,52135677970426,2720,-280
1791426793226565545,52135699475290,2736,-280
1791426793248043743,52135720956620,2752,-280
1791426793269104927,52135742002295,2776,-279
1791426793291331621,52135764216337,2792,-279
1791426793314237201,52135787126801,2816,-279
1791426793335994926,52135808895071,2832,-279
1791426793356516333,52135829691563,2856,-279
1791426793378115892,52135851047408,2880,-279
1791426793399780071,52135872751095,2896,-279
1791426793420709665,52135893677189,2912,-279
1791426793443922259,52135916799204,2936,-278
1791426793464523830,52135937497818,2952,-278
1791426793485689001,52135958724587,2976,-278
1791426793507868557,52135980744218,2992,-278
1791426793528572686,52136001474263,3016,-278
1791426793549749593,52136022652255,3032,-278
1791426793571691363,52136044755744,3056,-278
1791426793592479432,52136065355513,3072,-278
1791426793613775920,52136086721263,3096,-278
1791426793635725820,52136108638876,3120,-278
1791426793656610446,52136129590986,3136,-278
1791426793678128743,52136151034036,3152,-278
1791426793700140760,52136173025513,3176,-278
1791426793720648641,52136193563624,3192,-278
1791426793741831322,52136214749574,3216,-278
1791426793763794753,52136236849297,3232,-278
1791426793784727028,52136257948481,3256,-278
1791426793806129454,52136279417402,3272,-278
1791426793827800524,52136300848156,3296,-278
1791426793848692395,52136321878302,3312,-278
1791426793870223928,52136343193870,3336,-278
1791426793891967908,52136364957199,3352,-278
1791426793912813324,52136385853539,3376,-278
1791426793934490936,52136407506132,3392,-278
1791426793956069503,52136429012210,3416,-278
1791426793976538838,52136449354096,3432,-278
1791426793997676521,52136470525574,3456,-277
1791426794024032768,52136496942484,3480,-277
1791426794044771582,52136517915807,3496,-277
1791426794065673056,52136538618789,3512,-277
1791426794087993134,52136560930901,3536,-277
1791426794108618712,52136581642119,3552,-277
1791426794129963112,52136602904019,3576,-277
1791426794151959242,52136624869563,3592,-277
1791426794172570808,52136645467426,3616,-277
1791426794193869674,52136666810858,3632,-277
1791426794215890338,52136688800475,3656,-277
1791426794236486327,52136709427027,3672,-277
1791426794257696473,52136730620007,3696,-276
1791426794279505423,52136752389022,3712,-276
1791426794300421115,52136773277682,3736,-276
1791426794321418947,52136794300679,3752,-276
1791426794348062837,52136820869961,3776,-275
1791426794364443849,52136837295006,3792,-275
1791426794385450157,52136858323207,3816,-275
1791426794407124205,52136880008986,3832,0
1791426794428310626,52136901183066,3856,0
1791426794449539336,52136922476491,3872,0
1791426794471077229,52136944014452,3896,1
1791426794492250043,52136965222065,3912,1
1791426794513362777,52136986356297,3936,1
1791426794535108517,52137008014659,3952,2
1791426794556105516,52137029077474,3976,2
1791426794577036649,52137050069944,3992,2
1791426794598776307,52137071882843,4016,3
1791426794620206764,52137093083746,4032,3
1791426794641206363,52137114184838,4056,3
1791426794662985580,52137135853057,4072,3
1791426794684193395,52137157126065,4096,4
1791426794705449687,52137178380018,4112,4
1791426794727147125,52137200226274,4136,4
1791426794748234373,52137221158785,4152,4
1791426794769306253,52137242350997,4176,5
1791426794791157916,52137264085406,4192,5
1791426794812227791,52137285144353,4216,5
1791426794834526122,52137307403322,4240,5
1791426794855059838,52137328019676,4256,6
1791426794877049783,52137349958888,4276,6
1791426794897734499,52137370645571,4292,6
1791426794920189338,52137393119796,4316,6
1791426794941271857,52137414240631,4332,7
1791426794964091923,52137437000756,4356,7
1791426794985510926,52137458419660,4380,7
1791426795006738210,52137479692327,4396,7
1791426795028027948,52137501098157,4412,7
1791426795049018548,52137522054544,4436,8
1791426795070404583,52137543477378,4452,8
1791426795091937703,52137564923674,4476,8
1791426795112665764,52137585619762,4492,8
1791426795134229670,52137607243915,4516,8
1791426795156049885,52137629141450,4532,8
1791426795176768376,52137649760306,4556,8
1791426795198092168,52137671071136,4572,9
1791426795219869968,52137692887781,4596,9
1791426795240655402,52137713731759,4612,9
1791426795262166690,52137735121460,4636,9
1791426795283879641,52137756816507,4652,9
1791426795304621641,52137777860750,4676,9
1791426795325833429,52137798874268,4692,9
1791426795347736861,52137820870361,4716,9
1791426795368529065,52137841799924,4732,9
1791426795389752797,52137862839112,4756,9
1791426795411946985,52137884863013,4780,9
1791426795432604213,52137905593659,4796,9
1791426795453962077,52137927219146,4812,9
1791426795475826980,52137948773979,4836,9
1791426795496770132,52137969738534,4852,9
1791426795518084806,52137991744827,4876,9
1791426795539888220,52138012937450,4892,9
1791426795560851729,52138033712925,4916,9
1791426795583669017,52138056721390,4932,9
1791426795604530728,52138077440040,4956,9
1791426795625832892,52138098761658,4972,9
1791426795647259804,52138120234785,4996,9
1791426795668456725,52138141501945,5012,9
1791426795689743565,52138162690972,5036,9
1791426795711591425,52138184634587,5052,9
1791426795733105807,52138205999002,5076,10
1791426795753310573,52138226284585,5092,10
1791426795774813092,52138247814725,5116,10
1791426795796034908,52138269010837,5132,10
1791426795816873452,52138289860335,5156,10
1791426795838288607,52138311266369,5172,10
1791426795859702519,52138332622088,5196,10
1791426795880551249,52138353492893,5212,10
1791426795901706166,52138374582331,5236,10
1791426795923380165,52138396318884,5252,10
1791426795945196642,52138418097543,5276,10
1791426795966844897,52138439846807,5292,10
1791426795989609686,52138462553824,5316,11
1791426796011408721,52138484388133,5332,11
1791426796033386437,52138506255989,5356,11
1791426796054502143,52138527517546,5372,11
1791426796076086564,52138548967774,5396,11
1791426796096742587,52138569810500,5412,11
1791426796118185205,52138591314089,5436,11
1791426796139754677,52138612893813,5452,11
1791426796161040800,52138634223775,5476,11
1791426796182542694,52138655667374,5492,11
1791426796204711093,52138677667749,5516,12
1791426796224605997,52138697604599,5532,12
1791426796245695905,52138718751262,5556,12
1791426796268422905,52138741542117,5572,12
1791426796288466535,52138761449315,5596,12
1791426796309684175,52138782746420,5612,12
1791426796331550400,52138804760511,5636,12
1791426796352611270,52138825536207,5652,12
1791426796373964740,52138846866645,5676,12
1791426796395657862,52138868590037,5692,12
1791426796416541690,52138889466861,5716,12
1791426796437478173,52138910377744,5732,12
1791426796459179246,52138932130271,5756,12
1791426796480486176,52138953379610,5772,12
1791426796501303942,52138974224186,5796,12
1791426796526918283,52138999977626,5812,12
1791426796548056459,52139020986431,5836,12
1791426796574270691,52139047297546,5860,11
1791426796595891966,52139068768161,5876,11
1791426796619050240,52139091912848,5892,11
1791426796640174171,52139113048158,5916,11
1791426796660975113,52139133899766,5932,11
1791426796682036453,52139155241687,5956,11
1791426796705273849,52139178175436,5972,11
1791426796726502176,52139199399710,5996,10
1791426796747873344,52139220786600,6012,10
1791426796771884269,52139244847441,6036,10
1791426796796110940,52139269002125,6060,10
1791426796816538183,52139289438774,6076,10
1791426796837829126,52139310727054,6092,10
1791426796859412694,52139332315499,6116,10
1791426796883107311,52139355995566,6132,10
1791426796904179644,52139377087703,6156,9
1791426796925287977,52139398177516,6172,9
1791426796946973197,52139419847627,6196,9
1791426796971771600,52139444659707,6212,9
1791426796992571923,52139465475081,6236,9
1791426797013704365,52139486643132,6252,9
1791426797035477328,52139508384399,6276,8
1791426797056335746,52139529230201,6292,8
1791426797077208262,52139550102632,6316,8
1791426797099266660,52139572165632,6332,8
1791426797120192259,52139593103110,6356,7
1791426797141317681,52139614258719,6372,7
1791426797168157410,52139641116596,6396,7
1791426797188725121,52139661600493,6412,7
1791426797209972480,52139682894908,6436,7
1791426797236105224,52139709009912,6452,7
1791426797256951924,52139729867302,6476,7
1791426797278305450,52139751162271,6492,7
1791426797299820051,52139772707301,6516,7
1791426797320701151,52139793613009,6532,7
1791426797342398187,52139815269920,6556,7
1791426797363769621,52139836710244,6572,7
1791426797384566542,52139857471627,6596,7
1791426797405610001,52139878523010,6612,7
1791426797427448967,52139900343645,6636,7
1791426797448537118,52139921789802,6652,6
1791426797469638419,52139942737393,6676,6
1791426797490892949,52139963918300,6692,6
1791426797511887515,52139984787396,6716,6
1791426797532680494,52140005560956,6732,6
1791426797553932427,52140026861590,6756,6
1791426797575658241,52140048616191,6772,6
1791426797596199455,52140069111738,6796,5
1791426797617299108,52140090246378,6812,5
1791426797638827952,52140111835167,6836,5
1791426797659991858,52140132884685,6852,5
1791426797681088436,52140153977650,6876,5
1791426797702438730,52140175382094,6892,5
1791426797725301270,52140198246874,6916,5
1791426797746766983,52140219720631,6932,5
1791426797767913933,52140240819328,6956,4
1791426797788759205,52140261810533,6972,4
1791426797810038979,52140283008196,6996,4
1791426797831596153,52140304499796,7012,4
1791426797852282797,52140325300226,7036,4
1791426797873448175,52140346372083,7052,4
1791426797894787049,52140367675212,7076,4
1791426797916016847,52140388989338,7092,4
1791426797936908092,52140409817385,7116,4
1791426797958160802,52140431083804,7132,4
1791426797979805887,52140452699597,7156,4
1791426798000517903,52140473417287,7172,4
1791426798021685738,52140494593902,7196,4
1791426798043119768,52140516062061,7212,4
1791426798064185212,52140537083376,7236,4
1791426798085180049,52140558063348,7252,4
1791426798106495087,52140579389135,7276,4
1791426798128071389,52140600967562,7292,3
1791426798148839993,52140621711140,7316,3
1791426798170326815,52140643277898,7332,3
1791426798191841097,52140664771564,7356,3
1791426798212581840,52140685452024,7372,3
1791426798233640022,52140706527843,7396,3
1791426798255274159,52140728185564,7412,3
1791426798276235320,52140749167650,7436,3
1791426798297242172,52140770114489,7452,3
1791426798318637467,52140791566850,7476,3
1791426798340673533,52140813565275,7492,3
1791426798361904034,52140834850154,7516,3
1791426798383480313,52140856412669,7532,3
1791426798404314249,52140877227560,7556,3
1791426798425347809,52140898314477,7572,3
1791426798446844483,52140919709296,7596,3
1791426798468063738,52140940948496,7612,2
1791426798489003087,52140961935257,7636,2
1791426798510428772,52140983286729,7652,2
1791426798531826890,52141004766283,7676,2
1791426798552507917,52141025429521,7692,2
1791426798573814274,52141046668525,7716,1
1791426798595216383,52141068204258,7732,1
1791426798616729216,52141089641797,7756,1
1791426798641840679,52141114717636,7772,1
1791426798665410539,52141138331830,7796,1
1791426798686752751,52141159659069,7812,1
1791426798708326946,52141181215272,7836,0
1791426798729433749,52141202317873,7852,0
1791426798750716605,52141223585686,7876,0
1791426798773463172,52141246327469,7892,0
1791426798794717735,52141267653494,7916,0
1791426798815878409,52141288764941,7932,0
1791426798836666351,52141309591059,7956,0
1791426798857653509,52141330517638,7972,0
1791426798879239555,52141352159440,7996,0
1791426798903285603,52141376193947,8012,0
1791426798923968899,52141396840100,8036,0
1791426798944890437,52141417781796,8052,0
1791426798965813708,52141438694303,8076,0
1791426798987132509,52141460019448,8092,0
1791426799007987389,52141480866114,8116,0
1791426799028901162,52141501804946,8132,0
1791426799050134340,52141523064657,8156,0
1791426799071818201,52141544800222,8172,0
1791426799092604033,52141565621888,8196,0
1791426799113570544,52141586513933,8212,0
1791426799134921817,52141607820617,8236,0
1791426799156185773,52141629096702,8252,-1
1791426799177346772,52141650195504,8276,-1
1791426799199280851,52141672277166,8300,-1
1791426799220129944,52141693011872,8316,-1
1791426799240844214,52141713742489,8332,-1
1791426799262039014,52141734946639,8356,-1
1791426799283737201,52141756623169,8372,-1
1791426799304371637,52141777320258,8396,-1
1791426799325317330,52141798177675,8412,-1
1791426799346522329,52141819485225,8436,-1
1791426799367708571,52141841287000,8452,-1
1791426799388529015,52141861445159,8476,-1
1791426799409679693,52141882616291,8492,-1
1791426799430655719,52141903647977,8516,0
1791426799451816050,52141924770423,8532,0
1791426799473195980,52141946147767,8556,0
1791426799494071581,52141967130049,8572,0
1791426799516343646,52141989231649,8596,0
1791426799537887175,52142011378982,8612,0
1791426799559531470,52142032441635,8636,0
1791426799580693408,52142053646546,8652,0
1791426799603719959,52142076648948,8676,0
1791426799625237504,52142098192050,8692,0
1791426799646723792,52142119583186,8716,0
1791426799667822465,52142140719938,8732,1
1791426799688466607,52142161673815,8756,1
1791426799709526371,52142182434523,8772,1
1791426799731431249,52142204383311,8796,1
1791426799752416131,52142225309813,8812,2
1791426799774173952,52142247098665,8836,2
1791426799795750267,52142268633343,8852,2
1791426799816533318,52142289397992,8876,2
1791426799837600565,52142310477092,8892,3
1791426799860730711,52142333588103,8916,3
1791426799882016347,52142354903824,8932,3
1791426799903931120,52142376810071,8956,3
1791426799924572916,52142397476004,8972,4
1791426799945678323,52142418583377,8996,4
1791426799966897271,52142439781306,9012,4
1791426799988076318,52142460973681,9036,4
1791426800008970581,52142481843366,9052,4
1791426800030337107,52142503236433,9076,5
1791426800051812693,52142524663985,9092,5
1791426800072695435,52142545602614,9116,5
1791426800093933530,52142566823612,9132,5
1791426800116079788,52142588968673,9156,5
1791426800137203650,52142610074943,9172,5
1791426800157981904,52142630867993,9196,6
1791426800181503950,52142654422331,9212,6
1791426800203585653,52142676514626,9236,6
1791426800224959415,52142697875286,9252,6
1791426800246107652,52142719017819,9276,6
1791426800267683265,52142740598508,9292,7
1791426800288526330,52142761405218,9316,7
1791426800314859732,52142787743052,9332,7
1791426800337604298,52142810498434,9356,7
1791426800358935888,52142831833514,9372,7
1791426800379878296,52142852770749,9396,7
1791426800400575522,52142873521567,9412,7
1791426800421657676,52142894589134,9436,7
1791426800444282765,52142917213201,9452,7
1791426800464897614,52142937787992,9476,7
1791426800488210270,52142961081207,9492,7
1791426800509859427,52142982782864,9516,7
1791426800537339930,52143010206495,9540,7
1791426800557449359,52143030398238,9556,7
1791426800583982631,52143057081291,9572,7
1791426800604483901,52143077710327,9596,7
1791426800625464885,52143098682423,9612,7
1791426800647136627,52143120114907,9636,7
1791426800668160543,52143141055483,9652,7
1791426800689630545,52143162550913,9676,7
1791426800711179941,52143184122039,9692,7
1791426800731985851,52143204866128,9716,7
1791426800753058113,52143225948947,9732,7
1791426800773966307,52143246846951,9756,7
1791426800795712496,52143268675977,9772,6
1791426800816653223,52143289555591,9796,6
1791426800837573010,52143310503387,9812,6
1791426800860619582,52143333566265,9836,6
1791426800881796247,52143354664313,9852,6
1791426800903619051,52143376530599,9876,6
1791426800924286843,52143397159221,9892,6
1791426800945324192,52143418213774,9916,5
1791426800966684821,52143439615668,9932,5
1791426800988006955,52143460922962,9956,5
1791426801009382404,52143482258933,9980,4
1791426801030101939,52143502971491,9996,4
1791426801055313161,52143528303839,10012,4
1791426801076276370,52143549158655,10036,3
1791426801102508411,52143575390179,10052,3
1791426801127671847,52143600546112,10076,3
1791426801144734455,52143617631847,10092,2
1791426801166000040,52143638884516,10116,2
1791426801188025400,52143660915122,10140,2
1791426801208296087,52143681152170,10156,1
1791426801229467077,52143702451022,10172,1
1791426801250732686,52143723681687,10196,1
1791426801273040976,52143745934007,10212,1
1791426801294119674,52143767023548,10236,1
1791426801315655044,52143788624985,10252,1
1791426801336339178,52143809302265,10276,0
1791426801357348306,52143830261151,10292,0
1791426801378925004,52143851840584,10316,0
1791426801400368019,52143873287518,10332,0
1791426801421360964,52143894251465,10356,0
1791426801442350956,52143915240723,10372,0
1791426801463841744,52143936786323,10396,0
1791426801484777122,52143957582395,10412,0
1791426801505657129,52143978577648,10436,0
1791426801527021427,52143999886658,10452,0
1791426801547979174,52144020844673,10476,0
1791426801569005946,52144041936783,10492,-1
1791426801590308105,52144063216349,10516,-1
1791426801613034023,52144085929729,10532,-1
1791426801634384876,52144107242953,10556,-1
1791426801656390025,52144129286999,10572,-2
1791426801677279669,52144150211214,10596,-2
1791426801698809975,52144171748931,10612,-2
1791426801720063734,52144192967023,10636,-2
1791426801740851104,52144213755473,10652,-3
1791426801762308157,52144235240452,10676,-3
1791426801783618027,52144256496674,10692,-3
1791426801804385105,52144277293381,10716,-3
1791426801825318425,52144298220379,10732,-3
1791426801846807113,52144319743737,10756,-3
1791426801867977523,52144340881438,10772,-3
1791426801888734464,52144361598530,10796,-4
1791426801909989732,52144382912431,10812,-4
1791426801931751636,52144404631553,10836,-4
1791426801952527389,52144425436461,10852,-4
1791426801973735492,52144446656493,10876,-4
1791426801995528177,52144468477078,10892,-4
1791426802016340441,52144489280660,10916,-4
1791426802037455438,52144510398750,10932,-4
1791426802059260949,52144532177739,10956,-4
1791426802080220403,52144553105534,10972,-4
1791426802101182372,52144574086965,10996,-4
1791426802122718924,52144595664296,11012,-4
1791426802143897434,52144616795977,11036,-3
1791426802164735228,52144637690528,11052,-3
1791426802186090301,52144659137293,11076,-3
1791426802208718863,52144681607451,11092,-3
1791426802229538864,52144702549115,11116,-3
1791426802250863977,52144723746700,11132,-3
1791426802271958802,52144744869821,11156,-3
1791426802292612036,52144765505486,11172,-3
1791426802313877981,52144786753178,11196,-3
1791426802335087149,52144807976046,11212,-3
1791426802356031225,52144828874307,11236,-3
1791426802376939738,52144849819108,11252,-3
1791426802398300527,52144871175317,11276,-2
1791426802419700377,52144892739070,11292,-2
1791426802440375218,52144913250839,11316,-2
1791426802461498682,52144934413235,11332,-2
1791426802482976794,52144955844471,11356,-2
1791426802504057505,52144976995030,11372,-2
1791426802524958348,52144997858081,11396,-2
1791426802546344704,52145019216585,11412,-2
1791426802567719378,52145040607754,11436,-2
1791426802588471468,52145061498229,11452,-2
1791426802609562607,52145082462888,11476,-2
1791426802631280149,52145104157861,11492,-2
1791426802652146414,52145125054863,11516,-2
1791426802672983931,52145145882822,11532,-2
1791426802694270432,52145167146308,11556,-2
1791426802715879063,52145188764445,11572,-2
1791426802736599073,52145209492004,11596,-2
1791426802757859094,52145230783785,11612,-1
1791426802779244652,52145252122620,11636,-1
1791426802800053744,52145273089821,11652,-1
1791426802820901822,52145293781392,11676,-1
1791426802842093433,52145315013702,11692,-1
1791426802863604924,52145336514149,11716,-1
1791426802884451890,52145357350430,11732,-1
1791426802908498518,52145381354449,11756,-1
1791426802929712127,52145402607208,11772,-1
1791426802951238585,52145424154340,11796,-1
1791426802972206409,52145445096885,11812,-1
1791426802993195834,52145466120786,11836,-1
1791426803014461228,52145487383545,11852,0
1791426803047681753,52145520564027,11876,0
1791426803068294046,52145541206110,11892,0
1791426803089506695,52145562483859,11916,0
1791426803110993538,52145583925112,11932,0
1791426803132109308,52145605000940,11956,0
1791426803153109669,52145626022675,11972,0
1791426803174621173,52145647545931,11996,0
1791426803195900823,52145668780343,12012,0
1791426803216692592,52145689596685,12036,0
1791426803237948927,52145710842520,12052,1
1791426803259652701,52145732552535,12076,1
1791426803280331639,52145753223844,12092,1
1791426803301424296,52145774339115,12116,1
1791426803324295786,52145797136007,12132,1
1791426803345422018,52145818332843,12156,1
1791426803368862783,52145841783200,12172,2
1791426803390068126,52145863057663,12196,2
1791426803412931088,52145885858535,12220,2
1791426803432150215,52145905038979,12236,2
1791426803453162453,52145926079342,12252,2
1791426803474495550,52145947400641,12276,2
1791426803497107170,52145970031955,12292,2
1791426803518292776,52145991188201,12316,3
1791426803543928736,52146017033790,12340,3
1791426803560740118,52146033701835,12356,3
1791426803581998600,52146054800943,12380,3
1791426803603386516,52146076343677,12396,4
1791426803624292945,52146097244725,12412,4
1791426803645164367,52146118051657,12436,4
1791426803666532901,52146139459690,12452,4
1791426803687711498,52146160634221,12476,4
1791426803708737991,52146181646257,12492,4
1791426803729756705,52146202706941,12516,5
1791426803751089453,52146223991782,12532,5
1791426803772204272,52146245123622,12556,5
1791426803793021209,52146265953131,12572,5
1791426803814170227,52146287008766,12596,5
1791426803835817073,52146308770674,12612,5
1791426803857438976,52146330330527,12636,5
1791426803880084804,52146352898163,12652,5
1791426803900389767,52146373305977,12676,5
1791426803921477091,52146394400612,12692,5
1791426803942957054,52146415853290,12716,5
1791426803963775167,52146436693524,12732,5
1791426803984951970,52146457877806,12756,5
1791426804006136203,52146478932483,12772,5
1791426804027156467,52146500149732,12796,5
1791426804048822237,52146521776698,12812,4
1791426804069993394,52146542949954,12836,4
1791426804091268624,52146564225433,12852,4
1791426804112331226,52146585330327,12876,4
1791426804133347824,52146606296197,12892,4
1791426804154549446,52146627355481,12916,4
1791426804175943651,52146648862181,12932,4
1791426804196661485,52146669562127,12956,3
1791426804217590303,52146690482280,12972,3
1791426804238764589,52146711777831,12996,3
1791426804259757863,52146732783808,13012,3
1791426804280823349,52146753618083,13036,3
1791426804301713244,52146774513714,13052,3
1791426804323025821,52146796007830,13076,3
1791426804344678624,52146817530297,13092,3
1791426804365197100,52146838155896,13116,2
1791426804386675119,52146859473889,13132,2
1791426804407868210,52146880964596,13156,2
1791426804428813639,52146901729938,13172,2
1791426804449912830,52146922715482,13196,2
1791426804472014960,52146944982806,13220,2
1791426804492583872,52146965808056,13236,2
1791426804514376911,52146987371935,13260,2
1791426804535779658,52147008873721,13276,2
1791426804557690946,52147030945534,13292,2
1791426804578773755,52147051869392,13316,2
1791426804600050008,52147073047936,13332,2
1791426804620880364,52147093799416,13356,2
1791426804642863479,52147115767345,13372,2
1791426804665300251,52147138298549,13396,2
1791426804686296927,52147159237551,13412,2
1791426804708673846,52147181839805,13436,2
1791426804729787135,52147202729656,13452,2
1791426804751078885,52147224009798,13476,2
1791426804772483325,52147245432445,13492,2
1791426804793630329,52147266645559,13516,3
1791426804826685884,52147299966237,13532,3
1791426804849235936,52147322204862,13556,3
1791426804870922153,52147344446069,13572,3
1791426804891982471,52147364963527,13596,3
1791426804912830993,52147386028471,13612,3
1791426804935727906,52147408837038,13636,4
1791426804956595514,52147429534437,13652,4
1791426802638361812,52147450344073,13676,4
1791426802659793591,52147472013689,13692,4
1791426802681210413,52147493487940,13716,4
1791426802702240757,52147514557820,13732,5
1791426802723725355,52147535855365,13756,5
1791426802745010080,52147557128546,13772,5
1791426802766019877,52147578159913,13796,6
1791426802787773671,52147599749729,13812,6
1791426802808862029,52147621023023,13836,6
1791426802829888620,52147642065613,13852,6
1791426802851326545,52147663566733,13876,7
1791426802872816712,52147684846848,13892,7
1791426802893896615,52147706028384,13916,7
1791426802915179502,52147727260289,13932,7
1791426802936763124,52147748877067,13956,8
1791426802957640710,52147769626838,13972,8
1791426802978712215,52147790805331,13996,8
1791426803000017170,52147812127627,14012,9
1791426803021089356,52147833214091,14036,9
1791426803042139242,52147854272193,14052,9
1791426803063817314,52147875921289,14076,10
1791426803085066584,52147897118182,14092,10
1791426803105752808,52147917904832,14116,10
1791426803127093044,52147939079013,14132,11
1791426803148377197,52147960522201,14156,11
1791426803169635734,52147981924224,14172,11
1791426803190796843,52148002870512,14196,12
1791426803212226167,52148024354533,14212,12
1791426803233479774,52148045467136,14236,12
1791426803254172786,52148066268415,14252,13
1791426803275725955,52148087717018,14276,13
1791426803296792849,52148108900466,14292,13
1791426803321159219,52148133250958,14316,13
1791426803342105817,52148154246790,14332,13
1791426803363638989,52148175763275,14356,14
1791426803384961347,52148197040117,14372,14
1791426803405862457,52148217851021,14396,14
1791426803427322393,52148239348109,14412,14
1791426803448744132,52148260926279,14436,14
1791426803469785678,52148281776796,14460,14
1791426803490994111,52148303104154,14476,14
1791426803512657949,52148324749881,14492,14
1791426803533430071,52148345553561,14516,14
1791426803554767443,52148366924019,14532,14
1791426803576454810,52148388577371,14556,14
1791426803596985316,52148409154128,14572,14
1791426803617987298,52148430116024,14596,14
1791426803639048256,52148451226313,14612,14
1791426803660774576,52148472767314,14636,14
1791426803681181539,52148493332873,14652,14
1791426803702057171,52148514197508,14676,14
1791426803723353133,52148535494900,14692,14
1791426803744876052,52148557000694,14716,14
1791426803765635470,52148578138582,14732,14
1791426803786811236,52148599139311,14756,14
1791426803808150344,52148621526278,14772,14
1791426803828951263,52148641099722,14796,14
1791426803850330569,52148662428227,14820,14
1791426803871514601,52148683621528,14836,13
1791426803892634955,52148704781720,14852,13
1791426803913435396,52148725632686,14876,13
1791426803934885601,52148746983372,14892,13
1791426803956386714,52148768518754,14916,13
1791426803977129601,52148789225216,14932,13
1791426803998675873,52148810795755,14956,12
1791426804019833460,52148831927314,14972,12
1791426804041079503,52148853211149,14996,12
1791426804062235083,52148874211580,15012,12
1791426804083577083,52148895685461,15036,12
1791426804104834581,52148916986567,15052,11
1791426804125980418,52148937970811,15076,11
1791426804147079875,52148959197826,15092,11
1791426804168157800,52148981134017,15116,11
1791426804189015899,52149001009581,15132,11
1791426804209600342,52149021587306,15156,11
1791426804230589771,52149042738739,15172,11
1791426804251850666,52149063971563,15196,11
1791426804273073472,52149085224947,15212,11
1791426804294072103,52149106065782,15236,11
1791426804315265438,52149127411472,15252,10
1791426804336534631,52149148710422,15276,10
1791426804357236904,52149169346053,15292,10
1791426804378850018,52149190948834,15316,10
1791426804400039049,52149212176344,15340,10
1791426804420994088,52149233035293,15356,10
1791426804441556288,52149253662149,15372,10
1791426804463607355,52149275749798,15396,10
1791426804484610492,52149296736385,15412,10
1791426804505588468,52149317698687,15436,10
1791426804528126283,52149340151718,15452,10
1791426804549191791,52149361334836,15476,10
1791426804570188929,52149382509399,15492,9
1791426804591941516,52149403930266,15516,9
1791426804613294501,52149425476404,15532,9
1791426804634417058,52149446619589,15556,9
1791426804655529457,52149467740044,15572,9
1791426804676828781,52149488928900,15596,9
1791426804697833125,52149509956421,15612,9
1791426804719187710,52149531321634,15636,8
1791426804740701874,52149552709261,15652,8
1791426804761385333,52149573476017,15676,8
1791426804782238047,52149594339952,15692,8
1791426804803515907,52149615626803,15716,8
1791426804824734690,52149636828549,15732,8
1791426804845569200,52149657648825,15756,8
1791426804866495261,52149678600922,15772,7
1791426804888251476,52149700241709,15796,7
1791426804909424463,52149721535846,15812,7
1791426804930738313,52149742845907,15836,7
1791426804951826851,52149763966865,15852,7
1791426804972864792,52149784941936,15876,7
1791426804993730157,52149805885100,15892,7
1791426805015020351,52149827174060,15916,6
1791426805036145326,52149848300579,15932,6
1791426805056825202,52149868930760,15956,6
1791426805077712208,52149889811827,15972,6
1791426805099184514,52149911189268,15996,6
1791426805120640729,52149932748959,16012,6
1791426805141232417,52149953274947,16036,5
1791426805162160474,52149974269139,16052,5
1791426805183501688,52149995741307,16076,5
1791426805204884306,52150016882288,16092,5
1791426805225589279,52150037713003,16116,5
1791426805246649338,52150058767668,16132,5
1791426805268029831,52150080196854,16156,5
1791426805289078757,52150101081340,16172,5
1791426805309598388,52150121746484,16196,5
1791426805330545219,52150142670387,16212,5
1791426805352176766,52150164170078,16236,4
1791426805372782554,52150184874745,16252,4
1791426805393795262,52150205774093,16276,4
1791426805415203119,52150227306766,16292,4
1791426805436767007,52150248793174,16316,4
1791426805457636803,52150269634343,16340,5
1791426805478364863,52150290355943,16356,5
1791426805499947738,52150311963744,16372,5
1791426805520781163,52150332919540,16396,5
1791426805541773281,52150353771314,16412,5
1791426805562854675,52150374911195,16436,5
1791426805584526981,52150396548561,16452,5
1791426805605235469,52150417513902,16476,5
1791426805626208437,52150438298619,16492,5
1791426805647671049,52150459802067,16516,5
1791426805668969406,52150481087118,16532,5
1791426805689422184,52150501544176,16556,5
1791426805710609681,52150522594804,16572,5
1791426805731970143,52150544071057,16596,5
1791426805752745359,52150564971690,16612,5
1791426805773600310,52150585895540,16636,5
1791426805794811915,52150606927308,16652,5
1791426805816138327,52150628219972,16676,5
1791426805836935442,52150649178843,16692,5
1791426805857826797,52150670096270,16716,5
1791426805879102941,52150691377054,16732,5
1791426805900365782,52150712601066,16756,5
1791426805921629434,52150733979433,16772,5
1791426805942746551,52150754994817,16796,5
1791426805963747766,52150775972023,16812,5
1791426805985647843,52150797806420,16836,5
1791426806006813677,52150819010560,16852,5
1791426806028272287,52150840490288,16876,5
1791426806049488540,52150861827075,16892,6
1791426806071213359,52150883313795,16916,6
1791426806092992168,52150905173203,16932,6
1791426806114201422,52150926584590,16956,6
1791426806138334753,52150950460744,16972,6
1791426806159735715,52150971720442,16996,6
1791426806181325724,52150993312030,17012,6
1791426806201450971,52151013899534,17036,6
1791426806222586058,52151034670038,17052,6
1791426806243848706,52151055980425,17076,6
1791426806264819156,52151077002292,17092,6
1791426806285540474,52151097732811,17116,6
1791426806306599518,52151118735312,17132,6
1791426806327591406,52151139808544,17156,6
1791426806348725144,52151160823637,17172,5
1791426806369481310,52151181618598,17196,5
1791426806390514758,52151202734784,17212,5
1791426806411554848,52151223643291,17236,5
1791426806432506733,52151244619432,17252,5
1791426806452986580,52151265160558,17276,5
1791426806474031555,52151286248180,17292,5
1791426806495257513,52151307354622,17316,5
1791426806516503061,52151328631926,17332,5
1791426806537094193,52151349303643,17356,5
1791426806558517312,52151370596088,17372,5
1791426806580258156,52151392431774,17396,5
1791426806602247617,52151414340367,17412,5
1791426806623591876,52151435731645,17436,5
1791426806644576734,52151456771768,17452,5
1791426806665054605,52151478183889,17476,5
1791426806686008885,52151498113688,17492,5
1791426806707733899,52151519994417,17516,5
1791426806728856386,52151540969024,17532,5
1791426806749793035,52151561867786,17556,5
1791426806770873208,52151583086296,17572,5
1791426806791989196,52151604103773,17596,5
1791426806817359112,52151629482839,17620,5
1791426806838823405,52151650971606,17636,5
1791426806859886283,52151671978126,17652,4
1791426806881169091,52151693406553,17676,4
1791426806902161881,52151714293035,17692,4
1791426806923415208,52151735477174,17716,4
1791426806945854744,52151758237512,17732,4
1791426806966989821,52151779142320,17756,4
1791426806988472118,52151800600041,17772,4
1791426807012199026,52151827388582,17796,4
1791426807030507382,52151842601592,17812,4
1791426807053578920,52151865570759,17836,4
1791426807074347624,52151886455333,17852,4
1791426807096011921,52151908055255,17876,4
1791426807117086148,52151929250798,17892,4
1791426807138270717,52151950252570,17916,4
1791426807159780204,52151971784793,17932,4
1791426807180869528,52151993036648,17956,4
1791426807201836357,52152013829514,17972,4
1791426807223641913,52152035635975,17996,4
1791426807244628351,52152056698429,18012,4
1791426807265401051,52152077521263,18036,5
1791426807286822044,52152098805929,18052,5
1791426807308513492,52152120586388,18076,5
1791426807329171586,52152141347096,18092,5
1791426807350287715,52152162402272,18116,5
1791426807372045802,52152184152217,18132,5
1791426807392933882,52152205186119,18156,5
1791426807414026316,52152226140529,18172,5
1791426807435545009,52152247707581,18196,5
1791426807456716893,52152268814168,18212,5
1791426807477696485,52152289831161,18236,5
1791426807499000157,52152311048316,18252,5
1791426807520697544,52152332790332,18276,5
1791426807541464575,52152353493288,18292,5
1791426807562506963,52152374676210,18316,5
1791426807584202575,52152396564066,18332,5
1791426807605924393,52152418037939,18356,5
1791426807625957226,52152438113183,18372,5
1791426807647121315,52152459273383,18396,5
1791426807668618518,52152480646467,18412,5
1791426807689199877,52152501398338,18436,5
1791426807710243810,52152522418718,18452,5
1791426807731609636,52152543689411,18476,5
1791426807752856737,52152564967323,18492,5
1791426807773977951,52152586050315,18516,5
1791426807795073352,52152607241086,18532,5
1791426807816666679,52152628656426,18556,5
1791426807837272736,52152649418263,18572,5
1791426807858397135,52152670532471,18596,5
1791426807880325640,52152692316963,18612,5
1791426807901332528,52152713325110,18636,5
1791426807922177825,52152734352087,18652,5
1791426807943796320,52152755941381,18676,5
1791426807964982477,52152777107123,18692,5
1791426807985985746,52152798115905,18716,5
1791426808007335824,52152819579642,18732,5
1791426808028898892,52152841082134,18756,5
1791426808050007339,52152861989503,18772,5
1791426808071378905,52152883407871,18796,5
1791426808092825630,52152905040530,18812,6
1791426808113624228,52152925816028,18836,6
1791426808134794440,52152946891609,18852,6
1791426808156568713,52152968843820,18876,6
1791426808177361037,52152989486216,18892,6
1791426808198652764,52153010754895,18916,6
1791426808220500417,52153032588851,18932,6
1791426808241472991,52153053513618,18956,6
1791426808262344119,52153074558118,18972,6
1791426808283938969,52153096123737,18996,7
1791426808304957521,52153117047302,19012,7
1791426808326090025,52153138236959,19036,7
1791426808347331578,52153159454380,19052,7
1791426808368754505,52153180874166,19076,7
1791426808389631409,52153201760262,19092,7
1791426808410910254,52153222893644,19116,8
1791426808432472233,52153244682931,19132,8
1791426808453175269,52153265350593,19156,8
1791426808474217260,52153286343117,19172,8
1791426808495910689,52153308287651,19196,8
1791426808517014259,52153329133633,19212,9
1791426808538015383,52153350120544,19236,9
1791426808559801444,52153371917132,19260,9
1791426808580773317,52153392867919,19276,9
1791426808601707488,52153413785123,19292,9
1791426808623025486,52153435144169,19316,10
1791426808644540146,52153456620824,19332,10
1791426808665325188,52153477401285,19356,10
1791426808686371773,52153498465076,19372,10
1791426808708050034,52153520175130,19396,11
1791426808729056222,52153541074174,19412,11
1791426808750005594,52153562087764,19436,11
1791426808771269716,52153583313474,19452,11
1791426808792679817,52153604828703,19476,12
1791426808813299936,52153625430380,19492,12
1791426808836315500,52153648297780,19516,12
1791426808857306613,52153669294823,19532,12
1791426808878053729,52153690193730,19556,13
1791426808899374950,52153711375576,19580,13
1791426808920771522,52153732833602,19596,13
1791426808942912058,52153755052683,19612,13
1791426808964472488,52153776675490,19636,14
1791426808985338221,52153797327031,19660,14
1791426809006616120,52153818692238,19676,14
1791426809029570651,52153841724500,19692,14
1791426809053312792,52153865410726,19716,14
1791426809074241233,52153886378513,19732,14
1791426809095662711,52153907783064,19756,15
1791426809116951845,52153929116903,19780,15
1791426809137923604,52153950004124,19796,15
1791426809159759459,52153972007485,19820,15
1791426809180700874,52153992682195,19836,15
1791426809201091221,52154013218739,19852,15
1791426809221735475,52154033857513,19876,15
1791426809243352757,52154055334251,19900,15
1791426809264743691,52154076861311,19916,15
1791426809285216959,52154097282413,19932,15
1791426809307021945,52154119090067,19956,15
1791426809328522451,52154140500123,19972,15
1791426809348900863,52154161151871,19996,15
1791426809379000827,52154192801220,20020,15
1791426809416598133,52154228656160,20036,15
1791426809440992294,52154252971807,20060,16
1791426809470185433,52154282165088,20076,16
1791426809493036002,52154305024444,20096,16
1791426809513786871,52154325972150,20112,16
1791426809534930295,52154347119145,20136,16
1791426809556778510,52154368765307,20152,16
1791426809578154281,52154390147560,20176,16
1791426809599388810,52154411535180,20192,16
1791426809621448287,52154433531457,20216,16
1791426809642438323,52154454630906,20232,16
1791426809664252239,52154476528903,20256,16
1791426809685088470,52154497183894,20272,16
1791426809706128425,52154518340894,20296,16
1791426809727703908,52154539972374,20312,16
1791426809748921049,52154561017258,20336,16
1791426809769869657,52154581984264,20352,16
1791426809790904585,52154602997624,20376,16
1791426809812880444,52154624885059,20400,16
1791426809833202211,52154645319757,20416,16
1791426809854544136,52154666533383,20440,16
1791426809875752957,52154687746501,20456,16
1791426809896855896,52154708849638,20472,16
1791426809917709869,52154729690690,20496,15
1791426809938438122,52154750651057,20512,15
1791426809960575470,52154772655054,20536,15
1791426809982115456,52154794493464,20552,14
1791426810003503670,52154815670439,20576,14
1791426810024668309,52154836885578,20592,14
1791426810045473412,52154857624122,20616,14
1791426810068854770,52154881210009,20632,13
1791426810089707820,52154901958977,20656,13
1791426810111036500,52154923110000,20672,13
1791426810132505741,52154944648391,20696,13
1791426810153405348,52154965503800,20712,13
1791426810174227714,52154986341933,20736,13
1791426810195513100,52155007611747,20752,12
1791426810217087243,52155029070802,20776,12
1791426810237688796,52155049957452,20792,12
1791426810258722386,52155070974504,20816,12
1791426810280583868,52155092649620,20832,12
1791426810301594394,52155113681497,20856,11
1791426810322400625,52155134682696,20872,11
1791426810343440733,52155155673779,20896,11
1791426810364688363,52155176787060,20912,11
1791426810385502223,52155197712485,20936,10
1791426810406636135,52155218722377,20952,10
1791426810428087807,52155240277557,20976,10
1791426810448743667,52155260845925,20992,10
1791426810469540350,52155281609684,21016,9
1791426810490584589,52155302705107,21032,9
1791426810512021258,52155324310555,21056,9
1791426810532777106,52155344914427,21072,9
1791426810553642197,52155365804983,21096,9
1791426810579775263,52155391771348,21112,9
1791426810601480315,52155413701733,21136,8
1791426810623464480,52155435788824,21152,8
1791426810645654965,52155457895027,21176,8
1791426810666856127,52155479132687,21192,8
1791426810688468810,52155500745054,21216,8
1791426810709783057,52155521792078,21240,8
1791426810730137721,52155542277618,21256,8
1791426810751118683,52155563267915,21272,7
1791426810773751079,52155585736124,21296,7
1791426810794982953,52155606959032,21320,7
1791426810821150496,52155633220940,21336,7
1791426810845307782,52155657288821,21360,7
1791426810866018128,52155678004831,21376,7
1791426810888804800,52155700823354,21400,7
1791426810909355659,52155721331200,21416,7
1791426810931190498,52155743183905,21432,7
1791426810956214698,52155768347029,21456,7
1791426810976403396,52155788527054,21472,7
1791426811000658997,52155812781874,21496,7
1791426811020898066,52155833157397,21520,7
1791426811041375941,52155853627825,21536,7
1791426811063213747,52155875366142,21552,7
1791426811084327996,52155896408892,21576,6
1791426811105315627,52155917807860,21592,6
1791426811127779471,52155940036367,21616,6
1791426811149058585,52155961136660,21632,6
1791426811170538942,52155982756156,21656,6
1791426811191954054,52156004433521,21672,6
1791426811215398391,52156027616054,21696,6
1791426811236589446,52156049020082,21712,6
1791426811257455202,52156069435687,21736,6
1791426811278944714,52156090931727,21752,6
1791426811300212295,52156112564562,21776,5
1791426811321316367,52156133756088,21792,5
1791426811342701325,52156154980756,21816,5
1791426811364334051,52156176589975,21832,5
1791426811385431376,52156197597719,21856,5
1791426811406237583,52156218380717,21872,5
1791426811427771790,52156239907870,21896,4
1791426811449289965,52156261412893,21920,4
1791426811469746469,52156281898053,21936,4
1791426811490710751,52156303139750,21952,4
1791426811512576145,52156324773846,21976,3
1791426811533193722,52156345417306,21992,3
1791426811554113756,52156366394100,22016,3
1791426811575857112,52156387897563,22032,3
1791426811598005915,52156409983153,22056,2
1791426811620075044,52156432072134,22080,2
1791426811640930005,52156453154636,22096,2
1791426811661924207,52156474019159,22112,2
1791426811682795048,52156494977776,22136,2
1791426811709067691,52156521213538,22160,2
1791426811729762983,52156541739406,22176,1
1791426811751189326,52156563170605,22192,1
1791426811772255929,52156584420371,22216,1
1791426811793810198,52156606014092,22232,1
1791426811814279798,52156626551146,22256,1
1791426811835777800,52156647984789,22272,1
1791426811857061674,52156669160202,22296,0
1791426811877608902,52156689914620,22312,0
1791426811899221320,52156711600197,22336,0
1791426811920608386,52156732775949,22352,0
1791426811941693346,52156753904136,22376,0
1791426811962897689,52156775179503,22392,0
1791426811984235051,52156796584427,22416,0
1791426812005451751,52156817661358,22440,0
1791426812027133796,52156839385396,22456,0
1791426812048852009,52156861069940,22472,0
1791426812069366101,52156881620164,22496,0
1791426812090283356,52156902850409,22512,0
1791426812114380595,52156926492262,22536,0
1791426812137315198,52156949289545,22560,-1
1791426812157876676,52156970070831,22576,-1
1791426812178536456,52156990872015,22592,-1
1791426812200181693,52157012293553,22616,-1
1791426812221486636,52157033663773,22640,-1
1791426812242059608,52157054429824,22656,-1
1791426812263340127,52157076010653,22672,-1
1791426812293953381,52157106308973,22696,-1
1791426812359244056,52157171220076,22712,-1
1791426812384806671,52157196791237,22736,-1
1791426812405676454,52157217653401,22752,-1
1791426812430693671,52157242673292,22776,-2
1791426812452921124,52157264898026,22792,-2
1791426812473550159,52157285526051,22816,-2
1791426812496839274,52157308964566,22832,-2
1791426812518307667,52157330358927,22860,-2
1791426812541831155,52157353813498,22876,-2
1791426812565182416,52157377170636,22900,-2
1791426812585719453,52157397696868,22916,-2
1791426812609364000,52157421345983,22940,-1
1791426812636031138,52157448144778,22956,-1
1791426812661690832,52157473811528,22972,-1
1791426812685163896,52157497246300,22996,-1
1791426812709144284,52157521128455,23012,-1
1791426812732613004,52157544868211,23036,0
1791426812757899279,52157569889352,23052,0
1791426812779975451,52157591955888,23076,0
1791426812801102286,52157613086938,23092,0
1791426812822868804,52157634846257,23116,0
1791426812844573777,52157656703678,23132,0
1791426812865317672,52157677433086,23156,0
1791426812886456910,52157698555439,23172,0
1791426812907858498,52157720003620,23196,1
1791426812929338397,52157741445487,23220,1
1791426812949674056,52157761772157,23236,1
1791426812970510167,52157782647945,23252,1
1791426812991829277,52157803932810,23276,2
1791426813012871521,52157825012139,23292,2
1791426813033651113,52157845707891,23316,2
1791426813054791034,52157866908584,23332,2
1791426813076538489,52157888624616,23356,3
1791426813097300142,52157909409885,23372,3
1791426813118407271,52157930574668,23396,3
1791426813139668748,52157951764192,23412,3
1791426813161088421,52157973104173,23436,3
1791426813181721649,52157993851219,23452,3
1791426813203005494,52158015126372,23476,4
1791426813224642450,52158036823079,23492,4
1791426813245389449,52158057542330,23516,4
1791426813266716463,52158078790179,23532,4
1791426813288669149,52158100770878,23556,4
1791426813309349286,52158121467073,23572,4
1791426813330523955,52158142510744,23596,4
1791426813351994383,52158164218053,23612,5
1791426813373021931,52158185123764,23636,5
1791426813393931040,52158206050537,23652,5
1791426813415263809,52158227366492,23676,5
1791426813436797864,52158248924396,23692,5
1791426813457751062,52158269741449,23716,5
1791426813478860075,52158290992183,23732,5
1791426813500592227,52158312729074,23756,4
1791426813521422484,52158333520519,23772,4
1791426813542604644,52158354613171,23796,4
1791426813564512417,52158376703048,23812,4
1791426813585138573,52158397204120,23836,4
1791426813606273138,52158418369517,23852,4
1791426813627494926,52158439607895,23876,4
1791426813648831074,52158460923093,23892,4
1791426813669624110,52158481686853,23916,4
1791426813690910387,52158503033723,23932,4
1791426813712446881,52158524553956,23956,4
1791426813733080661,52158545155791,23972,4
1791426813754124130,52158566241274,23996,4
1791426813775379744,52158587475346,24012,4
1791426813796691775,52158608791713,24036,4
1791426813817329258,52158629458537,24052,3
1791426813838516214,52158650609565,24076,3
1791426813859636993,52158671729222,24092,3
1791426813881067327,52158693204294,24116,3
1791426813901827371,52158713950766,24132,3
1791426813924083434,52158736214560,24156,3
1791426813948794853,52158760860105,24172,3
1791426813966599386,52158778737444,24192,3
1791426813992507679,52158804611776,24216,3
1791426814009012913,52158821122970,24232,3
1791426814029795339,52158841914602,24256,3
1791426814051008945,52158863132038,24272,3
1791426814072571717,52158884660871,24296,2
1791426814093259931,52158905407566,24312,2
1791426814114438300,52158926533367,24336,2
1791426814136093496,52158948282458,24352,2
1791426814156969905,52158969092413,24376,2
1791426814177780148,52158989895614,24392,2
1791426814199089872,52159011182681,24416,2
1791426814220824997,52159032916195,24432,2
1791426814241571397,52159053683573,24456,2
1791426814262642114,52159074740847,24472,2
1791426814283960470,52159096136162,24496,1
1791426814304909622,52159117020135,24512,1
1791426814326105520,52159138236449,24536,1
1791426814347677693,52159159782525,24552,1
1791426814368948516,52159181055747,24576,1
1791426814390719326,52159202845672,24592,1
1791426814411769191,52159225716393,24616,1
1791426814432917797,52159245032496,24632,1
1791426814454745926,52159266854545,24656,1
1791426814476005944,52159288095446,24672,1
1791426814496922207,52159309005939,24696,0
1791426814517847034,52159329952823,24712,0
1791426814539524000,52159351648627,24736,0
1791426814560697027,52159372806861,24752,0
1791426814581544721,52159393640335,24776,0
1791426814602632087,52159414689492,24792,0
1791426814624314295,52159436417574,24816,0
1791426814645040814,52159457126352,24832,0
1791426814666239880,52159478321682,24856,0
1791426814686984017,52159499128161,24872,0
1791426814708412861,52159520518401,24896,0
1791426814729167365,52159541256084,24912,0
1791426814750150944,52159562196905,24936,0
1791426814771532688,52159583656131,24952,0
1791426814792643061,52159604724498,24976,0
1791426814814240923,52159626525951,24992,0
1791426814834770782,52159646833846,25016,0
1791426814856274505,52159668370029,25032,0
1791426814877087134,52159689141673,25056,0
1791426814898452514,52159710600570,25072,0
1791426814919688785,52159731890254,25096,0
1791426814941633808,52159753704531,25120,0
1791426814961555476,52159773641015,25136,0
1791426814982735587,52159794884397,25152,0
1791426815004588940,52159816639876,25176,0
1791426815025313147,52159837385493,25192,-1
1791426815046347875,52159858474606,25216,-1
1791426815069412373,52159881510710,25232,-1
1791426815089038940,52159901116183,25256,-1
1791426815110400797,52159922462996,25272,-1
1791426815131501955,52159943557496,25296,-1
1791426815152798247,52159965000707,25312,-2
1791426815174394614,52159986582526,25336,-2
1791426815195805936,52160008081855,25352,-2
1791426815217169062,52160029393596,25376,-2
1791426815237897046,52160050163638,25392,-2
1791426815259059742,52160071132833,25416,-2
1791426815280486203,52160092598357,25432,-2
1791426815301181911,52160113294056,25456,-2
1791426815322248110,52160134555712,25472,-3
1791426815345188070,52160157330054,25496,-3
1791426815369679871,52160181767521,25512,-3
1791426815391024662,52160203176185,25536,-3
1791426815412644887,52160224702485,25552,-3
1791426815433472902,52160245593831,25576,-3
1791426815454798225,52160266935226,25592,-3
1791426815476598502,52160288698679,25616,-3
1791426815497269506,52160309361252,25632,-3
1791426815518277081,52160330475413,25656,-3
1791426815540218084,52160352328091,25672,-3
1791426815561210498,52160373314349,25696,-3
1791426815582131033,52160394307835,25712,-3
1791426815603563980,52160415620226,25736,-3
1791426815624952811,52160437081340,25752,-3
1791426815646041124,52160458129541,25776,-3
1791426815667672998,52160479768694,25792,-3
1791426815689080297,52160501191575,25816,-3
1791426815710050158,52160522142969,25832,-3
1791426815731307512,52160543409858,25856,-3
1791426815752781595,52160564864817,25872,-3
1791426815773485868,52160585598877,25896,-4
1791426815794554084,52160606644138,25912,-4
1791426815816149812,52160628208671,25936,-4
1791426815837123429,52160649192061,25952,-4
1791426815858174555,52160670321838,25976,-4
1791426815879798978,52160691926589,25992,-4
1791426815901045301,52160713207413,26016,-4
1791426815922148136,52160734257692,26032,-4
1791426815943654924,52160755784776,26056,-4
1791426815964899426,52160777070684,26072,-4
1791426815985929595,52160798059111,26096,-4
1791426816007929051,52160820031747,26120,-4
1791426816028912634,52160841012692,26136,-4
1791426816049611380,52160861687320,26152,-4
1791426816071038873,52160883101262,26176,-4
1791426816092466949,52160904678111,26192,-4
1791426816113244763,52160925341830,26216,-4
1791426816134328608,52160946405978,26232,-4
1791426816155348515,52160967449343,26256,-4
1791426816176747810,52160988871224,26272,-4
1791426816197471883,52161009533430,26296,-4
1791426816218704541,52161030820498,26312,-4
1791426816239880936,52161051967111,26336,-3
1791426816260684808,52161072802286,26352,-3
1791426816281518099,52161093615367,26376,-3
1791426816302749259,52161114815859,26392,-3
1791426816324314697,52161136468429,26416,-3
1791426816345105970,52161157172324,26432,-3
1791426816366186394,52161178250357,26456,-3
1791426816387368537,52161199427368,26472,-3
1791426816408541693,52161220567551,26496,-2
1791426816429393298,52161241495897,26512,-2
1791426816450503956,52161262558221,26536,-2
1791426816472070922,52161284268986,26552,-2
1791426816492878551,52161304955018,26576,-2
1791426816513815223,52161325900301,26592,-2
1791426816534978961,52161347079481,26616,-1
1791426816556681596,52161368746406,26632,-1
1791426816577441384,52161389717615,26656,-1
1791426816598656962,52161410751817,26672,0
1791426816620428551,52161432781174,26696,0
1791426816641198786,52161453281275,26712,0
1791426816662128780,52161474397184,26736,0
1791426816683960310,52161496123184,26752,0
1791426816704940160,52161517065964,26776,0
1791426816726056009,52161538401029,26792,0
1791426816747550297,52161559726601,26816,0
1791426816768621169,52161580713516,26832,0
1791426816789340001,52161601435029,26856,1
1791426816810556514,52161622630429,26872,1
1791426816832018858,52161644112067,26896,1
1791426816852913774,52161664975066,26912,1
1791426816873702636,52161685726729,26936,1
1791426816894985321,52161707073791,26952,1
1791426816916527797,52161728596220,26976,2
1791426816937434349,52161749480863,26992,2
1791426816958127306,52161770187596,27016,2
1791426816979560820,52161791646290,27032,2
1791426817000838360,52161812918626,27056,2
1791426817021771048,52161833892748,27072,2
1791426817043067823,52161855164556,27096,2
1791426817064651263,52161876801846,27112,2
1791426817086413064,52161898491398,27136,3
1791426817108126263,52161920195044,27152,3
1791426817129118827,52161941262389,27176,3
1791426817150055746,52161962192222,27192,3
1791426817171576892,52161983646414,27216,3
1791426817193314110,52162005378962,27232,3
1791426817214300213,52162026375108,27256,3
1791426817235782790,52162047822198,27272,3
1791426817257000235,52162069065160,27296,4
1791426817278137476,52162090244447,27312,4
1791426817299554178,52162111672104,27336,4
1791426817320746831,52162132808500,27352,4
1791426817342854090,52162154934982,27376,4
1791426817365978933,52162178175400,27392,4
1791426817387443100,52162199496648,27416,5
1791426817408828588,52162220917080,27432,5
1791426817429695553,52162241775016,27456,5
1791426817450802263,52162262878681,27472,5
1791426817472065947,52162284152281,27496,5
1791426817493210094,52162305313135,27512,5
1791426817514013196,52162326155477,27536,5
1791426817535144685,52162347214381,27552,5
1791426817556553354,52162368688562,27576,5
1791426817577443485,52162389512233,27592,5
1791426817599748924,52162411822682,27616,5
1791426817620811386,52162432860069,27632,5
1791426817641817405,52162453973007,27656,5
1791426817663157891,52162475271907,27672,5
1791426817684513700,52162496594546,27696,5
1791426817705243822,52162517315812,27712,5
1791426817726385327,52162538500701,27736,5
1791426817747839010,52162559969475,27752,5
1791426817768779240,52162580869056,27776,5
1791426817789649939,52162601749208,27792,5
1791426817811243579,52162623365084,27816,5
1791426817832680349,52162644744298,27832,5
1791426817853506315,52162665600782,27856,5
1791426817880735031,52162692850112,27872,6
1791426817901680545,52162713765244,27896,6
1791426817922984068,52162735086700,27912,6
1791426817944480596,52162756540769,27936,6
1791426817965654071,52162777729067,27952,6
1791426817986674440,52162798744827,27976,6
1791426818008179667,52162820298868,27992,6
1791426818029225743,52162841314029,28016,6
1791426818050130984,52162862257968,28032,6
1791426818071432021,52162883532303,28056,5
1791426818092402609,52162904474655,28072,5
1791426818113228734,52162925312245,28096,5
1791426818134189098,52162946252225,28112,5
1791426818155409775,52162967487075,28136,6
1791426818176466376,52162988530078,28152,6
1791426818197176564,52163009242579,28176,6
1791426818218303686,52163030368389,28192,6
1791426818239651878,52163051788994,28216,6
1791426818260888190,52163073002558,28232,6
1791426818281737406,52163093829207,28256,5
1791426818302930239,52163115031078,28272,5
1791426818324535991,52163136608327,28296,5
1791426818345201850,52163157350677,28312,5
1791426818366202895,52163178285677,28336,5
1791426818387141082,52163199325360,28352,5
1791426818408767104,52163220942841,28376,5
1791426818429676079,52163241773226,28392,5
1791426818453305582,52163265462652,28416,5
1791426818474424782,52163286475932,28432,5
1791426818496510854,52163308671733,28456,4
1791426818519533611,52163331665801,28472,4
1791426818540890850,52163352977214,28496,4
1791426818561801896,52163373877456,28512,4
1791426818583074926,52163395227645,28536,4
1791426818604642556,52163416854102,28552,4
1791426818625359960,52163437463627,28576,4
1791426818646598768,52163458647582,28592,4
1791426818668138448,52163480353655,28616,4
1791426818688950777,52163501155900,28632,4
1791426818709977699,52163522054179,28656,4
1791426818731478007,52163543560387,28672,4
1791426818752790626,52163564906654,28696,4
1791426818773517565,52163585566107,28712,4
1791426818794682608,52163606741574,28736,4
1791426818816269152,52163628447785,28752,4
1791426818837212694,52163649297177,28776,4
1791426818858514089,52163670563446,28792,4
1791426818880183436,52163692245606,28816,4
1791426818901116950,52163714121736,28832,4
1791426818922619034,52163734726879,28856,4
1791426818946241201,52163758326539,28880,4
1791426818965320943,52163777392029,28896,4
1791426818987257634,52163799320940,28912,4
1791426819012793558,52163824838349,28936,4
1791426819029382489,52163841385640,28952,4
1791426819050531789,52163862833672,28976,4
1791426819072383964,52163884531167,28992,4
1791426819092992140,52163905226308,29016,4
1791426819114279915,52163926682923,29032,4
1791426819135950330,52163948444408,29056,4
1791426819157479671,52163969703398,29072,4
1791426819186494234,52163998600346,29096,4
1791426819208817253,52164020933947,29112,4
1791426819229642115,52164041741430,29136,4
1791426819254936941,52164067187232,29160,4
1791426819277045916,52164089204148,29176,4
1791426819300461686,52164112525474,29192,4
1791426819326562224,52164138749897,29216,4
1791426819343799774,52164155903507,29232,3
1791426819364817490,52164176907272,29256,3
1791426819386039937,52164198161607,29272,3
1791426819407355189,52164219449623,29296,3
1791426819428855042,52164240950559,29312,3
1791426819449700787,52164261833876,29336,3
1791426819471041525,52164283145667,29352,3
1791426819492596687,52164304711547,29376,3
1791426819513504781,52164325584648,29392,3
1791426819534950235,52164347066530,29416,4
1791426819556623040,52164368682268,29432,4
1791426819577476179,52164389560173,29456,4
1791426819598909538,52164410987991,29472,4
1791426819620612045,52164432714262,29496,4
1791426819641344931,52164453387350,29512,4
1791426819662635992,52164474741056,29536,4
1791426819684360222,52164496430536,29552,4
1791426819705141273,52164517220808,29576,4
1791426819726182018,52164538250065,29592,5
1791426819747706018,52164559777961,29616,5
1791426819769248975,52164581306386,29632,5
1791426819790658334,52164602811049,29656,5
1791426819812622860,52164624745323,29672,5
1791426819833307191,52164645392964,29696,5
1791426819854586041,52164666666135,29712,5
1791426819876630849,52164688705780,29736,5
1791426819897535759,52164709590765,29752,6
1791426819918858032,52164730922727,29776,6
1791426819940901706,52164753598293,29792,6
1791426819961781963,52164773819651,29816,6
1791426819983088286,52164795276815,29832,6
1791426820004702208,52164816864600,29856,6
1791426820025584148,52164837676653,29872,7
1791426820047074256,52164859133388,29896,7
1791426820068594483,52164880654728,29912,7
1791426820089385494,52164901509260,29936,7
1791426820110744766,52164922843897,29952,7
1791426820132643338,52164944726008,29976,7
1791426820153669491,52164965730387,29992,7
1791426820180577783,52164992669534,30016,7
1791426820201407226,52165013486409,30032,7
1791426820222594131,52165034668705,30056,7
1791426820244656382,52165056718628,30072,7
1791426820265294508,52165077361416,30096,8
1791426820286529387,52165098637219,30112,8
1791426820308297096,52165120390542,30136,8
1791426820328984730,52165141037828,30152,8
1791426820350244468,52165162338677,30176,8
1791426820371976694,52165184077878,30192,8
1791426820393158322,52165205246997,30216,8
1791426820414101896,52165226169140,30232,8
1791426820435729849,52165247820359,30256,8
1791426820457033005,52165269082849,30272,8
1791426820478097945,52165290167019,30296,8
1791426820499934697,52165312012042,30312,8
1791426820521082206,52165333182518,30336,8
1791426820542219997,52165354315033,30352,8
1791426820564079998,52165376155590,30376,8
1791426820585496157,52165397580823,30392,7
1791426820606814289,52165418909404,30416,7
1791426820628624286,52165440692350,30432,7
1791426820649381506,52165461435049,30456,7
1791426820670602513,52165482694813,30472,7
1791426820692256482,52165504332931,30496,7
1791426820713167374,52165525294786,30512,7
1791426820734321751,52165546395120,30536,6
1791426820756104412,52165568193879,30552,6
1791426820777133909,52165589207131,30576,6
1791426820798388790,52165610515167,30592,6
1791426820819701107,52165631815819,30616,6
1791426820840968293,52165653053891,30632,6
1791426820861845768,52165673941840,30656,6
1791426820883496794,52165695614925,30672,6
1791426820904607511,52165716703116,30696,6
1791426820925554076,52165737689335,30712,6
1791426820946921523,52165759037634,30736,6
1791426820968414067,52165780484862,30752,6
1791426820988942022,52165801024985,30776,6
1791426821010024937,52165822138595,30792,6
1791426821031242969,52165843338252,30816,6
1791426821052740911,52165864826839,30832,6
1791426821073555907,52165885615069,30856,6
1791426821095414411,52165907519015,30872,6
1791426821116712339,52165928797989,30896,6
1791426821137504817,52165949573309,30912,6
1791426821158613923,52165970657059,30936,6
1791426821180263740,52165992354792,30952,6
1791426821201337636,52166013478015,30976,6
1791426821222593665,52166034699180,30992,6
1791426821244257799,52166056403208,31016,6
1791426821265116004,52166077196824,31032,6
1791426821286170012,52166098237666,31056,6
1791426821307774102,52166119832938,31072,6
1791426821329078648,52166141164438,31096,6
1791426821350019087,52166162116408,31112,6
1791426821371395406,52166183551835,31136,7
1791426821392724208,52166204875936,31152,7
1791426821413585593,52166225662200,31176,7
1791426821435014141,52166247194005,31192,7
1791426821456540095,52166268614174,31216,7
1791426821477272106,52166289327689,31232,7
1791426821498390415,52166310498096,31256,8
1791426821520329443,52166332452234,31272,8
1791426821540963870,52166353002300,31296,8
1791426821562076168,52166374181476,31312,8
1791426821583500339,52166395600272,31336,8
1791426821604710215,52166416835242,31352,8
1791426821625522815,52166437572516,31376,8
1791426821646711991,52166458756626,31392,8
1791426821668464555,52166480517267,31416,8
1791426821689188304,52166501236532,31432,9
1791426821710519092,52166522589611,31456,9
1791426821732260883,52166544381048,31472,9
1791426821753218465,52166565269080,31496,9
1791426821774429062,52166586506996,31512,9
1791426821796075902,52166608140275,31536,9
1791426821817212528,52166629300508,31552,9
1791426821838237592,52166650327918,31576,9
1791426821859902519,52166671965862,31592,9
1791426821880949232,52166693031199,31616,9
1791426821901915701,52166713990601,31632,9
1791426821923300863,52166735418319,31656,9
1791426821944737667,52166756904728,31672,9
1791426821965766467,52166777955650,31696,9
1791426821986977894,52166799049295,31712,9
1791426822008639673,52166820783691,31736,9
1791426822029307675,52166841483071,31752,9
1791426822050295729,52166862436551,31776,9
1791426822071754818,52166883826185,31792,9
1791426822092866435,52166904946644,31816,9
1791426822113962801,52166926033776,31832,9
1791426822135150318,52166947275306,31856,9
1791426822156563659,52166968628932,31872,9
1791426822177445047,52166989585106,31896,9
1791426822198838830,52167011013538,31912,9
1791426822226038735,52167041364989,31936,9
1791426822251478042,52167063570432,31952,8
1791426822272912383,52167084994002,31976,8
1791426822293946241,52167106149288,31992,8
1791426822315540979,52167127616356,32016,8
1791426822336956895,52167149032253,32032,8
1791426822357911940,52167169963086,32056,8
1791426822379492825,52167191554716,32072,8
1791426822400560020,52167212654673,32096,8
1791426822422940681,52167235076136,32120,7
1791426822442521311,52167254629022,32136,7
1791426822464350107,52167276480209,32160,7
1791426822486333925,52167298391786,32176,7
1791426822508411828,52167320531720,32192,7
1791426822529216325,52167341311431,32216,7
1791426822550256576,52167362340420,32232,6
1791426822572038726,52167384520202,32256,6
1791426822592909219,52167405000507,32272,6
1791426822614012997,52167426123828,32296,6
1791426822635110847,52167447296027,32312,6
1791426822656586524,52167468660664,32336,5
1791426822677305210,52167489440858,32352,5
1791426822698343489,52167510449975,32376,5
1791426822719739871,52167531813626,32392,5
1791426822740830946,52167552930924,32416,5
1791426822761432384,52167573505782,32432,5
1791426822782617080,52167594773886,32456,4
1791426822804305400,52167616421314,32472,4
1791426822825180024,52167637256331,32496,4
1791426822846278671,52167658361027,32512,4
1791426822867690090,52167679826839,32536,4
1791426822889052925,52167701160250,32552,4
1791426822909909880,52167722021124,32576,4
1791426822931064806,52167743186311,32592,4
1791426822952548501,52167764665670,32616,3
1791426822974792066,52167787071954,32632,3
1791426823005719191,52167817854218,32656,3
1791426823026863911,52167839078407,32672,3
1791426823049208718,52167861342559,32696,3
1791426823070551784,52167882658988,32712,3
1791426823093312404,52167905471655,32736,3
1791426823114199155,52167926294722,32760,3
1791426823137706386,52167950188307,32776,3
1791426823160811567,52167973022790,32792,3
1791426823181284614,52167993453732,32816,3
1791426823202486249,52168014624780,32832,3
1791426823224212345,52168036326011,32856,3
1791426823245458042,52168057448406,32872,3
1791426823266454782,52168078572302,32896,3
1791426823288039793,52168100158952,32912,3
1791426823309175218,52168121329954,32936,3
1791426823331524318,52168143526036,32960,3
1791426823352817471,52168165174112,32976,3
1791426823373712190,52168185874932,32992,3
1791426823395021511,52168207082865,33016,3
1791426823416698482,52168228796958,33032,3
1791426823437417821,52168249572585,33056,3
1791426823458804832,52168270993009,33072,3
1791426823480680043,52168292851454,33096,3
1791426823501552701,52168313681457,33112,3
1791426823522891622,52168334973733,33136,3
1791426823544743571,52168356830650,33152,3
1791426823565625535,52168377689658,33176,3
1791426823587085894,52168399220650,33192,3
1791426823608675041,52168420810433,33216,3
1791426823629499686,52168441712440,33232,3
1791426823650864184,52168462983467,33256,3
1791426823672401634,52168484448613,33272,3
1791426823693046758,52168505148486,33296,3
1791426823714101353,52168526187879,33312,3
1791426823735332291,52168547417925,33336,3
1791426823756764023,52168568986238,33352,3
1791426823777588420,52168589808946,33376,2
1791426823798747913,52168610878433,33392,2
1791426823820672645,52168632802247,33416,2
1791426823841584207,52168653669980,33432,2
1791426823862734130,52168674841933,33456,2
1791426823884579766,52168696669034,33472,2
1791426823905219792,52168717308805,33496,2
1791426823927057545,52168739043827,33512,2
1791426823948166651,52168760144342,33536,2
1791426823968985791,52168780963092,33552,2
1791426823990349048,52168802408413,33576,2
1791426824011652811,52168823750588,33592,2
1791426824032964839,52168845120077,33616,2
1791426824053982951,52168866108490,33632,2
1791426824075727216,52168887887224,33656,1
1791426824097610742,52168909740015,33672,1
1791426824119055740,52168931230531,33696,1
1791426824140658520,52168952782844,33712,1
1791426824161596703,52168973718248,33736,1
1791426824182427771,52168994512456,33752,1
1791426824204203383,52169016311004,33776,1
1791426824225369147,52169037404320,33792,1
1791426824246388506,52169058510731,33816,1
1791426824267973668,52169080111295,33832,1
1791426824288979732,52169101144445,33856,1
1791426824309941099,52169122057266,33872,1
1791426824331480229,52169143688202,33896,1
1791426824353464238,52169165532462,33912,1
1791426824375378730,52169187367241,33936,0
1791426824396786670,52169208884754,33960,0
1791426824417035454,52169229149157,33976,0
1791426824438028186,52169250108276,33992,0
1791426824459315877,52169271494694,34016,0
1791426824480848657,52169292945213,34032,1
1791426824501786943,52169313910280,34056,1
1791426824522997496,52169335141733,34072,1
1791426824544582499,52169356730437,34096,1
1791426824565335111,52169377449549,34112,1
1791426824586500467,52169398732263,34136,1
1791426824608170906,52169420240871,34152,1
1791426824629935667,52169442043708,34176,1
1791426824653216614,52169465353186,34192,1
1791426824676472497,52169488542091,34216,1
1791426824696315729,52169508494102,34232,1
1791426824717226505,52169529342783,34256,1
1791426824738178767,52169550542658,34272,1
1791426824759822001,52169572036020,34296,1
1791426824780970156,52169593075012,34312,1
1791426824801748923,52169613817573,34336,1
1791426824823051686,52169635203157,34352,1
1791426824845013240,52169657020465,34376,1
1791426824865846505,52169677956741,34400,1
1791426824887070941,52169699212324,34416,1
1791426824908357938,52169720537106,34432,1
1791426824929645683,52169741756793,34456,1
1791426824950756874,52169762913732,34472,1
1791426824972322760,52169784414000,34496,1
1791426824993141154,52169805185150,34512,1
1791426825014067680,52169826152118,34536,1
1791426825036208110,52169848253509,34560,1
1791426825056851180,52169868846326,34576,1
1791426825077613273,52169889694775,34592,1
1791426825098995208,52169911042579,34616,1
1791426825120307707,52169932448792,34632,1
1791426825141250029,52169953352939,34656,1
1791426825162513078,52169974709637,34672,1
1791426825183795846,52169995850600,34696,1
1791426825204651522,52170016738533,34712,1
1791426825225737385,52170037731136,34736,1
1791426825246694046,52170058737622,34752,1
1791426825268434967,52170080538152,34776,1
1791426825289177417,52170101235551,34792,1
1791426825310518235,52170122603523,34816,1
1791426825332260734,52170144317915,34832,1
1791426825353288176,52170165488373,34856,1
1791426825374411858,52170186488637,34872,1
1791426825395571392,52170207646071,34896,1
1791426825416694591,52170228791828,34912,1
1791426825437469406,52170249561567,34936,1
1791426825458377123,52170270449762,34952,1
1791426825479565375,52170291657848,34976,1
1791426825500851157,52170312965990,34992,1
1791426825521786415,52170333844812,35016,1
1791426825542811073,52170354876587,35032,1
1791426825564361679,52170376643740,35056,1
1791426825584807188,52170396877084,35072,1
1791426825605767992,52170417838454,35096,2
1791426825627197018,52170439242534,35120,2
1791426825648182663,52170460168526,35136,2
1791426825669053595,52170481121197,35152,2
1791426825690019821,52170502010274,35176,2
1791426825711068703,52170523173042,35192,2
1791426825732809058,52170544822588,35216,2
1791426825753321637,52170565426422,35232,2
1791426825774303038,52170586415440,35256,2
1791426825795832344,52170607967126,35272,2
1791426825816911812,52170628951869,35296,3
1791426825837727632,52170649708482,35320,3
1791426825858908961,52170670985950,35336,3
1791426825880508314,52170692565494,35352,3
1791426825901167440,52170713248116,35376,3
1791426825922360018,52170734471330,35392,3
1791426825943634861,52170755692233,35416,4
1791426825964652244,52170776803580,35432,4
1791426825985443631,52170797516337,35456,4
1791426826006419163,52170818618503,35472,4
1791426826028297786,52170840288011,35496,5
1791426826049065208,52170861056746,35512,5
1791426826070083532,52170882181842,35536,6
1791426826091227564,52170903298945,35552,6
1791426826112657382,52170924701647,35576,6
1791426826133414196,52170945464376,35592,7
1791426826154753724,52170966826700,35616,7
1791426826176100789,52170988247177,35632,7
1791426826196994909,52171009088163,35656,7
1791426826217990647,52171030047707,35672,7
1791426826239788636,52171051776944,35696,8
1791426826260802814,52171072926414,35712,8
1791426826281665535,52171093746487,35736,8
1791426826302855961,52171114916284,35752,8
1791426826324613772,52171136715641,35776,8
1791426826345343526,52171157415166,35792,8
1791426826366275943,52171178414525,35816,9
1791426826388518253,52171200637649,35832,9
1791426826409884914,52171221986713,35856,9
1791426826431335919,52171243314491,35880,9
1791426826452594609,52171264676828,35896,9
1791426826474004816,52171286071756,35920,9
1791426826495457811,52171307559008,35936,9
1791426826518649594,52171330704287,35952,10
1791426826541010260,52171353136100,35976,10
1791426826561950020,52171374010275,35992,10
1791426826583601673,52171395647975,36016,10
1791426826604870551,52171417015162,36032,10
1791426826625496149,52171437592161,36056,10
1791426826646940370,52171459289804,36072,10
1791426826668789338,52171480871721,36096,10
1791426826689492075,52171501587248,36112,10
1791426826710842788,52171522905498,36136,10
1791426826732620335,52171544690874,36152,10
1791426826753311004,52171565382825,36176,10
1791426826774676572,52171586793611,36192,11
1791426826796543920,52171608644624,36216,11
1791426826817180407,52171629311083,36232,11
1791426826838580922,52171650761306,36256,11
1791426826860443560,52171672697488,36272,11
1791426826881074181,52171693172725,36296,11
1791426826902066496,52171714606608,36312,11
1791426826923750106,52171736042937,36336,11
1791426826945484137,52171757656328,36352,11
1791426826966761198,52171778915299,36376,11
1791426826988413001,52171800642851,36392,11
1791426827009232436,52171821484153,36416,11
1791426827033651818,52171845798066,36432,12
1791426827055247139,52171867324267,36456,12
1791426827078524445,52171890594710,36472,12
1791426827100038903,52171912022972,36496,11
1791426827121111745,52171933135067,36512,11
1791426827141992442,52171954074500,36536,11
1791426827163230792,52171975269294,36552,11
1791426827184674172,52171996764083,36576,11
1791426827205508889,52172017724434,36592,11
1791426827226839770,52172038972513,36616,11
1791426827248631019,52172060738520,36632,11
1791426827269402112,52172081454316,36656,10
1791426827291110759,52172103190022,36672,10
1791426827312322941,52172124525273,36696,10
1791426827333228522,52172145306690,36712,10
1791426827354409288,52172166527641,36736,10
1791426827375851742,52172187961985,36752,9
1791426827397103181,52172209118754,36776,9
1791426827417973525,52172230065501,36792,9
1791426827439647615,52172251646471,36816,9
1791426827461042211,52172273215777,36832,9
1791426827481805058,52172293928475,36856,8
1791426827503402693,52172315459224,36872,8
1791426827524716171,52172336812634,36896,8
1791426827545443052,52172357497855,36912,8
1791426827566587389,52172378695596,36936,7
1791426827588107317,52172400195360,36952,7
1791426827608954283,52172421045609,36976,7
1791426827629893432,52172441966693,36992,7
1791426827651212746,52172463267168,37016,7
1791426827672727670,52172484916514,37032,6
1791426827693558045,52172505671983,37056,6
1791426827714756144,52172526893041,37072,6
1791426827736176205,52172548318838,37096,6
1791426827757033470,52172569091180,37112,5
1791426827778039184,52172590024060,37136,5
1791426827799014021,52172611117881,37152,5
1791426827820563830,52172632634502,37176,5
1791426827841318653,52172653427567,37192,5
1791426827862408692,52172674522754,37216,5
1791426827883915935,52172696009393,37232,5
1791426827904893735,52172716986069,37256,4
1791426827926371945,52172738465844,37280,4
1791426827947150488,52172759238959,37296,4
1791426827968616374,52172780676331,37312,4
1791426827989293508,52172801364216,37336,4
1791426828010482699,52172822511409,37352,4
1791426828032075815,52172844060078,37376,4
1791426828053096106,52172865149955,37392,4
1791426828073912313,52172886038744,37416,4
1791426828095222250,52172907297230,37432,4
1791426828116540032,52172928612668,37456,4
1791426828137748434,52172949860582,37472,4
1791426828158257681,52172970328001,37496,4
1791426828179741725,52172991844318,37512,4
1791426828200805967,52173012939975,37536,4
1791426828221622728,52173033741954,37552,4
1791426828242775777,52173054888569,37576,4
1791426828264467279,52173076462393,37600,4
1791426828285227874,52173097310254,37616,4
1791426828306334122,52173118363187,37632,4
1791426828327980254,52173140073012,37656,4
1791426828348961192,52173161020649,37672,4
1791426828370087487,52173182185196,37696,4
1791426828391210539,52173203243647,37712,5
1791426828412793577,52173224909605,37736,5
1791426828433525873,52173245618141,37752,5
1791426828454712196,52173266690730,37776,5
1791426828476254754,52173288382960,37792,5
1791426828497283606,52173309298197,37816,5
1791426828518343724,52173330449888,37832,5
1791426828539779533,52173351874206,37856,5
1791426828560929538,52173373013105,37872,5
1791426828581782891,52173393899002,37896,5
1791426828603085152,52173415206050,37912,5
1791426828624706801,52173436803494,37936,5
1791426828645588048,52173457685396,37952,5
1791426828666691137,52173478773632,37976,5
1791426828688141390,52173500245139,37992,5
1791426828709665064,52173521777033,38016,6
1791426828730616762,52173542742846,38032,6
1791426828752383329,52173564488550,38056,6
1791426828773093431,52173585263898,38072,6
1791426828794076873,52173606231001,38096,6
1791426828815209437,52173627302351,38112,6
1791426828837080929,52173649133365,38136,6
1791426828857873598,52173669983644,38152,6
1791426828879018221,52173691199914,38176,6
1791426828901281677,52173713471755,38192,6
1791426828922713045,52173734865778,38216,6
1791426828943696110,52173755780092,38232,6
1791426828964958274,52173777023719,38256,6
1791426828985923949,52173798173927,38272,6
1791426829007211071,52173819302275,38296,6
1791426829031323379,52173843414098,38320,7
1791426829048974558,52173861116622,38336,7
1791426829069833681,52173882025741,38352,7
1791426829091113494,52173903231403,38376,7
1791426829112509676,52173924588444,38392,7
1791426829133042680,52173945169727,38416,7
1791426829154233363,52173966225610,38432,7
1791426829175409703,52173987394812,38456,7
1791426829196845809,52174008855071,38480,7
1791426829217507987,52174029672674,38496,7
1791426829238903210,52174050886252,38520,7
1791426829260076804,52174072155141,38536,7
1791426829280995892,52174093112468,38552,7
1791426829302031539,52174114022897,38576,7
1791426829323066827,52174135053850,38592,7
1791426829344467545,52174156659874,38616,7
1791426829365162949,52174177277046,38632,7
1791426829386287608,52174198362125,38656,7
1791426829407404218,52174219388941,38672,7
1791426829428759267,52174240852279,38696,7
1791426829449672030,52174261816484,38720,7
1791426829470552686,52174282643646,38736,7
1791426829491767350,52174303806964,38752,6
1791426829512950409,52174325038733,38776,6
1791426829533862410,52174345925904,38792,6
1791426829555010324,52174367139590,38816,6
1791426829576356531,52174388417575,38832,7
1791426829597196782,52174409186050,38856,7
1791426829618098983,52174430082958,38872,7
1791426829639121336,52174451258278,38896,7
1791426829660449798,52174472495213,38912,7
1791426829681382822,52174493454790,38936,7
1791426829702423754,52174514542264,38952,7
1791426829723944161,52174536139914,38976,7
1791426829744819072,52174556961568,38992,7
1791426829765785118,52174578017107,39016,7
1791426829786972711,52174599048222,39032,7
1791426829808330174,52174620585134,39056,7
1791426829829428588,52174641540056,39072,7
1791426829850104544,52174662177243,39096,7
1791426829871208238,52174683269370,39112,7
1791426829892580876,52174704650719,39136,7
1791426829913370516,52174725468132,39152,7
1791426829934358187,52174746440075,39176,7
1791426829955160540,52174767229223,39192,7
1791426829976438619,52174788486108,39216,7
1791426829997137893,52174809265626,39232,7
1791426830017900553,52174830019860,39256,7
1791426830038968085,52174851035874,39272,7
1791426830060264615,52174872381253,39296,7
1791426830081185962,52174893285242,39312,7
1791426830101987338,52174914041808,39336,7
1791426830123236116,52174935320391,39352,7
1791426830144492149,52174956681224,39376,7
1791426830165120456,52174977190050,39392,7
1791426830186061436,52174998096339,39416,7
1791426830207318023,52175019370494,39432,7
1791426830228599655,52175040729942,39456,7
1791426830249350410,52175061446333,39472,7
1791426830270529126,52175082617245,39496,6
1791426830292004118,52175104094664,39512,6
1791426830313037466,52175125121700,39536,6
1791426830333795238,52175145856613,39552,6
1791426830355027672,52175167081779,39576,6
1791426830376646005,52175188692866,39592,6
1791426830397499787,52175209595854,39616,6
1791426830418513152,52175230573725,39632,6
1791426830439962352,52175252054351,39656,7
1791426830460875065,52175273036677,39672,7
1791426830483312226,52175295419521,39696,7
1791426830504643978,52175316746442,39712,7
1791426830525473012,52175337542367,39736,7
1791426830546599984,52175358693016,39752,7
1791426830567947540,52175380065046,39776,7
1791426830589020029,52175401004079,39792,7
1791426830609739303,52175421888989,39816,7
1791426830631014318,52175443000377,39832,7
1791426830652500300,52175465445621,39856,7
1791426830682043680,52175494130252,39872,7
1791426830703358752,52175515421965,39896,8
1791426830724872114,52175536924122,39912,8
1791426830747425993,52175559481514,39936,8
1791426830768681001,52175580770507,39952,8
1791426830789501731,52175601555333,39976,8
1791426830810415937,52175622471425,39992,8
1791426830832097522,52175644119929,40016,8
1791426830852926164,52175664988674,40032,8
1791426830873618352,52175685739749,40056,8
1791426830894663395,52175706727790,40072,8
1791426830915967078,52175728104506,40096,8
1791426830936991358,52175749077436,40112,8
1791426830957831877,52175769898084,40136,8
1791426830978933012,52175791061718,40152,8
1791426831000383490,52175812465548,40176,8
1791426831021042693,52175833124162,40192,8
1791426831042192419,52175854264742,40216,8
1791426831063400106,52175875544895,40232,8
1791426831084779815,52175896875206,40256,8
1791426831105504155,52175917573343,40272,8
1791426831126680067,52175938726650,40296,8
1791426831148386028,52175960449262,40312,8
1791426831169494172,52175981595872,40336,8
1791426831190077103,52176002110632,40352,8
1791426831211376386,52176023453830,40376,9
1791426831232907444,52176044962142,40392,9
1791426831253759970,52176065805275,40416,9
1791426831275052942,52176087118023,40432,9
1791426831296691469,52176108725708,40456,9
1791426831317318268,52176129381068,40472,9
1791426831338327862,52176150390585,40496,9
1791426831359581406,52176171633745,40512,9
1791426831382897548,52176194967485,40536,9
1791426831404413208,52176216471708,40552,9
1791426831425347989,52176237439036,40576,9
1791426831446120416,52176258219154,40592,9
1791426831467310069,52176279406066,40616,9
1791426831488837123,52176300914522,40640,9
1791426831509342256,52176321518136,40656,9
1791426831530253364,52176342359720,40672,9
1791426831551711401,52176363919206,40696,9
1791426831573787307,52176385838203,40712,9
1791426831594879251,52176406933318,40736,9
1791426831617040441,52176429132458,40760,9
1791426831641160782,52176453286019,40776,9
1791426831661870708,52176473848063,40800,9
1791426831682105507,52176494094418,40816,9
1791426831703050724,52176515137881,40832,9
1791426831724509774,52176536630452,40856,9
1791426831748283064,52176560465727,40880,9
1791426831767016734,52176579158703,40896,10
1791426831824627311,52176639917123,40920,10
1791426831883178999,52176695370703,40936,10
1791426831917394483,52176729565405,40952,10
1791426831948556855,52176761000947,40984,10
1791426831963366697,52176775893435,41000,10
1791426831984996944,52176797447571,41016,10
1791426832026844223,52176840666055,41040,10
1791426832065097625,52176885034010,41056,10
1791426832128304453,52176940547118,41080,10
1791426832146633800,52176958725656,41096,10
1791426832168770045,52176980850126,41112,10
1791426832201517043,52177013621073,41136,10
1791426832230456093,52177044127265,41152,10
1791426832258864881,52177075822735,41176,10
1791426832277984926,52177090098549,41192,10
1791426832299507992,52177111484611,41216,10
1791426832321057082,52177133033899,41232,10
1791426832352429604,52177164517616,41256,10
1791426832371767728,52177183748926,41280,10
1791426832393360753,52177205336579,41296,10
1791426832414378789,52177226369469,41312,10
1791426832435537884,52177247611676,41336,10
1791426832456735829,52177268789754,41352,10
1791426832477526797,52177289596728,41376,10
1791426832498606353,52177310701256,41392,10
1791426832520107380,52177332180511,41416,10
1791426832541044825,52177353151727,41432,10
1791426832562545124,52177374617886,41456,10
1791426832583385641,52177395468996,41472,11
1791426832604608148,52177416756767,41496,11
1791426832625721044,52177437801028,41512,11
1791426832646942853,52177459078774,41536,11
1791426832668142656,52177480220906,41552,11
1791426832688922989,52177501021104,41576,11
1791426832709804571,52177521856755,41592,11
1791426832731569812,52177543584748,41616,12
1791426832752765110,52177564837195,41632,12
1791426832773401891,52177585492098,41656,12
1791426832794383643,52177606467518,41672,12
1791426832815838929,52177627958011,41696,12
1791426832836927854,52177648989504,41712,12
1791426832857785125,52177669832045,41736,13
1791426832878973976,52177691080077,41752,13
1791426832900535517,52177712592113,41776,13
1791426832921314598,52177733486501,41792,13
1791426832942295642,52177754437239,41816,13
1791426832963694726,52177775851924,41832,13
1791426832984917211,52177797024938,41856,13
1791426833005745830,52177817893947,41872,13
1791426833026799444,52177838977341,41896,14
1791426833048499031,52177860613763,41912,14
1791426833069249942,52177881356921,41936,14
1791426833090328275,52177902436738,41952,14
1791426833111608481,52177923701676,41976,14
1791426833132647924,52177944743939,41992,14
1791426833153558342,52177965629562,42016,14
1791426833174370804,52177986498926,42032,14
1791426833195373689,52178007427744,42056,14
1791426833216604991,52178028691254,42072,14
1791426833237369065,52178049457351,42096,14
1791426833258521884,52178070588962,42112,14
1791426833280125575,52178092250709,42136,14
1791426833300847056,52178112939594,42152,14
1791426833321818756,52178133882087,42176,14
1791426833343035198,52178155203665,42192,14
1791426833364817591,52178176900721,42216,14
1791426833385708888,52178197780010,42232,14
1791426833406675027,52178218772782,42256,14
1791426833432697194,52178244822992,42272,14
1791426833453403777,52178265525326,42296,14
1791426833474316071,52178286402634,42312,14
1791426833495711731,52178307834635,42336,14
1791426833516953425,52178329040023,42352,14
1791426833537775320,52178349852024,42376,14
1791426833559071409,52178371169945,42392,14
1791426833580542288,52178392638401,42416,14
1791426833601188348,52178413273820,42432,14
1791426833622140720,52178434225726,42456,14
1791426833643497756,52178455615704,42472,14
1791426833664841776,52178476944792,42496,14
1791426833685731468,52178497803820,42520,14
1791426833706824761,52178518908793,42536,14
1791426833728325432,52178540467957,42552,14
1791426833748906437,52178560977290,42576,14
1791426833769759597,52178581796876,42592,14
1791426833790779600,52178602859325,42616,14
1791426833812236752,52178624275464,42632,14
1791426833833124586,52178645202798,42656,14
1791426833854237417,52178666316910,42672,14
1791426833875675837,52178687819821,42696,14
1791426833896749645,52178708809882,42712,14
1791426833917399770,52178729470821,42736,15
1791426833938409736,52178750483600,42752,15
1791426833959834709,52178771905870,42776,15
1791426833980795262,52178792881127,42792,15
1791426834001576379,52178813648218,42816,15
1791426834022786406,52178834885907,42832,15
1791426834044276487,52178856400523,42856,15
1791426834065197803,52178877292003,42872,15
1791426834086357433,52178898410716,42896,15
1791426834108267287,52178920352008,42912,16
1791426834128819129,52178940875344,42936,16
1791426834149705750,52178961771179,42952,16
1791426834171122606,52178983188795,42976,16
1791426834192657987,52179004833433,42992,16
1791426834213414348,52179025514250,43016,16
1791426834234356916,52179046415733,43032,16
1791426834255708312,52179067778684,43056,16
1791426834276942009,52179088935752,43072,16
1791426834297742430,52179109838122,43096,16
1791426834319019879,52179131152793,43112,16
1791426834340524335,52179152588911,43136,16
1791426834361184891,52179173249644,43152,16
1791426834382200747,52179194183226,43176,16
1791426834403472888,52179215620062,43192,16
1791426834424827452,52179236888606,43216,16
1791426834445721705,52179257779339,43232,16
1791426834466854247,52179278926236,43256,16
1791426834488830907,52179300827126,43280,16
1791426834509291673,52179321353728,43296,16
1791426834530438798,52179342591419,43312,16
1791426834551703208,52179363762788,43336,16
1791426834572922854,52179384987179,43352,16
1791426834593802481,52179405859293,43376,15
1791426834615029058,52179427157556,43392,15
1791426834636516011,52179448586446,43416,15
1791426834657116869,52179469336390,43432,15
1791426834678217278,52179490347372,43456,15
1791426834699450792,52179511568157,43472,15
1791426834720580718,52179532639558,43496,15
1791426834741671697,52179553809192,43512,15
1791426834763174814,52179575298974,43536,14
1791426834784668118,52179596776362,43552,14
1791426834805321554,52179617438147,43576,14
1791426834826459898,52179638641557,43592,14
1791426834848022169,52179660110301,43616,14
1791426834869030132,52179681118261,43632,14
1791426832556850601,52179701951048,43656,14
1791426832578011562,52179723149906,43672,14
1791426832599515958,52179744631546,43696,13
1791426832620263080,52179765395664,43712,13
1791426832641119151,52179786249235,43736,13
1791426832662433255,52179807618203,43752,13
1791426832683496634,52179828612178,43776,13
1791426832704221326,52179849376185,43792,13
1791426832729131271,52179874244135,43816,13
1791426832750459378,52179895684008,43832,13
1791426832771625100,52179916739732,43856,13
1791426832792436015,52179937513587,43872,13
1791426832813492174,52179958654343,43896,13
1791426832835142911,52179980232466,43920,13
1791426832855951241,52180001142732,43936,12
1791426832876882718,52180021969305,43952,12
1791426832898302178,52180043406153,43976,12
1791426832919696224,52180064883746,43992,12
1791426832940448771,52180085574317,44016,13
1791426832961532696,52180106641666,44032,13
1791426832982667360,52180127810413,44056,13
1791426833003743715,52180148856301,44072,13
1791426833024470721,52180169584161,44096,13
1791426833045638086,52180190803887,44112,13
1791426833067497949,52180212517384,44136,12
1791426833088443268,52180233617308,44152,12
1791426833109178719,52180254277613,44176,12
1791426833130678421,52180275836640,44192,12
1791426833151771735,52180296871663,44216,12
1791426833172663597,52180317808967,44232,12
1791426833193895929,52180338999360,44256,12
1791426833215524968,52180360643314,44272,12
1791426833236341442,52180381465734,44296,12
1791426833257238029,52180402361200,44312,12
1791426833278296037,52180423422862,44336,12
1791426833299621658,52180444827902,44352,12
1791426833320250139,52180465385056,44376,12
1791426833341449266,52180486574299,44400,12
1791426833362618814,52180507776523,44416,12
1791426833383708024,52180528839081,44432,12
1791426833404621242,52180549727380,44456,12
1791426833425798215,52180570922725,44472,11
1791426833447484561,52180593066150,44496,11
1791426833471564852,52180616595328,44512,11
1791426833492250300,52180637368557,44536,11
1791426833513634693,52180658761292,44552,11
1791426833534980212,52180680262450,44576,11
1791426833555946158,52180701245321,44592,11
1791426833576821401,52180721970779,44616,11
1791426833598038498,52180743207077,44632,11
1791426833620153369,52180765332923,44656,10
1791426833640671090,52180785837157,44672,10
1791426833661906770,52180807055363,44696,10
1791426833683346208,52180828491150,44712,10
1791426833703970293,52180848992623,44736,10
1791426833724949794,52180870265430,44752,10
1791426833746258326,52180891374140,44776,10
1791426833767619038,52180912780580,44792,10
1791426833788498570,52180933717438,44816,9
1791426833809644900,52180954815851,44832,9
1791426833831144226,52180976330120,44856,9
1791426833852143232,52180997287320,44872,9
1791426833873065714,52181018213198,44896,9
1791426833894287074,52181039394938,44912,9
1791426833915680739,52181060847477,44936,9
1791426833936458916,52181081561841,44952,9
1791426833957721866,52181102810497,44976,9
1791426833978969309,52181124129689,44992,8
1791426834000163165,52181145365827,45016,8
1791426834021158398,52181166238282,45032,8
1791426834042208670,52181187321064,45056,8
1791426834063457480,52181208565127,45072,8
1791426834084170949,52181229337713,45096,7
1791426834105145237,52181250292813,45112,7
1791426834126517841,52181271658766,45136,7
1791426834147768057,52181292910377,45152,7
1791426834168670743,52181313764802,45176,7
1791426834189810626,52181334920136,45192,7
1791426834211322758,52181356446469,45216,6
1791426834232056069,52181377159848,45232,6
1791426834252930856,52181398062991,45256,6
1791426834274010606,52181419145052,45272,6
1791426834295506710,52181440622175,45296,6
1791426834316157843,52181461324166,45312,6
1791426834336978705,52181482079450,45336,5
1791426834358180611,52181503282783,45352,5
1791426834379564089,52181524704371,45376,5
1791426834400271983,52181545396737,45392,5
1791426834421394214,52181566516236,45416,5
1791426834442659645,52181587779215,45432,5
1791426834463716698,52181608865201,45456,4
1791426834484514214,52181629749857,45472,4
1791426834505710840,52181650918827,45496,4
1791426834527310419,52181672426186,45512,4
1791426834548165396,52181693263175,45536,4
1791426834569095114,52181714219410,45552,4
1791426834590706785,52181735815087,45576,4
1791426834611803700,52181756832754,45592,4
1791426834632714743,52181777782106,45616,4
1791426834653992279,52181799137079,45632,4
1791426834675602278,52181820632105,45656,4
1791426834696215809,52181841353084,45672,4
1791426834717409287,52181862432712,45696,4
1791426834738513271,52181883617350,45712,4
1791426834759650479,52181904778085,45736,4
1791426834780514648,52181925652528,45752,4
1791426834801791696,52181946828500,45776,5
1791426834822986633,52181968150972,45792,5
1791426834843858698,52181988934841,45816,5
1791426834864661149,52182009825249,45832,5
1791426834885797706,52182030996502,45856,5
1791426834907452058,52182052551798,45872,5
1791426834928098975,52182073209219,45896,5
1791426834949167943,52182094267598,45912,5
1791426834970553537,52182115579420,45936,5
1791426834991736156,52182136842940,45952,5
1791426835012740280,52182157858567,45976,5
1791426835033960038,52182179123314,45992,5
1791426835055406732,52182200533206,46016,5
1791426835076138547,52182221241236,46032,5
1791426835097135456,52182242244533,46056,5
1791426835118332739,52182263504306,46072,5
1791426835140243884,52182285347153,46096,5
1791426835160496601,52182305613885,46112,5
1791426835181620199,52182326681694,46136,4
1791426835202769173,52182347961883,46152,4
1791426835223992048,52182369115054,46176,4
1791426835244798337,52182389891920,46192,4
1791426835265976850,52182411071966,46216,4
1791426835287647777,52182432788899,46232,4
1791426835308032638,52182453151402,46256,4
1791426835328931090,52182474051650,46272,4
1791426835350252439,52182495339138,46296,4
1791426835371643979,52182516757726,46312,4
1791426835392411557,52182537623174,46336,4
1791426835413406103,52182558538287,46352,4
1791426835434879392,52182579964400,46376,4
1791426835455741549,52182600903598,46392,4
1791426835476856144,52182621879894,46416,4
1791426835498171560,52182643187763,46432,3
1791426835519665933,52182664691157,46456,3
1791426835540356071,52182685531406,46472,3
1791426835561219105,52182706310067,46496,4
1791426835582697590,52182727792780,46512,4
1791426835603779323,52182748806950,46536,4
1791426835624399858,52182769527971,46552,4
1791426835645961358,52182791099875,46576,4
1791426835667115649,52182812214519,46592,4
1791426835688237559,52182833266405,46616,4
1791426835710406532,52182855487840,46632,4
1791426835730638211,52182875656445,46656,4
1791426835752053482,52182897095871,46680,4
1791426835772717255,52182917753750,46696,4
1791426835793370469,52182938580756,46712,4
1791426835814862673,52182959985006,46736,4
1791426835835913701,52182980939900,46752,5
1791426835856814670,52183001917509,46776,5
1791426835877850448,52183022965690,46792,5
1791426835899320305,52183044336043,46816,5
1791426835920051466,52183065070565,46832,5
1791426835940841509,52183085992533,46856,5
1791426835961930506,52183107069564,46872,5
1791426835984017076,52183129035059,46896,5
1791426836004905104,52183149935669,46912,5
1791426836025811367,52183170912249,46936,5
1791426836047399375,52183192511885,46952,5
1791426836068353899,52183213672553,46976,5
1791426836089021971,52183234182129,46992,5
1791426836110561087,52183255598753,47016,5
1791426836131729297,52183276853297,47032,5
1791426836152758876,52183297794391,47056,5
1791426836173705628,52183318900592,47072,5
1791426836195566970,52183340593883,47096,5
1791426836216130389,52183361233776,47112,5
1791426836236923079,52183382167325,47136,5
1791426836258503442,52183403538024,47160,4
1791426836279732256,52183424822486,47176,4
1791426836300842031,52183446015458,47192,4
1791426836323594204,52183468641683,47216,4
1791426836344211348,52183489334211,47232,4
1791426836364995973,52183510135968,47256,3
1791426836386374871,52183531589554,47272,3
1791426836407596176,52183552832819,47296,3
1791426836428326043,52183573552536,47312,2
1791426836449444885,52183594473998,47336,2
1791426836470386452,52183615661975,47352,2
1791426836491622662,52183636765035,47376,1
1791426836512266785,52183657437158,47392,1
1791426836533272561,52183678488521,47416,1
1791426836554763828,52183700057669,47432,1
1791426836575828480,52183721071898,47456,0
1791426836596685540,52183741908504,47472,0
1791426836617658294,52183762855544,47496,0
1791426836639414683,52183784551497,47512,0
1791426836660273818,52183805292972,47536,0
1791426836681494000,52183826663251,47552,0
1791426836705037254,52183850242581,47576,0
1791426836726212573,52183871411993,47592,0
1791426836747562866,52183892704675,47616,0
1791426836768221788,52183913246984,47632,0
1791426836789162927,52183934303469,47656,-1
1791426836810504195,52183955622002,47672,-1
1791426836831796010,52183976936154,47696,-1
1791426836852308991,52183997419759,47712,-1
1791426836874026972,52184019129939,47736,-1
1791426836895509161,52184040694517,47752,-1
1791426836916146263,52184061322509,47776,-1
1791426836937151260,52184082281554,47792,-1
1791426836958627881,52184103783171,47816,-1
1791426836979884720,52184125035108,47832,-1
1791426837001023154,52184146180826,47856,-1
1791426837022064860,52184167277010,47872,-1
1791426837043177717,52184188337748,47896,-1
1791426837064057834,52184209185767,47912,-1
1791426837085250212,52184230284708,47936,-1
1791426837106360808,52184251473270,47952,0
1791426837127764775,52184272806855,47976,0
1791426837148220114,52184293387504,47992,0
1791426837169249758,52184314374667,48016,0
1791426837190725472,52184335840843,48040,0
1791426837211711209,52184356843678,48056,0
1791426837233026422,52184378079702,48080,0
1791426837253763782,52184398930204,48096,0
1791426837276477735,52184421507484,48112,0
1791426837296980090,52184441998412,48136,0
1791426837319367077,52184464396415,48152,0
1791426837340021325,52184485441403,48176,0
1791426837360993077,52184506199699,48192,0
1791426837383455588,52184528793790,48216,1
1791426837411542613,52184556722107,48232,1
1791426837428694488,52184573801493,48256,1
1791426837450014196,52184595041384,48272,1
1791426837477359065,52184622501697,48296,1
1791426837505835268,52184651684854,48312,2
1791426837527892522,52184673055880,48336,2
1791426837547890971,52184693135635,48352,2
1791426837568914586,52184714257830,48376,2
1791426837590862341,52184735972778,48400,3
1791426837612274992,52184757402858,48416,3
1791426837634439246,52184779556235,48432,3
1791426837655997407,52184801186040,48456,3
1791426837676663960,52184821683975,48472,3
1791426837699227265,52184844370062,48496,4
1791426837719457605,52184864599424,48512,4
1791426837739914102,52184885077574,48536,4
1791426837760829399,52184906095149,48552,5
1791426837782485213,52184927555663,48576,5
1791426837803521513,52184948686533,48592,5
1791426837824302666,52184969354183,48616,5
1791426837845244578,52184990360934,48632,6
1791426837866684054,52185011830294,48656,6
1791426837887843531,52185032981586,48672,6
1791426837908690548,52185053803851,48696,7
1791426837930039728,52185075079010,48712,7
1791426837951650068,52185096858704,48736,7
1791426837972374020,52185117501592,48752,7
1791426837993335906,52185138446244,48776,7
1791426838014832148,52185159983144,48792,7
1791426838036016120,52185181161061,48816,8
1791426838056877822,52185202000706,48832,8
1791426838078245424,52185223270733,48856,8
1791426838099311933,52185244503152,48872,8
1791426838120223002,52185265405468,48896,8
1791426838140992678,52185286163569,48912,8
1791426838162713311,52185307857990,48936,8
1791426838183486876,52185328630267,48952,8
1791426838204488501,52185349567730,48976,8
1791426838225166285,52185370351615,48992,8
1791426838246497551,52185391694897,49016,8
1791426838267926491,52185413064877,49032,8
1791426838288764477,52185433929124,49056,8
1791426838310362391,52185455542437,49072,8
1791426838331595543,52185476713044,49096,8
1791426838352347504,52185497513398,49112,8
1791426838373330886,52185518453878,49136,8
1791426838394590835,52185539742699,49152,9
1791426838415468716,52185560594361,49176,9
1791426838436114009,52185581305302,49192,9
1791426838456958439,52185602101859,49216,9
1791426838478213167,52185623452124,49232,9
1791426838499589472,52185647611696,49256,9
1791426838520242681,52185665440765,49272,9
1791426838541421249,52185686729787,49296,9
1791426838562447057,52185707637397,49312,9
1791426838583581484,52185728749760,49336,9
1791426838604244189,52185749386608,49352,9
1791426838625380877,52185770586982,49376,9
1791426838647071942,52185792225151,49392,9
1791426838667880905,52185813029974,49416,9
1791426838688610410,52185833756138,49432,9
1791426838709789522,52185854931626,49456,9
1791426838731047868,52185876240549,49472,9
1791426838752052862,52185897188122,49496,9
1791426838772932048,52185918094863,49512,9
1791426838794336800,52185939487816,49536,9
1791426838815299931,52185960448623,49552,9
1791426838836185811,52185981300498,49576,10
1791426838856956240,52186002040526,49592,10
1791426838878239996,52186023434527,49616,10
1791426838899543109,52186044558911,49632,10
1791426838920096570,52186065533651,49656,10
1791426838941091130,52186086222705,49672,10
1791426838962509241,52186107684566,49696,10
1791426838983742476,52186128876665,49712,10
1791426839004627250,52186149729737,49736,10
1791426839025634733,52186170799947,49752,10
1791426839047139085,52186192491411,49776,10
1791426839068300178,52186213456367,49800,10
1791426839089451069,52186234637323,49816,10
1791426839110722717,52186255784955,49832,10
1791426839131573402,52186276761138,49856,10
1791426839152311378,52186297431183,49872,10
1791426839173528797,52186318745891,49896,10
1791426839195025706,52186340233685,49912,10
1791426839215661226,52186360816178,49936,10
1791426839236781159,52186381906280,49952,10
1791426839257394296,52186402567785,49976,10
1791426839279014425,52186424245774,49992,10
1791426839299917688,52186445110872,50016,10
1791426839320737758,52186466073808,50032,10
1791426839342112803,52186487210116,50056,10
1791426839363505644,52186508612899,50072,10
1791426839384222824,52186529322751,50096,11
1791426839405259390,52186550501247,50112,10
1791426839426625905,52186571734164,50136,10
1791426839447792236,52186592902716,50152,10
1791426839468544171,52186613666498,50176,10
1791426839489546058,52186634733149,50192,10
1791426839510752916,52186655993975,50216,10
1791426839531920527,52186677006914,50232,10
1791426839552715312,52186697885410,50256,10
1791426839573831264,52186718996653,50272,10
1791426839595029968,52186740187374,50296,10
1791426839616075310,52186761168291,50312,10
1791426839636966391,52186782171985,50336,10
1791426839658052690,52186803241323,50352,10
1791426839679404675,52186824431493,50376,10
1791426839699973686,52186845133333,50392,10
1791426839721029560,52186866170905,50416,10
1791426839742157839,52186887198566,50432,10
1791426839763037698,52186908157436,50456,10
1791426839783928260,52186929072567,50472,10
1791426839804765883,52186949954412,50496,10
1791426839825969092,52186970999260,50512,10
1791426839847465964,52186992604838,50536,10
1791426839868072913,52187013123068,50552,10
1791426839888908214,52187034164618,50576,10
1791426839910168867,52187055297048,50592,10
1791426839931478216,52187076667997,50616,9
1791426839952510434,52187097635637,50632,9
1791426839973597503,52187118726162,50656,9
1791426839994726361,52187144368878,50672,9
1791426840015741572,52187160911592,50696,9
1791426840036449895,52187181621511,50712,9
1791426840057812908,52187202866015,50736,9
1791426840079103632,52187224230007,50752,9
1791426840100300804,52187245499034,50776,9
1791426840123060592,52187268246209,50792,9
1791426840143871389,52187289057407,50816,9
1791426840164748708,52187309957293,50832,9
1791426840185871872,52187331135633,50856,9
1791426840207161444,52187352306453,50872,9
1791426840227661033,52187372902926,50896,9
1791426840248324881,52187393440614,50912,9
1791426840269487350,52187414512676,50936,10
1791426840290774463,52187435895285,50952,10
1791426840311694191,52187456803946,50976,10
1791426840332440594,52187477576863,50992,10
1791426840354179628,52187499302452,51016,10
1791426840374781769,52187519894548,51032,10
1791426840396579862,52187541704930,51056,10
1791426840419443555,52187564608587,51080,10
1791426840440009444,52187585044081,51096,10
1791426840460568515,52187605713362,51112,10
1791426840481752513,52187626785922,51136,11
1791426840503215755,52187648404584,51152,11
1791426840523916674,52187669053538,51176,11
1791426840544795599,52187689951082,51192,11
1791426840566302677,52187711449794,51216,11
1791426840587637026,52187732789532,51232,11
1791426840608362535,52187753538163,51256,11
1791426840629426038,52187774519571,51272,11
1791426840651122575,52187796188434,51296,11
1791426840671874589,52187817049225,51312,11
1791426840692952090,52187838073024,51336,11
1791426840714069197,52187859263728,51352,11
1791426840735510514,52187880624493,51376,11
1791426840755974739,52187901296805,51392,11
1791426840778884106,52187924147356,51416,11
1791426840799225697,52187944382164,51432,12
1791426840820203346,52187965499058,51456,12
1791426840841049442,52187986162842,51472,12
1791426840862170845,52188007287237,51496,12
1791426840883582397,52188028678080,51512,12
1791426840904205726,52188049307081,51536,12
1791426840925067267,52188070187514,51552,12
1791426840946385618,52188091463426,51576,12
1791426840967567124,52188112755045,51592,12
1791426840988327504,52188133356755,51616,12
1791426841009250918,52188154295524,51632,12
1791426841030313514,52188175445353,51656,11
1791426841051522859,52188196567921,51672,11
1791426841072226365,52188217322399,51696,11
1791426841093245278,52188238562274,51712,11
1791426841114414366,52188259563541,51736,11
1791426841135716307,52188280857930,51752,11
1791426841156453289,52188301597195,51776,11
1791426841177528871,52188322768709,51792,11
1791426841198703141,52188343873212,51816,11
1791426841219780236,52188364896512,51832,11
1791426841240572608,52188385949338,51856,11
1791426841261737517,52188406907622,51872,11
1791426841283324853,52188428613401,51896,11
1791426841304199664,52188449359990,51912,11
1791426841325706741,52188470734084,51936,11
1791426841347616510,52188492739262,51952,11
1791426841368206552,52188513378981,51976,11
1791426841389238441,52188534408125,51992,11
1791426841410423411,52188555544254,52016,11
1791426841431732269,52188576846945,52032,11
1791426841452458415,52188597682048,52056,11
1791426841473830989,52188618918214,52072,11
1791426841494784181,52188639896775,52096,11
1791426841515868503,52188661018533,52112,11
1791426841536781967,52188681882662,52136,11
1791426841558210274,52188703349405,52152,11
1791426841579503944,52188724598924,52176,11
1791426841600418037,52188745631659,52192,11
1791426841621425922,52188766560657,52216,11
1791426841642961683,52188788146066,52232,11
1791426841664124633,52188809449550,52256,11
1791426841685089861,52188830288592,52272,11
1791426841706431356,52188851569896,52296,11
1791426841727578754,52188872713997,52312,11
1791426841748346265,52188893489449,52336,11
1791426841769275951,52188914618067,52352,10
1791426841790459337,52188935593848,52376,10
1791426841811845174,52188956867773,52392,10
1791426841832524542,52188977667148,52416,10
1791426841853634713,52188998784961,52432,10
1791426841874968303,52189020171850,52456,10
1791426841895878080,52189040912675,52472,10
1791426841916612557,52189061719555,52496,10
1791426841937842195,52189083007582,52512,9
1791426841959474026,52189104567840,52536,9
1791426841980131595,52189125271025,52552,9
1791426842001121403,52189146283871,52576,9
1791426842022346901,52189167490753,52592,8
1791426842043718259,52189188789013,52616,8
1791426842064504593,52189209609577,52632,8
1791426842085438680,52189230562199,52656,8
1791426842107549433,52189252617959,52672,8
1791426842127931721,52189273039084,52696,7
1791426842148788106,52189293954301,52712,7
1791426842170038691,52189315179257,52736,7
1791426842191560612,52189336698293,52752,7
1791426842212202027,52189357368425,52776,6
1791426842233216235,52189378383748,52792,6
1791426842254569741,52189399681489,52816,6
1791426842275852260,52189420935675,52832,6
1791426842296618338,52189441764966,52856,6
1791426842317901628,52189463043553,52872,5
1791426842339517980,52189484695652,52896,5
1791426842360236477,52189505389582,52912,5
1791426842381296731,52189526476856,52936,5
1791426842402685355,52189547803640,52952,5
1791426842423666871,52189568819641,52976,5
1791426842444549343,52189589679911,52992,4
1791426842465774686,52189610886102,53016,4
1791426842487622069,52189632645925,53032,4
1791426842508020892,52189653134173,53056,4
1791426842529298796,52189674468884,53072,4
1791426842550647813,52189695793748,53096,4
1791426842575605132,52189720845402,53120,4
1791426842593126201,52189738160472,53136,4
1791426842614507612,52189759665181,53160,4
1791426842637400520,52189782539432,53176,4
1791426842659945919,52189805093937,53192,4
1791426842680973908,52189826116072,53216,4
1791426842702427245,52189847454905,53232,4
1791426842723695704,52189868839697,53256,4
1791426842748554443,52189893814705,53272,4
1791426842772180888,52189917270909,53296,4
1791426842793109094,52189938282926,53312,4
1791426842814577016,52189959601392,53336,4
1791426842835703757,52189980887033,53352,4
1791426842862911433,52190008108055,53376,4
1791426842883785598,52190028902185,53392,3
1791426842904552733,52190049727351,53416,3
1791426842925640173,52190070837394,53432,3
1791426842947625677,52190092787644,53456,3
1791426842967930846,52190113053415,53472,3
1791426842988897833,52190134050165,53496,3
1791426843010307593,52190155436840,53520,3
1791426843031678024,52190176914397,53536,3
1791426843052660324,52190197834330,53552,3
1791426843073772056,52190218916551,53576,3
1791426843095454700,52190240668415,53592,3
1791426843116143885,52190261307949,53616,3
1791426843137760367,52190282922647,53640,3
1791426843158034818,52190303164137,53656,3
1791426843179384096,52190324490653,53672,3
1791426843200086352,52190345206077,53696,3
1791426843221007345,52190366126415,53712,3
1791426843242395734,52190387563644,53736,3
1791426843263611305,52190408745814,53752,3
1791426843284432104,52190429537732,53776,3
1791426843305643713,52190450940133,53792,3
1791426843327029028,52190472201939,53816,3
1791426843347871625,52190492993618,53832,3
1791426843368801768,52190513960524,53856,3
1791426843389923067,52190534995685,53872,4
1791426843411323959,52190556450581,53896,4
1791426843432004839,52190577119126,53912,4
1791426843452977115,52190598106678,53936,4
1791426843474326919,52190619471122,53952,4
1791426843495656335,52190640945753,53976,4
1791426843516542911,52190661661965,53992,4
1791426843537739600,52190682894968,54016,4
1791426843559528291,52190704717067,54032,4
1791426843580184325,52190725376732,54056,4
1791426843601299767,52190746432077,54072,5
1791426843622811560,52190767923526,54096,5
1791426843644066587,52190789142919,54112,5
1791426843664876274,52190810044273,54136,5
1791426843686145173,52190831311661,54152,5
1791426843707642099,52190852787185,54176,6
1791426843728506269,52190873714040,54192,6
1791426843749778006,52190894891609,54216,6
1791426843771726165,52190916748157,54240,6
1791426843792317597,52190937496758,54256,6
1791426843813695990,52190958865041,54272,6
1791426843836348857,52190981502523,54296,7
1791426843857708678,52191002911673,54312,7
1791426843879541293,52191024719583,54336,7
1791426843900269631,52191045464357,54352,7
1791426843921446363,52191066557861,54376,8
1791426843943403687,52191088445777,54392,8
1791426843964084667,52191109183114,54416,8
1791426843985216357,52191130287005,54432,8
1791426844006983237,52191152014180,54456,8
1791426844028232907,52191173266139,54480,9
1791426844048961014,52191194231752,54496,9
1791426844070470722,52191215599217,54512,9
1791426844091763756,52191236872392,54536,9
1791426844112457427,52191257746840,54552,10
1791426844133632347,52191279038173,54576,10
1791426844155254606,52191300650771,54592,10
1791426844176752183,52191321854276,54616,10
1791426844196963413,52191342270557,54632,10
1791426844218183574,52191363476679,54656,11
1791426844239390988,52191384482771,54672,11
1791426844260508518,52191405637608,54696,11
1791426844281083637,52191426228727,54712,11
1791426844302614188,52191447752003,54736,11
1791426844323734285,52191468846984,54752,11
1791426844344662966,52191489790720,54776,12
1791426844365908944,52191511025333,54792,12
1791426844387268574,52191532381551,54816,12
1791426844407876332,52191553052694,54832,12
1791426844429063560,52191574151335,54856,12
1791426844450315711,52191595421216,54872,12
1791426844471649112,52191616761133,54896,12
1791426844492407826,52191637492220,54912,12
1791426844513422206,52191659470475,54936,13
1791426844535070786,52191680839153,54952,13
1791426844556099436,52191701290522,54976,13
1791426844576975580,52191722087133,54992,13
1791426844598414507,52191743455724,55016,13
1791426844619816816,52191764911856,55032,13
1791426844647314458,52191792527719,55056,13
1791426844668634548,52191813985203,55072,13
1791426844689903018,52191835028009,55096,13
1791426844712646095,52191857883494,55112,13
1791426844734677290,52191879811581,55136,13
1791426844755706666,52191900851996,55160,12
1791426844776320806,52191921475444,55176,12
1791426844799031479,52191944211718,55192,12
1791426844820212435,52191965293314,55216,12
1791426844840919330,52191986099873,55232,12
1791426844862200777,52192007353118,55256,12
1791426844883640733,52192028787325,55272,12
1791426844904497602,52192049635273,55296,12
1791426844925636887,52192070765370,55312,12
1791426844947018303,52192092280657,55336,12
1791426844967934260,52192113077922,55352,12
1791426844988789905,52192133911459,55376,12
1791426845010026648,52192155184588,55392,12
1791426845031708252,52192176846369,55416,12
1791426845052455684,52192197585227,55432,12
1791426845073629071,52192218809519,55456,12
1791426845095448561,52192240646749,55472,12
1791426845115988302,52192261278661,55496,12
1791426845137463509,52192282718526,55512,12
1791426845158962611,52192304119195,55536,12
1791426845179944491,52192325205652,55552,12
1791426845201843643,52192346988370,55576,12
1791426845222764259,52192367897118,55592,12
1791426845243811648,52192389065518,55616,12
1791426845264750866,52192409914860,55632,11
1791426845286260683,52192431462271,55656,11
1791426845312346674,52192457392506,55680,11
1791426845332914410,52192477950169,55696,11
1791426845356325227,52192501370899,55712,11
1791426845377329141,52192522352470,55736,11
1791426845399922672,52192545045548,55752,11
1791426845420850370,52192566236973,55776,11
1791426845442511331,52192587666689,55792,11
1791426845463629562,52192608825591,55816,11
1791426845484526656,52192629700231,55832,11
1791426845505837539,52192650982507,55856,11
1791426845527740742,52192672938372,55872,11
1791426845548413506,52192693438465,55896,11
1791426845569690540,52192714876887,55912,11
1791426845591424345,52192736580729,55936,11
1791426845612186516,52192757300367,55952,11
1791426845633443778,52192778636215,55976,11
1791426845655021487,52192800162517,55992,11
1791426845676045127,52192821070141,56016,11
1791426845696746881,52192841867524,56032,11
1791426845718284126,52192863375262,56056,11
1791426845739597787,52192884801537,56072,11
1791426845760445030,52192905558576,56096,11
1791426845781430181,52192926560281,56112,11
1791426845802890328,52192948021840,56136,11
1791426845824115623,52192969158111,56160,11
1791426845844618122,52192989758536,56176,11
1791426845865863407,52193011018558,56192,11
1791426845887449624,52193032557256,56216,11
1791426845907960289,52193053055517,56232,11
1791426845928928633,52193074086333,56256,12
1791426845950314211,52193095459093,56272,12
1791426845971327176,52193116496978,56296,12
1791426845991992566,52193137098329,56312,12
1791426846013105025,52193158153199,56336,12
1791426846034625792,52193179707042,56352,12
1791426846056001737,52193201144017,56376,12
1791426846076728630,52193221835363,56392,12
1791426846097956752,52193243137309,56416,12
1791426846119473785,52193264674166,56432,12
1791426846140109458,52193285308268,56456,12
1791426846161265350,52193306288145,56480,12
1791426846182728633,52193327879761,56496,12
1791426846203688632,52193348840782,56512,12
1791426846224653250,52193369684770,56536,12
1791426846245643990,52193390837609,56552,12
1791426846266742412,52193411955140,56576,11
1791426846287515052,52193432652518,56592,11
1791426846308386246,52193453499006,56616,11
1791426846329277249,52193474390722,56632,11
1791426846351108195,52193496133815,56656,11
1791426846372018297,52193517224665,56672,11
1791426846392859420,52193537992369,56696,11
1791426846413841358,52193559094679,56712,11
1791426846435137101,52193580273970,56736,11
1791426846455972204,52193601182170,56752,10
1791426846476946863,52193622089152,56776,10
1791426846498320960,52193643443751,56792,10
1791426846519712233,52193664987063,56816,10
1791426846540861845,52193685894464,56832,10
1791426846562030513,52193707231504,56856,9
1791426846583818150,52193728937066,56872,9
1791426846604579240,52193749658057,56896,9
1791426846625766463,52193770789437,56920,9
1791426846647647937,52193792699069,56936,9
1791426846668236508,52193813401967,56952,9
1791426846689421640,52193834562957,56976,8
1791426846711193319,52193856428344,56992,8
1791426846732099107,52193877252062,57016,8
1791426846753196822,52193898357209,57032,8
1791426846774809054,52193919928755,57056,8
1791426846795739797,52193940851475,57072,8
1791426846816675571,52193961844631,57096,8
1791426846837934904,52193983154854,57112,7
1791426846859384407,52194004420214,57136,7
1791426846880110646,52194025322707,57152,7
1791426846901166066,52194046322598,57176,7
1791426846922892150,52194068057983,57192,7
1791426846943919974,52194089048609,57216,7
1791426846964792415,52194109921904,57232,7
1791426846985934887,52194131063810,57256,7
1791426847007516729,52194152666812,57272,7
1791426847028240067,52194173448552,57296,6
1791426847049177654,52194194295262,57312,6
1791426847070359486,52194215481750,57336,6
1791426847091703933,52194236811451,57352,6
1791426847112499251,52194257630550,57376,6
1791426847133506446,52194278644824,57392,6
1791426847154779373,52194299962258,57416,5
1791426847175773510,52194320929872,57432,5
1791426847196501611,52194341645852,57456,5
1791426847217509274,52194362673875,57472,5
1791426847239091410,52194384260516,57496,5
1791426847259981199,52194405128243,57512,4
1791426847280970979,52194426112205,57536,4
1791426847302151792,52194447325926,57552,4
1791426847323635752,52194468818442,57576,4
1791426847344390356,52194489564618,57592,3
1791426847365442968,52194510602543,57616,3
1791426847387015736,52194532241185,57632,3
1791426847407975875,52194553096938,57656,3
1791426847428727836,52194573803690,57672,2
1791426847449971017,52194595115724,57696,2
1791426847471578462,52194616746123,57712,2
1791426847492348399,52194637518365,57736,2
1791426847513566070,52194658754648,57752,2
1791426847535296248,52194680332868,57776,2
1791426847556324753,52194701356367,57792,2
1791426847577112145,52194722234436,57816,2
1791426847598747971,52194743779127,57832,2
1791426847619724090,52194764856053,57856,1
1791426847640754557,52194785901971,57872,1
1791426847662058202,52194807352654,57896,1
1791426847683601869,52194828724416,57912,1
1791426847704417181,52194849513444,57936,1
1791426847725401736,52194870622252,57952,1
1791426847746773937,52194891859907,57976,1
1791426847767975981,52194913003334,57992,1
1791426847788728130,52194933930726,58016,0
1791426847809919566,52194955098737,58032,0
1791426847831521024,52194976685943,58056,0
1791426847852250893,52194997338145,58072,0
1791426847873395693,52195018608058,58096,0
1791426847894925385,52195040074363,58112,0
1791426847915789018,52195060862683,58136,0
1791426847936646528,52195081773854,58152,0
1791426847958013996,52195103206902,58176,0
1791426847979416649,52195124550873,58192,0
1791426848000283868,52195145496966,58216,0
1791426848021604180,52195166637574,58232,0
1791426848043053972,52195188187093,58256,0
1791426848064174958,52195209267709,58272,0
1791426848084925564,52195230038883,58296,0
1791426848106444040,52195251748127,58312,0
1791426848127837643,52195272956032,58336,0
1791426848148676720,52195293775483,58352,0
1791426848170049602,52195315142777,58376,0
1791426848191636018,52195336714696,58392,0
1791426848212328451,52195357449115,58416,0
1791426848233501513,52195378612247,58432,0
1791426848254770414,52195399942759,58456,0
1791426848275871015,52195421059596,58472,0
1791426848296669234,52195441837609,58496,0
1791426848317762292,52195462932462,58512,0
1791426848339438077,52195484555778,58536,0
1791426848360216835,52195505312120,58552,0
1791426848381274597,52195526309148,58576,0
1791426848402897227,52195548047027,58592,0
1791426848424337885,52195569434806,58616,0
1791426848445512588,52195590721750,58632,0
1791426848467676832,52195612741524,58656,0
1791426848488603108,52195633736242,58672,0
1791426848509600063,52195654722879,58696,0
1791426848532169742,52195677267821,58712,0
1791426848553358245,52195698457887,58736,0
1791426848574303719,52195719415650,58752,0
1791426848595474117,52195740695189,58776,0
1791426848616180886,52195761275532,58792,0
1791426848637176698,52195782285376,58816,0
1791426848658555436,52195803639767,58832,0
1791426848679543036,52195824630285,58856,0
1791426848700654877,52195845774748,58880,0
1791426848721583051,52195866719292,58896,0
1791426848743247535,52195888277144,58912,0
1791426848764054713,52195909115779,58936,0
1791426848784942664,52195930092012,58952,0
1791426848805866844,52195951064169,58976,0
1791426848826948727,52195972067613,58992,0
1791426848847947620,52195993138452,59016,1
1791426848869813569,52196014903954,59032,1
1791426848891531256,52196036721896,59056,1
1791426848912584918,52196057676606,59072,1
1791426848933560655,52196078684797,59096,1
1791426848956285812,52196101420698,59112,1
1791426848983643035,52196128755711,59136,2
1791426849004151286,52196149266585,59152,2
1791426849026293512,52196171454107,59176,2
1791426849051816287,52196197008717,59200,2
1791426849071535704,52196216688659,59216,2
1791426849092202397,52196237315700,59232,2
1791426849113311759,52196258405013,59256,3
1791426849135539990,52196280666056,59272,3
1791426849156469138,52196302095693,59296,3
1791426849179512608,52196325359244,59312,3
1791426849200835686,52196345911833,59336,3
1791426849221233631,52196366379946,59360,3
1791426849242727434,52196387856333,59376,3
1791426849263727370,52196408847835,59392,3
1791426849285282488,52196430498360,59416,4
1791426849306879960,52196452005801,59432,4
1791426849327968955,52196473128634,59456,4
1791426849349162700,52196494287391,59472,4
1791426849370815084,52196515974407,59496,4
1791426849391657270,52196536822943,59512,4
1791426849412517798,52196557634149,59536,4
1791426849433807884,52196578982265,59552,4
1791426849455543729,52196600640093,59576,4
1791426849476214196,52196621347036,59592,4
1791426849497367854,52196642522009,59616,4
1791426849519706629,52196665650252,59632,4
1791426849540605722,52196685631721,59656,4
1791426849561814476,52196706837983,59672,4
1791426849583470305,52196728646557,59696,4
1791426849604051071,52196749202031,59712,4
1791426849624970364,52196770084545,59736,4
1791426849646517973,52196791666451,59752,4
1791426849667891147,52196816303152,59776,4
1791426849689505542,52196834553114,59800,4
1791426849710408373,52196855429959,59816,4
1791426849731579380,52196876682757,59832,4
1791426849752406717,52196897586300,59856,4
1791426849773639076,52196918780818,59872,4
1791426849795167104,52196940423835,59896,4
1791426849816264172,52196961382224,59912,4
1791426849837319478,52196982345765,59936,4
1791426849858546349,52197003731189,59952,4
1791426849879797195,52197024975412,59976,4
1791426849900622192,52197045755267,59992,4
1791426849921855074,52197066993147,60016,4
1791426849943580936,52197088722142,60032,4
1791426849964173346,52197109295720,60056,4
1791426849985444285,52197130488833,60072,5
1791426850006746509,52197151856816,60096,5
1791426850027899538,52197173039253,60112,5
1791426850048666531,52197193839161,60136,5
1791426850070061936,52197215217669,60152,5
1791426850091444153,52197236565963,60176,5
1791426850112262568,52197257417935,60192,5
1791426850133446643,52197278684198,60216,5
1791426850155320386,52197300481764,60232,6
1791426850175937551,52197321082882,60256,6
1791426850196921442,52197342051995,60272,6
1791426850218295338,52197363442831,60296,6
1791426850239682384,52197384817168,60312,6
1791426850260511573,52197405651023,60336,7
1791426850281693917,52197426846160,60352,7
1791426850303353246,52197448624656,60376,7
1791426850324854168,52197470044520,60392,8
1791426850346454991,52197491491603,60416,8
1791426850370569758,52197515852641,60432,8
1791426850391606428,52197536773101,60456,9
1791426850412353840,52197557625043,60472,9
1791426850433464454,52197578731969,60496,9
1791426850454646804,52197599730213,60512,9
1791426850475619029,52197620816438,60536,10
1791426850496391714,52197641494584,60552,10
1791426850517251129,52197662506398,60576,10
1791426850538642748,52197683883523,60592,10
1791426850559702246,52197704940976,60616,11
1791426850580635779,52197725662155,60632,11
1791426850601805509,52197746830982,60656,11
1791426850623101346,52197768242732,60672,12
1791426850644196390,52197789398675,60696,12
1791426850665544040,52197810826140,60720,12
1791426850686858621,52197832107966,60736,12
1791426850707833893,52197853068279,60752,13
1791426850728674994,52197873897866,60776,13
1791426850749638817,52197894853606,60792,13
1791426850770939872,52197916069651,60816,13
1791426850792030464,52197937206466,60832,14
1791426850812991695,52197958034339,60856,14
1791426850834343235,52197979414380,60872,14
1791426850855512165,52198000612430,60896,15
1791426850876175974,52198021301537,60912,15
1791426850897293791,52198042422723,60936,15
1791426850918760358,52198063858537,60952,15
1791426850939748667,52198084862787,60976,15
1791426850960540939,52198105641658,60992,16
1791426850981566564,52198126687039,61016,16
1791426851003766428,52198148857188,61032,16
1791426851024553238,52198169655643,61056,16
1791426851045876199,52198190896284,61080,16
1791426851067411198,52198212438723,61096,16
1791426851088335448,52198233357010,61112,17
1791426851111499158,52198256532907,61136,17
1791426851132132611,52198277167217,61152,17
1791426851152940781,52198298351606,61176,17
1791426851174356732,52198319497118,61192,17
1791426851195870916,52198341100458,61216,17
1791426851216785707,52198361981469,61232,17
1791426851237986550,52198383106637,61256,17
1791426851259501465,52198404625901,61272,17
1791426851280323365,52198425442512,61296,17
1791426851301340064,52198446457095,61312,17
1791426851322692018,52198467853504,61336,17
1791426851343922783,52198489034802,61352,17
1791426851364840818,52198510116733,61376,18
1791426851386017830,52198531157210,61392,18
1791426851407608347,52198552746640,61416,18
1791426851428237356,52198573315377,61432,18
1791426851449400640,52198594503656,61456,18
1791426851470439100,52198615553282,61472,18
1791426851491673112,52198636828776,61496,18
1791426851512320513,52198657489069,61512,18
1791426851533315840,52198678536880,61536,18
1791426851554615418,52198699739229,61552,18
1791426851575944157,52198721074200,61576,18
1791426851596809847,52198741920591,61592,18
1791426851618120085,52198763249292,61616,18
1791426851639658991,52198784813746,61632,18
1791426851660419879,52198805602600,61656,17
1791426851681585206,52198826611047,61672,17
1791426851702877540,52198848017444,61696,17
1791426851724044533,52198869165927,61712,17
1791426851745032266,52198890119841,61736,17
1791426851766926013,52198911964979,61752,17
1791426851787685317,52198932908026,61776,16
1791426851808383141,52198953511007,61792,16
1791426851829643014,52198974906966,61816,16
1791426851851258250,52198996519787,61832,16
1791426851872157313,52199017269647,61856,16
1791426851893231019,52199038367479,61872,16
1791426851914658197,52199059769168,61896,15
1791426851935971588,52199080996501,61912,15
1791426851956825691,52199101856865,61936,15
1791426851977773399,52199122802061,61952,15
1791426851999060287,52199144195551,61976,15
1791426852020020857,52199165169738,61992,15
1791426852040860079,52199185900295,62016,14
1791426852061974725,52199207177947,62032,14
1791426852083517085,52199228624828,62056,14
1791426852103998682,52199249223401,62072,14
1791426852125357213,52199270379700,62096,14
1791426852147057519,52199292118565,62120,14
1791426852167790151,52199312957613,62136,13
1791426852188565934,52199333725991,62152,13
1791426852209862218,52199354894893,62176,13
1791426852231397601,52199376428253,62192,13
1791426852252100778,52199397216165,62216,13
1791426852272955210,52199418083551,62232,13
1791426852294290025,52199439384150,62256,13
1791426852315557542,52199460642508,62272,13
1791426852336372198,52199481472160,62296,13
1791426852357556509,52199502682207,62312,13
1791426852378816120,52199523906243,62336,13
1791426852399637067,52199544740065,62352,13
1791426852420438818,52199565556731,62376,13
1791426852441571522,52199586682781,62392,13
1791426852462950333,52199608098364,62416,13
1791426852483743633,52199628834428,62432,13
1791426852504793400,52199649904604,62456,13
1791426852525889005,52199671005488,62472,13
1791426852546847327,52199691967809,62496,13
1791426852567859414,52199712974505,62512,12
1791426852589275888,52199734385641,62536,12
1791426852610944983,52199756373915,62552,12
1791426852632296189,52199777417845,62576,12
1791426852655461306,52199800626708,62600,12
1791426852674712846,52199819808274,62616,12
1791426852695891484,52199840996931,62632,11
1791426852716889415,52199862005788,62656,11
1791426852737650132,52199882762731,62672,11
1791426852759341535,52199904427640,62696,11
1791426852780221413,52199925348124,62712,11
1791426852800931095,52199946087223,62736,11
1791426852822315306,52199967449862,62752,10
1791426852843700543,52199988808336,62776,10
1791426852864761062,52200010436665,62792,10
1791426852885932232,52200031058887,62816,10
1791426852907634791,52200052742642,62832,10
1791426852928422424,52200073600418,62856,10
1791426852949323567,52200094475774,62872,9
1791426852970684463,52200115832767,62896,9
1791426852992073454,52200137177588,62912,9
1791426853013194646,52200158295235,62936,9
1791426853034441897,52200179563613,62952,9
1791426853055750501,52200200919046,62976,9
1791426853076620145,52200221722395,62992,8
1791426853097958918,52200243134792,63016,8
1791426853119349118,52200264447277,63032,8
1791426853140225003,52200285360691,63056,8
1791426853161221915,52200306356449,63072,8
1791426853182523950,52200327636805,63096,7
1791426853203810361,52200348949850,63112,7
1791426853224595117,52200369824104,63136,7
1791426853245916839,52200391040654,63152,7
1791426853267952506,52200413064986,63176,7
1791426853288735665,52200433858122,63192,7
1791426853309640063,52200454764712,63216,7
1791426853331354116,52200476543861,63232,7
1791426853352084157,52200497229601,63256,7
1791426853373177308,52200518383912,63272,6
1791426853394235646,52200539366932,63296,6
1791426853415211814,52200560356455,63312,6
1791426853435939073,52200581061434,63336,6
1791426853456754511,52200601875716,63352,6
1791426853478024949,52200623127041,63376,6
1791426853499690746,52200644790887,63392,6
1791426853520585473,52200665729696,63416,6
1791426853541931934,52200687050999,63432,6
1791426853563571143,52200708730786,63456,6
1791426853584305549,52200729426379,63472,6
1791426853605203897,52200750343372,63496,6
1791426853626734800,52200771849233,63512,5
1791426853647971013,52200793042143,63536,5
1791426853668859473,52200814036802,63552,5
1791426853690309169,52200835409833,63576,5
1791426853711587305,52200856690223,63592,5
1791426853732390549,52200877559154,63616,5
1791426853753695588,52200898866041,63632,5
1791426853775164666,52200920285832,63656,5
1791426853796182703,52200941344365,63672,5
1791426853817174116,52200962316898,63696,4
1791426853839047132,52200984212752,63712,4
1791426853860058651,52201005080503,63736,4
1791426853882641252,52201027781428,63752,4
1791426853905409384,52201050467276,63776,4
1791426853927071611,52201072199295,63792,4
1791426853948185069,52201093283863,63816,4
1791426853969349677,52201114466873,63832,4
1791426853990913237,52201136053235,63856,4
1791426854012109254,52201157231938,63872,4
1791426854033005087,52201178133834,63896,4
1791426854054408271,52201199526369,63912,5
1791426854075822716,52201220961264,63936,5
1791426854096511040,52201241647556,63952,5
1791426854117827082,52201262928446,63976,5
1791426854139625588,52201284749120,63992,5
1791426854160386170,52201305504353,64016,5
1791426854181585043,52201326712672,64032,5
1791426854203232098,52201348258104,64056,5
1791426854223951454,52201369069152,64072,5
1791426854244960644,52201390154468,64096,5
1791426854266325852,52201411506001,64112,6
1791426854288435240,52201433553683,64136,6
1791426854310049815,52201455177345,64152,6
1791426854331774343,52201476850087,64176,6
1791426854352198034,52201497326865,64192,6
1791426854373364620,52201518387907,64216,7
1791426854394602349,52201539698843,64232,7
1791426854415775216,52201560903492,64256,7
1791426854436471138,52201581634077,64272,7
1791426854457613336,52201602704807,64296,7
1791426854479302937,52201624342721,64312,7
1791426854500191763,52201645282822,64336,7
1791426854521227701,52201666372699,64352,7
1791426854542504213,52201687596227,64376,8
1791426854563819667,52201709006229,64392,8
1791426854584733477,52201729808861,64416,8
1791426854605979555,52201751114513,64432,8
1791426854627442798,52201772543921,64456,8
1791426854648119144,52201793233522,64472,8
1791426854669111818,52201814194728,64496,8
1791426854690436763,52201835580996,64512,8
1791426854711717530,52201856792512,64536,8
1791426854732417197,52201877530372,64552,8
1791426854753600232,52201898780303,64576,8
1791426854775383012,52201920499042,64592,8
1791426854796055126,52201941156749,64616,8
1791426854817025823,52201962138100,64632,9
1791426854838359404,52201983584581,64656,9
1791426854859689820,52202004775994,64672,9
1791426854880393399,52202025510084,64696,9
1791426854901639974,52202047010030,64712,9
1791426854922912599,52202068006551,64736,9
1791426854943943460,52202089141419,64752,10
1791426854964894032,52202110019804,64776,10
1791426854986286430,52202131385508,64792,10
1791426855007663336,52202152799925,64816,10
1791426855028452668,52202173578610,64832,11
1791426855049732776,52202194827725,64856,11
1791426855071668333,52202216828133,64872,11
1791426855092429023,52202237523346,64896,11
1791426855113664536,52202258687002,64912,11
1791426855135957643,52202280978746,64936,12
1791426855156745833,52202301881809,64952,12
1791426855178081523,52202323105942,64976,12
1791426855199752922,52202344813177,64992,12
1791426855220815967,52202365900874,65016,13
1791426855241864824,52202386978530,65032,13
1791426855263394025,52202408507316,65056,13
1791426855284246673,52202429316349,65072,13
1791426855305483051,52202450606369,65096,13
1791426855326747725,52202471860378,65112,13
1791426855347890579,52202492925855,65136,13
1791426855368503641,52202513527976,65152,13
1791426855389529938,52202534627724,65176,13
1791426855411438250,52202556551007,65192,13
1791426855431964710,52202577121075,65216,13
1791426855452741961,52202597848991,65232,13
1791426855473935679,52202619060722,65256,13
1791426855495455837,52202640564850,65272,13
1791426855516056722,52202661186479,65296,13
1791426855536973056,52202682112186,65312,13
1791426855577134026,52202722324636,65336,13
1791426855598274458,52202743537390,65352,13
1791426855619731919,52202764921330,65376,13
1791426855640482603,52202785676242,65392,13
1791426855661607800,52202806738756,65416,13
1791426855683231484,52202828411830,65432,13
1791426855704128889,52202849288526,65456,13
1791426855725123003,52202870228659,65472,13
1791426855746177124,52202891337863,65496,13
1791426855767762165,52202912910107,65512,13
1791426855788760757,52202934475539,65536,13
1791426855809976398,52202955110565,65552,13
1791426855831552242,52202976806795,65576,13
1791426855853368875,52202998519574,65592,13
1791426855874784483,52203019957377,65616,12
1791426855896355233,52203041466700,65632,12
1791426855917416577,52203062698568,65656,12
1791426855938782554,52203083998124,65672,12
1791426855959784672,52203104945095,65696,12
1791426855980717466,52203125829467,65712,12
1791426856001925902,52203147023543,65736,12
1791426856023236240,52203168446347,65752,12
1791426856043835487,52203188960623,65776,12
1791426856064645654,52203209752897,65792,12
1791426856085936939,52203231171474,65816,12
1791426856107708147,52203252842233,65832,12
1791426856128498836,52203273600781,65856,12
1791426856149556980,52203294689913,65872,12
1791426856171495383,52203316584414,65896,12
1791426856192083917,52203337207781,65912,12
1791426856212913043,52203358016779,65936,12
1791426856235170701,52203380248862,65960,12
1791426856255878805,52203401014138,65976,12
1791426856276626560,52203421731013,66000,11
1791426856298040501,52203443186609,66016,11
1791426856319708368,52203464998419,66032,11
1791426856340722904,52203485880007,66056,11
1791426856361948490,52203507050005,66072,11
1791426856384823937,52203529975675,66096,11
1791426856406720476,52203551954427,66120,11
1791426856427822821,52203572974202,66136,11
1791426856448655330,52203593740655,66152,11
1791426856469326517,52203614541727,66176,11
1791426856491122833,52203636243530,66192,11
1791426856511792793,52203656889098,66216,11
1791426856532733530,52203677885154,66232,11
1791426856553833228,52203699067873,66256,11
1791426856575443019,52203720609455,66272,11
1791426856596211635,52203741383869,66296,11
1791426856617336410,52203762436754,66312,11
1791426856638626452,52203783781783,66336,11
1791426856659935991,52203805079934,66352,11
1791426856680842803,52203825973968,66376,11
1791426856702113344,52203847215912,66392,11
1791426856723569102,52203868682853,66416,11
1791426856744282083,52203889406329,66432,11
1791426856765565468,52203910686395,66456,12
1791426856786959084,52203932117679,66472,12
1791426856808109122,52203953220837,66496,11
1791426856829025850,52203974144098,66512,11
1791426856850508105,52203995611664,66536,11
1791426856871863719,52204016995295,66552,11
1791426856892729773,52204037833205,66576,11
1791426856914094635,52204059228554,66592,11
1791426856935585010,52204080618567,66616,11
1791426856956076984,52204101199760,66632,11
1791426856977337957,52204122373769,66656,11
1791426856998685178,52204143834611,66672,11
1791426857019860296,52204165006222,66696,11
1791426857040658247,52204185830684,66712,11
1791426857062246640,52204207299322,66736,11
1791426857083596716,52204228766743,66752,11
1791426857104377351,52204249488923,66776,11
1791426857125572226,52204270666458,66792,11
1791426857147865114,52204292965151,66816,11
1791426857168042291,52204313184926,66832,11
1791426857189035892,52204334137264,66856,11
1791426857210609972,52204355702192,66872,11
1791426857231676701,52204376790403,66896,11
1791426857252379796,52204397502055,66912,11
1791426857273541805,52204418731751,66936,11
1791426857295489348,52204440605579,66952,11
1791426857316084135,52204461178235,66976,11
1791426857337057798,52204482230648,66992,11
1791426857358493219,52204503602713,67016,11
1791426857379680215,52204524800202,67032,11
1791426857400489617,52204545594896,67056,11
1791426857421887751,52204567074897,67072,11
1791426857443317673,52204588431182,67096,12
1791426857463942167,52204609050036,67112,12
1791426857485087671,52204630130388,67136,12
1791426857506537919,52204651621766,67152,12
1791426857527696277,52204672829723,67176,12
1791426857548497867,52204693620533,67192,12
1791426857569636919,52204714729221,67216,12
1791426857591132857,52204736256636,67232,12
1791426857612164437,52204757291516,67256,12
1791426857633197999,52204778232411,67272,12
1791426857654441517,52204799562047,67296,12
1791426857675580827,52204820696847,67312,12
1791426857696456007,52204841570139,67336,12
1791426857717687761,52204862793864,67352,12
1791426857739699581,52204884763193,67376,13
1791426857760389761,52204905496426,67392,13
1791426857781815420,52204926852013,67416,13
1791426857803586564,52204948700167,67432,13
1791426857824379889,52204969495747,67456,13
1791426857845608807,52204990690370,67472,13
1791426857867473291,52205012601574,67496,13
1791426857888130565,52205033259297,67512,13
1791426857909309516,52205054395625,67536,13
1791426857930701586,52205075805859,67552,13
1791426857951861785,52205097007131,67576,13
1791426857972831050,52205117955527,67592,13
1791426857993841458,52205138947692,67616,13
1791426858015487169,52205160572934,67632,13
1791426858036242628,52205181345052,67656,13
1791426858057321844,52205202482921,67672,13
1791426858079191782,52205224375712,67696,12
1791426858099969263,52205245053596,67712,12
1791426858120844972,52205265924751,67736,12
1791426858142218778,52205287325453,67752,12
1791426858164041507,52205309160070,67776,12
1791426858184833646,52205329948612,67792,12
1791426858205942652,52205351022985,67816,11
1791426858227587928,52205372617933,67832,11
1791426858248166501,52205393285867,67856,11
1791426858269171326,52205414247134,67872,11
1791426858290741351,52205435855431,67896,11
1791426858311795959,52205456984172,67912,11
1791426858332775735,52205477899181,67936,10
1791426858354052986,52205499150701,67952,10
1791426858375554634,52205520633517,67976,10
1791426858396356363,52205541453217,67992,10
1791426858417724466,52205562746091,68016,10
1791426858439401631,52205584495228,68032,10
1791426858459987232,52205605151280,68056,9
1791426858480821303,52205625917040,68072,9
1791426858502139435,52205647271204,68096,9
1791426858523699700,52205668800060,68112,9
1791426858544491386,52205689600109,68136,9
1791426858565732801,52205710851094,68152,9
1791426858587536195,52205732596154,68176,8
1791426858608137396,52205753165564,68192,8
1791426858629803211,52205774939811,68216,8
1791426858650625278,52205795750735,68232,8
1791426858671791309,52205816908599,68256,8
1791426858692632877,52205837791707,68272,8
1791426858714030710,52205859124360,68296,8
1791426858735610601,52205880702431,68312,8
1791426858756043459,52205901212300,68336,8
1791426858777009683,52205922139806,68352,8
1791426858798506058,52205943647468,68376,8
1791426858819823811,52205964966601,68392,8
1791426858840766515,52205985890497,68416,8
1791426858862060700,52206007255237,68432,8
1791426858883705152,52206028812148,68456,8
1791426858904479656,52206049588936,68472,8
1791426858925729325,52206070778727,68496,8
1791426858947598869,52206092702646,68512,8
1791426858968318534,52206113428938,68536,8
1791426858989422191,52206134538229,68552,8
1791426859014285216,52206159388038,68576,8
1791426859035844785,52206180941331,68592,8
1791426859056591985,52206201716591,68616,8
1791426859077947002,52206223080276,68632,8
1791426859099483715,52206244627713,68656,8
1791426859120214783,52206265372824,68672,8
1791426859141050498,52206286205935,68696,8
1791426859162627666,52206307792571,68712,8
1791426859183931517,52206328993832,68736,8
1791426859204939229,52206349972841,68752,8
1791426859226356215,52206371473649,68776,8
1791426859247815331,52206392965357,68792,9
1791426859268590614,52206413760478,68816,9
1791426859289880426,52206434986377,68832,9
1791426859311620848,52206456738590,68856,9
1791426859332292252,52206477397531,68872,9
1791426859353907396,52206499003789,68896,9
1791426859375457528,52206520485213,68912,9
1791426859396312548,52206541346470,68936,9
1791426859417288310,52206562411645,68952,9
1791426859439479360,52206584649931,68976,10
1791426859460955507,52206605987742,68992,10
1791426859482105852,52206627204711,69016,10
1791426859504497191,52206649577994,69040,10
1791426859524947153,52206670143175,69056,10
1791426859546258882,52206691382131,69072,10
1791426859567794320,52206712940768,69096,10
1791426859588457938,52206733567016,69112,10
1791426859609505447,52206754630629,69136,10
1791426859630874738,52206775953788,69152,11
1791426859651802765,52206796957468,69176,11
1791426859672682536,52206817784388,69192,11
1791426859693744838,52206838927789,69216,11
1791426859715135081,52206860292745,69232,11
1791426859735993233,52206881159356,69256,11
1791426859756947294,52206901976488,69280,11
1791426859778083854,52206923194374,69296,11
1791426859799547652,52206944652479,69312,11
1791426859820259192,52206965463007,69336,11
1791426859841363532,52206986607457,69352,11
1791426859862764531,52207007806153,69376,11
1791426859883832326,52207028960476,69392,11
1791426859904781684,52207050005824,69416,11
1791426859925685168,52207070879099,69432,11
1791426859948062109,52207093219696,69456,11
1791426859968143980,52207113298265,69472,11
1791426859988987177,52207134061360,69496,11
1791426860010089463,52207155376183,69512,11
1791426860031570105,52207176709471,69536,11
1791426860052270618,52207197436646,69552,11
1791426860073304248,52207218548919,69576,12
1791426860094348645,52207239550118,69592,12
1791426860115538015,52207260717486,69616,12
1791426860136230366,52207281571448,69632,12
1791426860157684433,52207302935635,69656,12
1791426860178889294,52207324080476,69672,12
1791426860199743031,52207345010143,69696,12
1791426860220494516,52207365650037,69712,12
1791426860241661670,52207386808653,69736,12
1791426860262889102,52207408064985,69752,12
1791426860283814132,52207428941022,69776,12
1791426860304592857,52207449736425,69792,12
1791426860325893666,52207471033687,69816,11
1791426860347571135,52207492702031,69832,11
1791426860368096949,52207513248271,69856,11
1791426860389039166,52207534183370,69872,11
1791426860410487899,52207555622755,69896,11
1791426860431834303,52207576985553,69912,11
1791426860452613115,52207597686999,69936,11
1791426860473819303,52207618900881,69952,11
1791426860495404610,52207640527626,69976,11
1791426860516011193,52207661146213,69992,11
1791426860536810409,52207681942818,70016,11
1791426860558120959,52207703234009,70032,10
1791426860579553388,52207724696770,70056,10
1791426860600270275,52207745381236,70072,10
1791426860621282709,52207766396439,70096,10
1791426860642395247,52207787492044,70112,10
1791426860663930291,52207809145116,70136,10
1791426860684900617,52207829988026,70152,10
1791426860706184527,52207851207677,70176,10
1791426860727425560,52207872541366,70192,10
1791426860747962681,52207893059676,70216,10
1791426860769043913,52207914065556,70232,10
1791426860790168071,52207935255491,70256,10
1791426860811718097,52207956899296,70272,10
1791426860832264293,52207977366403,70296,10
1791426860853222041,52207998408074,70312,10
1791426860874610544,52208019648287,70336,10
1791426860895404253,52208040557515,70352,9
1791426860915895097,52208061012301,70376,9
1791426860936689733,52208081845357,70392,9
1791426860957809634,52208102931567,70416,9
1791426860979195751,52208124337453,70432,9
1791426861000249452,52208145430754,70456,9
1791426861020944421,52208166181949,70472,8
1791426861042077707,52208187201800,70496,8
1791426861063660405,52208208757082,70512,8
1791426861084392753,52208229508193,70536,8
1791426861105488572,52208250557865,70552,8
1791426861126834040,52208271970007,70576,8
1791426861147784598,52208292887626,70592,7
1791426861168599754,52208313700171,70616,7
1791426861189742468,52208334912358,70632,7
1791426861211200886,52208356317119,70656,7
1791426861232162398,52208377273056,70680,7
1791426861252874518,52208398143818,70696,6
1791426861274267391,52208419379060,70712,6
1791426861295736355,52208440824560,70736,6
1791426861316624289,52208461765163,70752,6
1791426861337524224,52208482622933,70776,6
1791426861359156328,52208504258384,70792,6
1791426861379942287,52208525026324,70816,6
1791426861400965014,52208546052935,70832,5
1791426861422172787,52208567387609,70856,5
1791426861443680337,52208588860735,70872,5
1791426861464453084,52208609687841,70896,5
1791426861485528649,52208630739522,70912,5
1791426861507159952,52208652305630,70936,5
1791426861528046125,52208673278864,70952,5
1791426861548819911,52208693946981,70976,5
1791426861570194243,52208715298140,70992,5
1791426861591484347,52208736579420,71016,5
1791426861612084495,52208757172065,71032,5
1791426861633019470,52208778116800,71056,4
1791426861654124897,52208799220180,71072,4
1791426861675452803,52208820543520,71096,4
1791426861696049958,52208841140270,71112,4
1791426861716926139,52208862066093,71136,4
1791426861738026060,52208883149949,71152,4
1791426861759310831,52208904441593,71176,4
1791426861779929572,52208925066477,71192,4
1791426861800960338,52208945993307,71216,4
1791426861822113065,52208967226587,71232,4
1791426861843591503,52208988738396,71256,4
1791426861864493328,52209009625423,71272,4
1791426861885419565,52209030531628,71296,4
1791426861906802665,52209051903006,71312,4
1791426861927832946,52209072923627,71336,4
1791426861948850319,52209093999256,71352,4
1791426861969742953,52209114833835,71376,4
1791426861991212970,52209136384408,71392,4
1791426862012015876,52209157134863,71416,4
1791426862032723935,52209177799125,71432,4
1791426862053723565,52209198808210,71456,4
1791426862075192076,52209220347915,71472,4
1791426862095933772,52209241061880,71496,3
1791426862116840847,52209261872047,71512,3
1791426862138073621,52209283092233,71536,3
1791426862159388715,52209304505391,71552,3
1791426862180056887,52209325180945,71576,3
1791426862201044422,52209346290911,71592,3
1791426862222176452,52209367389698,71616,3
1791426862243411040,52209388493219,71632,3
1791426862264107002,52209409244294,71656,3
1791426862285096171,52209430227362,71672,3
1791426862306445442,52209451532128,71696,3
1791426862327448048,52209472552940,71712,3
1791426862348285198,52209493385780,71736,3
1791426862369214556,52209514405129,71752,3
1791426862390395085,52209535470551,71776,3
1791426862411612963,52209556737879,71792,3
1791426862432499254,52209577581523,71816,3
1791426862453479439,52209598602667,71832,3
1791426862475085793,52209620227507,71856,3
1791426862496010600,52209641128401,71872,3
1791426862516977997,52209662085586,71896,3
1791426862538145877,52209683238918,71912,3
1791426862559550094,52209704641952,71936,3
1791426862580266339,52209725383693,71952,3
1791426862602288032,52209747405753,71976,3
1791426862622406710,52209767559613,71992,3
1791426862643533138,52209788676561,72016,3
1791426862664258100,52209809349385,72032,3
1791426862685302292,52209830391928,72056,4
1791426862706672992,52209851752733,72072,4
1791426862727882356,52209873171427,72096,4
1791426862748680067,52209893763058,72112,4
1791426862769561689,52209914661606,72136,4
1791426862790903138,52209935984539,72152,4
1791426862811718416,52209956813084,72176,4
1791426862832565252,52209977677106,72192,4
1791426862853505247,52209998627654,72216,4
1791426862874707839,52210019837543,72232,4
1791426862895867481,52210040978341,72256,4
1791426862916544688,52210061644805,72272,4
1791426862937522065,52210082659737,72296,4
1791426862959381136,52210104467172,72320,4
1791426862980252601,52210125502104,72336,5
1791426863001347400,52210146437692,72352,5
1791426863022871412,52210167991849,72376,5
1791426863061113575,52210207066741,72400,5
1791426863081918059,52210227027814,72416,5
1791426863104742579,52210249881408,72432,5
1791426863126907464,52210272041954,72456,5
1791426863147953269,52210293090288,72472,5
1791426863169138015,52210314168644,72496,5
1791426863190775147,52210335893949,72512,5
1791426863212210574,52210357376269,72536,5
1791426863233027571,52210378127927,72552,5
1791426863254255375,52210399367451,72576,5
1791426863275398100,52210420497567,72592,5
1791426863296156584,52210441269304,72616,5
1791426863317023918,52210462169873,72632,5
1791426863338142871,52210483274084,72656,5
1791426863359407961,52210504538257,72672,5
1791426863379971660,52210525100234,72696,5
1791426863401413530,52210546534112,72712,5
1791426863422291510,52210567409725,72736,5
1791426863443512228,52210588709152,72752,5
1791426863464224015,52210609442036,72776,5
1791426863485069496,52210630176763,72792,4
1791426863506654072,52210651794746,72816,4
1791426863527559165,52210672667732,72832,4
1791426863548303820,52210693406370,72856,4
1791426863569277686,52210714303190,72872,4
1791426863590207291,52210735302843,72896,4
1791426863612498868,52210757627228,72920,4
1791426863632941914,52210778043011,72936,4
1791426863654117451,52210799231838,72952,4
1791426863676168304,52210821313647,72976,4
1791426863697124324,52210842257605,72992,4
1791426863718590600,52210863712608,73016,4
1791426863739937586,52210885037069,73032,4
1791426863760830139,52210906006312,73056,4
1791426863782226781,52210927397709,73072,4
1791426863803570165,52210948732106,73096,4
1791426863824327411,52210969459136,73112,4
1791426863845374157,52210990521529,73136,4
1791426863867370096,52211012561995,73152,4
1791426863887858582,52211032997227,73176,4
1791426863908762247,52211053943017,73192,4
1791426863929963439,52211075101489,73216,4
1791426863951533120,52211096691497,73232,4
1791426863972064840,52211117251018,73256,4
1791426863993044106,52211138071682,73272,4
1791426864014242848,52211159400853,73296,4
1791426864035649474,52211180793412,73312,4
1791426864056579709,52211201683312,73336,4
1791426864077517403,52211222719107,73352,4
1791426864099094792,52211244204850,73376,4
1791426864119948223,52211265055825,73392,4
1791426864140831372,52211286061631,73416,4
1791426864162237874,52211307368376,73432,4
1791426864183793515,52211328885996,73456,4
1791426864204549343,52211349656063,73472,4
1791426864225729994,52211370869071,73496,4
1791426864247477044,52211392579687,73512,4
1791426864268280983,52211413426852,73536,4
1791426864289152863,52211434271843,73552,5
1791426864310719581,52211455867765,73576,5
1791426864331818070,52211476947174,73592,5
1791426864352666513,52211497761377,73616,5
1791426864373886472,52211519019548,73632,5
1791426864395419077,52211540581418,73656,5
1791426864416143083,52211561169669,73672,5
1791426864437063695,52211582184898,73696,5
1791426864458298126,52211603429046,73712,5
1791426864479689331,52211624790215,73736,5
1791426864500487890,52211645581309,73752,5
1791426864521588738,52211666697058,73776,5
1791426864543053318,52211688387323,73792,6
1791426864564044869,52211709149139,73816,6
1791426864585020561,52211730121014,73832,6
1791426864606138745,52211751235380,73856,6
1791426864627706623,52211772733020,73872,6
1791426864648351091,52211793556738,73896,6
1791426864669560748,52211814591116,73912,6
1791426864691051873,52211836185806,73936,6
1791426864711786186,52211856928395,73952,6
1791426864732508726,52211877665969,73976,6
1791426864753758897,52211898914823,73992,6
1791426864775289312,52211920597626,74016,6
1791426864796222414,52211941395827,74032,6
1791426862483527153,52211962297675,74056,6
1791426862504700013,52211983424395,74072,6
1791426862526073270,52212004762656,74096,6
1791426862546752399,52212025508259,74112,6
1791426862567849010,52212046547720,74136,6
1791426862589551235,52212068151195,74152,6
1791426862610277132,52212088962325,74176,6
1791426862631176001,52212109863620,74192,6
1791426862652247903,52212130964295,74216,6
1791426862673673197,52212152379055,74232,6
1791426862694283183,52212173003028,74256,6
1791426862715130799,52212193841613,74272,6
1791426862736411075,52212215141894,74296,6
1791426862757995756,52212236773084,74312,6
1791426862778716183,52212257363935,74336,6
1791426862799792593,52212278490321,74352,6
1791426862821275627,52212299954835,74376,6
1791426862842220391,52212320941577,74392,6
1791426862863228000,52212341907991,74416,6
1791426862884370935,52212363089619,74432,6
1791426862906093259,52212384712446,74456,6
1791426862926713214,52212405412346,74472,6
1791426862947761283,52212426475871,74496,7
1791426862969260636,52212447974261,74512,7
1791426862990620347,52212469217367,74536,7
1791426863011376254,52212490071324,74552,7
1791426863032449314,52212511134750,74576,7
1791426863054075772,52212532759488,74592,7
1791426863074780507,52212553443239,74616,7
1791426863095673981,52212574393693,74632,7
1791426863116893190,52212595576282,74656,7
1791426863138108886,52212616799839,74672,7
1791426863158846775,52212637519776,74696,7
1791426863179855772,52212658543192,74712,7
1791426863201407994,52212680144264,74736,7
1791426863222294980,52212701002121,74752,7
1791426863243174413,52212721830993,74776,7
1791426863264315828,52212742989650,74792,7
1791426863285829985,52212764531766,74816,7
1791426863306478719,52212785139716,74832,7
1791426863327376132,52212806030968,74856,7
1791426863348695520,52212827384151,74872,7
1791426863369928625,52212848655031,74896,7
1791426863390748908,52212869418393,74912,7
1791426863411621213,52212890320463,74936,7
1791426863433011879,52212911688467,74952,7
1791426863454140139,52212932833558,74976,7
1791426863474875422,52212953600104,74992,7
1791426863495823038,52212974510379,75016,7
1791426863517188775,52212995852812,75032,7
1791426863538311601,52213016964119,75056,7
1791426863559096048,52213037747166,75072,7
1791426863580126364,52213058786750,75096,7
1791426863601671097,52213080379906,75112,7
1791426863622693588,52213101351892,75136,7
1791426863643526426,52213122237079,75152,7
1791426863665071927,52213143754285,75176,7
1791426863686199898,52213164873329,75192,7
1791426863707107930,52213185771362,75216,7
1791426863727991105,52213206647575,75232,7
1791426863749326160,52213227993753,75256,7
1791426863770202845,52213248858140,75272,7
1791426863791061167,52213269759933,75296,7
1791426863812207323,52213290863302,75312,7
1791426863833818989,52213312484423,75336,7
1791426863854500592,52213333166741,75352,7
1791426863875752649,52213354425246,75376,7
1791426863896862714,52213375534816,75392,7
1791426863918135297,52213396801848,75416,7
1791426863938820092,52213417502168,75432,7
1791426863959877151,52213438593567,75456,7
1791426863981586559,52213460299552,75472,7
1791426864002418767,52213481154452,75496,7
1791426864023329307,52213502034776,75512,7
1791426864044475833,52213523256470,75536,7
1791426864065937009,52213544621387,75552,7
1791426864086683626,52213565339756,75576,7
1791426864107611191,52213586331505,75592,7
1791426864129072054,52213607810699,75616,7
1791426864150020309,52213628628618,75632,7
1791426864170733621,52213649425235,75656,7
1791426864191802110,52213670501796,75672,7
1791426864213038245,52213691663034,75696,7
1791426864234156126,52213712760480,75712,7
1791426864254641043,52213733308386,75736,7
1791426864275591119,52213754283810,75752,7
1791426864298456643,52213777110514,75776,7
1791426864319122659,52213797823046,75792,7
1791426864340339738,52213819001021,75816,7
1791426864361708933,52213840381856,75832,7
1791426864382573055,52213861262823,75856,7
1791426864403538591,52213882145110,75872,7
1791426864424725532,52213903400094,75896,7
1791426864446063517,52213924809247,75912,7
1791426864467549434,52213946239088,75936,7
1791426864488871747,52213967556786,75952,7
1791426864510619284,52213989322929,75976,7
1791426864531889384,52214010504583,76000,7
1791426864553278715,52214031879281,76016,7
1791426864574410953,52214053100049,76032,7
1791426864595428890,52214074167319,76056,7
1791426864616627895,52214095279637,76072,7
1791426864637866863,52214116600692,76096,7
1791426864659713014,52214138406515,76112,7
1791426864680702497,52214159369363,76136,6
1791426864702064417,52214180762397,76152,6
1791426864722585974,52214201279095,76176,6
1791426864743557434,52214222222373,76192,6
1791426864765324891,52214244031732,76216,6
1791426864786223723,52214264884213,76232,6
1791426864807026017,52214285746085,76256,6
1791426864828272458,52214306959995,76272,6
1791426864849990442,52214328613131,76296,6
1791426864870539264,52214349207616,76312,6
1791426864891490344,52214370180964,76336,5
1791426864912626752,52214391377024,76352,5
1791426864933832268,52214412637297,76376,5
1791426864954468098,52214433150705,76392,5
1791426864975534090,52214454223981,76416,5
1791426864996587544,52214475253973,76432,5
1791426865018039388,52214496770660,76456,5
1791426865039067546,52214517686747,76472,4
1791426865060036119,52214538721367,76496,4
1791426865082278955,52214560951857,76512,4
1791426865103116813,52214581915150,76536,4
1791426865126542058,52214605253669,76552,4
1791426865147353852,52214626026827,76576,4
1791426865168525491,52214647195333,76592,4
1791426865190110163,52214668809883,76616,4
1791426865226016296,52214704725277,76632,4
1791426865246844190,52214725538346,76656,4
1791426865267932138,52214746643047,76672,4
1791426865289365741,52214768113678,76696,4
1791426865310256123,52214788934001,76712,4
1791426865331029421,52214809677838,76736,4
1791426865352021556,52214830683194,76752,4
1791426865373753875,52214852566921,76776,4
1791426865394553500,52214873310777,76792,4
1791426865415610875,52214894209533,76816,4
1791426865437048847,52214915645113,76832,4
1791426865458203162,52214936942857,76856,4
1791426865479138266,52214957892451,76872,4
1791426865500297463,52214978960734,76896,4
1791426865522311068,52215001011697,76912,4
1791426865543429854,52215022032450,76936,4
1791426865564495567,52215043381736,76952,4
1791426865585668304,52215064407394,76976,4
1791426865606384561,52215085168438,76992,4
1791426865627336405,52215105997229,77016,4
1791426865648642054,52215127296991,77032,4
1791426865669908576,52215148608872,77056,4
1791426865690682626,52215169434443,77072,4
1791426865711691668,52215190385710,77096,4
1791426865733250385,52215211952813,77112,4
1791426865754368538,52215233086810,77136,4
1791426865775082945,52215253829699,77152,4
1791426865796157390,52215274863363,77176,4
1791426865817685661,52215296399156,77192,4
1791426865838249034,52215316919222,77216,4
1791426865859145137,52215337831968,77232,4
1791426865880468905,52215359173063,77256,4
1791426865901927015,52215380639201,77272,4
1791426865922654510,52215401386108,77296,5
1791426865943564772,52215422271148,77312,5
1791426865964721289,52215443425747,77336,5
1791426865985976428,52215464692557,77352,5
1791426866006718108,52215485465549,77376,5
1791426866027569145,52215506245584,77392,5
1791426866048808965,52215527478646,77416,5
1791426866069961806,52215548653660,77432,5
1791426866090733631,52215569438370,77456,6
1791426866111676448,52215590539291,77472,6
1791426866133048015,52215611753962,77496,6
1791426866154275409,52215632881380,77512,6
1791426866174904526,52215653566334,77536,6
1791426866196107210,52215674846311,77552,6
1791426866217719315,52215696390680,77576,6
1791426866238447659,52215717167612,77592,6
1791426866259469861,52215738212804,77616,6
1791426866280879582,52215759585940,77632,6
1791426866302325774,52215780924216,77656,6
1791426866323124490,52215801729662,77672,6
1791426866344045573,52215822748777,77696,6
1791426866365269225,52215843945192,77712,6
1791426866386145278,52215864836371,77736,6
1791426866406942312,52215885674842,77752,6
1791426866428175768,52215906884329,77776,6
1791426866449612979,52215928342751,77792,6
1791426866470398014,52215949176667,77816,6
1791426866491293222,52215970012045,77832,6
1791426866512292239,52215990970290,77856,6
1791426866533626046,52216012475006,77872,6
1791426866554582819,52216033242043,77896,6
1791426866575521540,52216054389417,77912,6
1791426866596650155,52216075338820,77936,6
1791426866618149834,52216096863632,77952,6
1791426866638913856,52216117615972,77976,6
1791426866660157637,52216138949728,77992,6
1791426866681932493,52216160625041,78016,6
1791426866702574463,52216181195326,78032,6
1791426866723451403,52216202163211,78056,6
1791426866745138309,52216223847020,78072,6
1791426866766033218,52216244694201,78096,6
1791426866786699355,52216265374076,78112,7
1791426866807659022,52216286309340,78136,7
1791426866829088317,52216307756645,78152,7
1791426866850208448,52216328901510,78176,7
1791426866871002331,52216349664359,78192,7
1791426866892134276,52216370793286,78216,7
1791426866913679810,52216392359010,78232,8
1791426866934337466,52216412996878,78256,8
1791426866955306813,52216434041507,78272,8
1791426866976575429,52216455258869,78296,8
1791426866997865865,52216476517607,78312,8
1791426867018589035,52216497211439,78336,9
1791426867039495753,52216518160588,78352,9
1791426867060683058,52216539346013,78376,9
1791426867081957914,52216560607000,78392,9
1791426867102874303,52216581554126,78416,9
1791426867123672647,52216602334261,78432,10
1791426867145144024,52216623811798,78456,10
1791426867165997758,52216644672366,78472,10
1791426867186819304,52216665483331,78496,11
1791426867207899825,52216686535180,78512,11
1791426867229189595,52216707882173,78536,11
1791426867250462699,52216729141647,78552,11
1791426867271332519,52216750009523,78576,12
1791426867292422122,52216771069552,78592,12
1791426867313860184,52216792534196,78616,13
1791426867334465999,52216813184262,78632,13
1791426867355649154,52216834362535,78656,13
1791426867376601551,52216855335081,78672,13
1791426867397965463,52216876718953,78696,14
1791426867418556282,52216897279711,78712,14
1791426867439645882,52216918245280,78736,14
1791426867461095586,52216939893748,78752,14
1791426867482156361,52216960806930,78776,15
1791426867502969146,52216981644520,78792,15
1791426867523929650,52217002585491,78816,15
1791426867545340174,52217024090082,78832,15
1791426867566108930,52217044734572,78856,15
1791426867586662424,52217065391793,78872,15
1791426867607547268,52217086273936,78896,16
1791426867628895746,52217107612871,78912,16
1791426867650130978,52217128806368,78936,16
1791426867670893046,52217149551186,78952,16
1791426867691958068,52217170631532,78976,16
1791426867713411379,52217192165945,78992,16
1791426867734226984,52217212894387,79016,16
1791426867754939248,52217233634724,79032,16
1791426867775827565,52217254584339,79056,16
1791426867797179810,52217275939376,79072,16
1791426867818233062,52217296973841,79096,16
1791426867839012064,52217317688820,79112,16
1791426867860082718,52217338728061,79136,16
1791426867881574771,52217360258210,79152,16
1791426867902283361,52217380943453,79176,16
1791426867923104538,52217401769124,79192,16
1791426867944385947,52217423077728,79216,17
1791426867965328655,52217443988593,79232,17
1791426867986144721,52217465020076,79256,16
1791426868006885362,52217485564962,79272,16
1791426868028092992,52217506688713,79296,16
1791426868049443219,52217528125287,79312,16
1791426868070383497,52217549086135,79336,16
1791426868091307026,52217570086912,79352,16
1791426868113027643,52217591806931,79376,16
1791426868134218335,52217612913340,79392,16
1791426868155132199,52217633823044,79416,16
1791426868176615984,52217655320532,79432,16
1791426868197659618,52217676436568,79456,16
1791426868218419272,52217697119341,79472,15
1791426868239840853,52217718514720,79496,15
1791426868262253451,52217740914293,79512,15
1791426868283051150,52217761741138,79536,15
1791426868303965443,52217782633322,79552,15
1791426868325196924,52217803971314,79576,15
1791426868346095974,52217824792711,79592,15
1791426868366911713,52217845842455,79616,15
1791426868387951356,52217866626525,79632,14
1791426868408925373,52217887590872,79656,14
1791426868430028367,52217908692808,79672,14
1791426868450786567,52217929624212,79696,14
1791426868471671738,52217950308611,79712,14
1791426868492966616,52217971569008,79736,14
1791426868514069509,52217992760595,79752,13
1791426868534756385,52218013721746,79776,13
1791426868555787822,52218034469474,79792,13
1791426868577068369,52218055771935,79816,13
1791426868598280004,52218076870890,79832,12
1791426868618839761,52218097505969,79856,12
1791426868639994872,52218118682162,79872,12
1791426868661432919,52218140175477,79896,11
1791426868682479440,52218161236657,79912,11
1791426868703472040,52218182140821,79936,11
1791426868724661201,52218203342492,79952,11
1791426868746105687,52218224704999,79976,10
1791426868766858985,52218245453380,80000,10
1791426868787881626,52218266476610,80016,10
1791426868808891157,52218287548011,80032,9
1791426868830289969,52218308897875,80056,9
1791426868851026634,52218329779148,80072,9
1791426868871821239,52218350555694,80096,8
1791426868893231677,52218371974205,80112,8
1791426868914413637,52218393163558,80136,8
1791426868934920766,52218413646697,80152,7
1791426868956126614,52218434842878,80176,7
1791426868978144541,52218456757007,80192,7
1791426868998651541,52218477505539,80216,6
1791426869019734545,52218498416442,80232,6
1791426869041031642,52218519730172,80256,6
1791426869062219998,52218540917064,80272,5
1791426869083095405,52218561831226,80296,5
1791426869104229503,52218582901866,80312,5
1791426869125752696,52218604486820,80336,5
1791426869146227021,52218624883856,80352,4
1791426869167123291,52218645783615,80376,4
1791426869188167610,52218667053357,80392,4
1791426869209693596,52218688370380,80416,4
1791426869230267304,52218708922837,80432,4
1791426869251069269,52218729769749,80456,3
1791426869272082804,52218750780460,80472,3
1791426869293286900,52218771982997,80496,3
1791426869314071978,52218792816010,80512,3
1791426869335008575,52218813610064,80536,2
1791426869356062663,52218834732776,80552,2
1791426869377653875,52218856377544,80576,2
1791426869398569027,52218877358417,80592,2
1791426869419447211,52218898138042,80616,2
1791426869440795338,52218919641411,80632,2
1791426869461941898,52218940709078,80656,1
1791426869482716891,52218961498949,80672,1
1791426869503695197,52218982435159,80696,1
1791426869524944678,52219003646933,80712,1
1791426869546168040,52219024827532,80736,1
1791426869567010972,52219045719154,80752,1
1791426869588157942,52219066848322,80776,1
1791426869609266925,52219087928702,80792,0
1791426869630242606,52219108953981,80816,0
1791426869651147811,52219129806167,80832,0
1791426869672458329,52219151159891,80856,0
1791426869693902941,52219172575520,80872,0
1791426869714617757,52219193324791,80896,0
1791426869735713497,52219214392833,80912,0
1791426869757010095,52219235672803,80936,0
1791426869778138284,52219256733300,80952,0
1791426869798843866,52219277554471,80976,0
1791426869819996928,52219298690240,80992,0
1791426869841049813,52219319722779,81016,0
1791426869862324933,52219340961069,81032,0
1791426869882971244,52219361621817,81056,0
1791426869904073107,52219382776053,81072,0
1791426869925417518,52219404037881,81096,0
1791426869946292430,52219424968221,81112,0
1791426869967218669,52219445888108,81136,0
1791426869988166488,52219466888805,81152,0
1791426870009561679,52219488245954,81176,0
1791426870030489044,52219509233315,81192,0
1791426870051443581,52219530145374,81216,0
1791426870072808392,52219551432927,81232,-1
1791426870094101694,52219572758582,81256,-1
1791426870114917540,52219593645604,81272,-1
1791426870135992030,52219614738164,81296,-1
1791426870157489637,52219636156605,81312,-1
1791426870178170353,52219656836765,81336,-1
1791426870198846880,52219677545555,81352,-1
1791426870219871126,52219698538469,81376,-1
1791426870241338998,52219720203982,81392,-1
1791426870262308658,52219741036845,81416,-1
1791426870283004478,52219761659351,81432,-1
1791426870304096095,52219782769725,81456,-1
1791426870325519106,52219804201527,81472,-1
1791426870346333258,52219824999277,81496,-1
1791426870367074283,52219845783781,81512,-1
1791426870388321102,52219866969619,81536,-1
1791426870409877355,52219888666444,81552,-1
1791426870430740406,52219909385929,81576,-1
1791426870451524835,52219930203063,81592,-1
1791426870472917206,52219951622432,81616,0
1791426870493900288,52219972593197,81632,0
1791426870514558919,52219993216588,81656,0
1791426870535451280,52220014111781,81672,0
1791426870556784566,52220035487194,81696,0
1791426870578191634,52220056862738,81720,0
1791426870598883128,52220077486633,81736,0
1791426870619858245,52220098454750,81752,0
1791426870641279229,52220119955503,81776,0
1791426870662321961,52220140994084,81792,0
1791426870683254283,52220161990143,81816,0
1791426870704480097,52220183173071,81832,0
1791426870725871512,52220204518090,81856,0
1791426870746597898,52220225279695,81872,0
1791426870767545805,52220246257376,81896,1
1791426870788679875,52220267336622,81912,1
1791426870810088421,52220288720622,81936,1
1791426870830831180,52220309499297,81952,1
1791426870851968548,52220330715650,81976,1
1791426870873484416,52220352169428,81992,1
1791426870894353069,52220373009655,82016,1
1791426870915254320,52220393854476,82032,2
1791426870936469270,52220415137337,82056,2
1791426870958069463,52220436707155,82072,2
1791426870978670913,52220457380482,82096,2
1791426870999804367,52220478478786,82112,2
1791426871021102225,52220499740018,82136,2
1791426871041988447,52220520648249,82152,2
1791426871062679885,52220541347605,82176,2
1791426871083750946,52220562477248,82192,3
1791426871104888928,52220583569505,82216,3
1791426871125884868,52220604548347,82232,3
1791426871146517138,52220625191297,82256,3
1791426871167665924,52220646319445,82272,3
1791426871188923097,52220667587566,82296,3
1791426871210087308,52220688768029,82312,4
1791426871230830680,52220709491493,82336,4
1791426871251858517,52220730540077,82352,4
1791426871274305675,52220753102661,82376,4
1791426871295170715,52220773829815,82392,4
1791426871316488650,52220795096325,82416,4
1791426871340912721,52220819582812,82432,4
1791426871361937257,52220840593695,82456,4
1791426871382563931,52220861258335,82472,5
1791426871403399765,52220882222461,82496,5
1791426871424664673,52220903408646,82512,5
1791426871446135038,52220924775063,82536,5
1791426871466830267,52220945479777,82552,5
1791426871487825653,52220966448068,82576,5
1791426871508935117,52220987813443,82592,5
1791426871530026361,52221008738792,82616,5
1791426871550940308,52221029609323,82632,5
1791426871571648576,52221050323241,82656,5
1791426871593292308,52221071971142,82680,5
1791426871614035169,52221092714291,82696,5
1791426871634876998,52221113631186,82712,5
1791426871656183590,52221134866730,82736,5
1791426871677970676,52221156645687,82752,5
1791426871698960632,52221177570634,82776,5
1791426871719728849,52221198400516,82792,5
1791426871741074501,52221219721655,82816,5
1791426871761867775,52221240590323,82832,5
1791426871782587259,52221261365832,82856,5
1791426871803554677,52221282241815,82872,5
1791426871824789097,52221303475361,82896,5
1791426871846112751,52221324808245,82912,5
1791426871866616849,52221345307926,82936,5
1791426871887291647,52221365978291,82952,5
1791426871908661821,52221387341183,82976,5
1791426871929999107,52221408658354,82992,5
1791426871950871653,52221429696008,83016,5
1791426871971861596,52221450468584,83032,5
1791426871993179003,52221471895561,83056,5
1791426872014113812,52221492744620,83072,5
1791426872034797498,52221513498503,83096,5
1791426872055981438,52221534670477,83112,5
1791426872077046820,52221555705075,83136,5
1791426872098165924,52221576824973,83152,6
1791426872118866976,52221597596684,83176,6
1791426872139985532,52221618648165,83192,6
1791426872161209044,52221639918963,83216,6
1791426872182262090,52221660947649,83232,6
1791426872202838825,52221681523669,83256,6
1791426872223798848,52221702471253,83272,6
1791426872244878911,52221723548250,83296,6
1791426872266154038,52221744745597,83312,6
1791426872286754201,52221765474732,83336,6
1791426872307657977,52221786356939,83352,6
1791426872328618850,52221807292220,83376,6
1791426872349815873,52221828586727,83392,6
1791426872375112847,52221853809457,83424,6
1791426872391308673,52221870043673,83432,6
1791426872412340715,52221891045795,83456,6
1791426872433618814,52221912389847,83472,6
1791426872454481891,52221933176560,83496,6
1791426872475234411,52221953893479,83512,7
1791426872496272695,52221974967816,83536,7
1791426872517772372,52221996432724,83552,7
1791426872538420129,52222017103724,83576,7
1791426872559285604,52222037929793,83592,7
1791426872580421832,52222059132664,83616,7
1791426872601880597,52222080563133,83632,7
1791426872622572833,52222101219871,83656,8
1791426872643487102,52222122115307,83672,8
1791426872664771201,52222143485216,83696,8
1791426872685852160,52222164487473,83712,8
1791426872706604337,52222185261406,83736,8
1791426872727654542,52222206301525,83752,9
1791426872749180270,52222227868124,83776,9
1791426872770311270,52222249002836,83792,9
1791426872791218071,52222269872498,83816,9
1791426872812675221,52222291346753,83832,9
1791426872833818612,52222312477525,83856,9
1791426872854627541,52222333266408,83872,9
1791426872875626676,52222354266439,83896,9
1791426872897227898,52222375890046,83912,9
1791426872918236216,52222396909213,83936,9
1791426872939225140,52222417933377,83952,9
1791426872960453541,52222439099312,83976,10
1791426872981993243,52222460683288,83992,10
1791426873002806424,52222481470229,84016,9
1791426873023807776,52222502471036,84032,9
1791426873045110183,52222523816072,84056,9
1791426873066150210,52222544822515,84072,9
1791426873086932436,52222565599519,84096,9
1791426873107958218,52222586597386,84112,9
1791426873129645113,52222608346172,84136,9
1791426873150435073,52222629111019,84152,9
1791426873171319642,52222650005309,84176,9
1791426873192679575,52222671316855,84192,10
1791426873214018088,52222692698841,84216,10
1791426873234791389,52222713439164,84232,10
1791426873255785760,52222734480397,84256,10
1791426873277211029,52222755859532,84272,10
1791426873298251046,52222776910858,84296,10
1791426873319057123,52222797741275,84312,10
1791426873340223263,52222818870047,84336,10
1791426873361736899,52222840401167,84352,10
1791426873382579056,52222861267555,84376,10
1791426873403608064,52222882296623,84392,10
1791426873425114326,52222903805360,84416,10
1791426873446177137,52222924847251,84432,11
1791426873467128659,52222945813716,84456,11
1791426873488178725,52222966866990,84472,11
1791426873509776121,52222988455936,84496,11
1791426873530239246,52223008916012,84512,11
1791426873551103269,52223029806962,84536,11
1791426873572400010,52223051059334,84552,11
1791426873593878804,52223072538916,84576,11
1791426873614572811,52223093220391,84592,11
1791426873635588007,52223114280086,84616,11
1791426873656623075,52223135333377,84632,11
1791426873677973452,52223156606155,84656,11
1791426873698747644,52223177452994,84672,11
1791426873719843452,52223198530079,84696,11
1791426873741375398,52223220062574,84712,11
1791426873762218368,52223240905887,84736,11
1791426873783094328,52223261808254,84752,11
1791426873804123226,52223282780245,84776,11
1791426873825642801,52223304342767,84792,11
1791426873846532286,52223325264948,84816,10
1791426873867502313,52223346210497,84832,10
1791426873888831135,52223367460491,84856,10
1791426873910001190,52223388710053,84872,10
1791426873930741691,52223409374024,84896,10
1791426873951789814,52223430427807,84912,10
1791426873973030431,52223451656991,84936,10
1791426873994114961,52223472789264,84952,10
1791426874014897743,52223493568831,84976,10
1791426874035990558,52223514682553,84992,10
1791426874057547468,52223536183709,85016,9
1791426874078363740,52223556987886,85032,9
1791426874099395114,52223578086629,85056,9
1791426874120745069,52223599410080,85072,9
1791426874142067045,52223620734681,85096,9
1791426874162849108,52223641522191,85112,9
1791426874184120852,52223662784597,85136,9
1791426874205642452,52223684306314,85152,9
1791426874226380771,52223705021971,85176,8
1791426874247301233,52223725959387,85192,8
1791426874268696115,52223747343106,85216,8
1791426874290124884,52223768826956,85232,8
1791426874310690503,52223789321842,85256,8
1791426874331597019,52223810248644,85272,8
1791426874353088957,52223831731858,85296,8
1791426874374088473,52223852764860,85312,7
1791426874394803476,52223873473392,85336,7
1791426874415838137,52223894502431,85352,7
1791426874437122491,52223915786569,85376,7
1791426874458109264,52223936765550,85392,7
1791426874478897386,52223957572751,85416,7
1791426874500061380,52223978734687,85432,7
1791426874521744904,52224000394619,85456,6
1791426874542268259,52224020901277,85472,6
1791426874563338665,52224042011084,85496,6
1791426874584445228,52224063075019,85512,6
1791426874605881270,52224084540648,85536,6
1791426874626506301,52224105141196,85552,5
1791426874647434533,52224126093200,85576,5
1791426874668623843,52224147301342,85592,5
1791426874690009895,52224168649436,85616,5
1791426874710785805,52224189434086,85632,5
1791426874731867502,52224210499699,85656,5
1791426874753368338,52224232000518,85672,4
1791426874774153343,52224252864456,85696,4
1791426874794883260,52224273546079,85712,4
1791426874815950025,52224294640879,85736,4
1791426874837127775,52224315765040,85752,4
1791426874858162638,52224336958247,85776,4
1791426874878921249,52224357599727,85792,4
1791426874899992462,52224378656928,85816,4
1791426874921457300,52224400159070,85832,4
1791426874942232382,52224420989537,85856,4
1791426874962985076,52224441784980,85872,4
1791426874984181090,52224462851840,85896,4
1791426875005900729,52224484557773,85912,4
1791426875026630476,52224505314306,85936,4
1791426875047415263,52224526062140,85952,4
1791426875068647599,52224547351447,85976,4
1791426875089953712,52224568606633,85992,4
1791426875110674310,52224589374298,86016,3
1791426875131566774,52224610268129,86032,3
1791426875153895990,52224632543479,86056,3
1791426875174594211,52224653249762,86072,3
1791426875195388997,52224674208951,86096,3
1791426875217842935,52224696593168,86112,3
1791426875242190889,52224720847272,86136,3
1791426875262940989,52224741577329,86152,3
1791426875284106212,52224762748442,86176,3
1791426875304925307,52224783598249,86192,3
1791426875326011631,52224804661616,86216,3
1791426875346711476,52224825347273,86232,2
1791426875367757770,52224846412607,86256,2
1791426875388884989,52224867530809,86272,2
1791426875409811189,52224888444806,86296,2
1791426875430453649,52224909119206,86312,2
1791426875451349072,52224930028772,86336,2
1791426875472482762,52224951141738,86352,2
1791426875493847085,52224972497803,86376,2
1791426875514549336,52224993191128,86392,1
1791426875535535339,52225014225297,86416,1
1791426875556835055,52225035801390,86432,1
1791426875578097747,52225056752128,86456,1
1791426875599780611,52225078417479,86472,1
1791426875622544260,52225101191718,86496,0
1791426875642969112,52225121745681,86512,0
1791426875665321553,52225144030250,86536,0
1791426875686181354,52225164886258,86552,0
1791426875707024075,52225185763196,86576,0
1791426875727966231,52225206617481,86592,0
1791426875749377947,52225228186064,86616,0
1791426875770184842,52225248890926,86632,0
1791426875792118732,52225270800451,86656,0
1791426875811538288,52225290207048,86672,0
1791426875832819780,52225311501524,86696,0
1791426875854107965,52225332838446,86712,-1
1791426875874877450,52225353569518,86736,-1
1791426875896003786,52225374674561,86752,-1
1791426875917756741,52225396427287,86776,-1
1791426875938436787,52225417110848,86792,-1
1791426875959348124,52225438092080,86816,-2
1791426875980947936,52225459590253,86832,-2
1791426876002227362,52225480913169,86856,-2
1791426876023125043,52225501817054,86872,-2
1791426876044455801,52225523095736,86896,-2
1791426876066094984,52225544737928,86912,-2
1791426876086757635,52225565430783,86936,-3
1791426876107803430,52225586493962,86952,-3
1791426876129319212,52225607974578,86976,-3
1791426876150152185,52225628841777,86992,-3
1791426876170903509,52225649571194,87016,-3
1791426876192070478,52225670750765,87032,-3
1791426876213452454,52225692120940,87056,-3
1791426876234332635,52225712999569,87072,-3
1791426876255225889,52225733884838,87096,-4
1791426876276407554,52225755103332,87112,-4
1791426876297799526,52225776486540,87136,-4
1791426876318453926,52225797119421,87152,-4
1791426876339136674,52225817792258,87176,-4
1791426876360471113,52225839126383,87192,-4
1791426876382074315,52225860746804,87216,-4
1791426876402787602,52225881419529,87232,-4
1791426876423888630,52225902563989,87256,-4
1791426876445532532,52225924197079,87272,-5
1791426876466389349,52225945122077,87296,-5
1791426876487260980,52225965918634,87312,-5
1791426876508640225,52225987284922,87336,-5
1791426876530117172,52226008782926,87352,-5
1791426876550948690,52226029618026,87376,-5
1791426876572225457,52226050914433,87392,-5
1791426876593666299,52226072368857,87416,-4
1791426876614403301,52226093151292,87432,-4
1791426876635326033,52226114022789,87456,-4
1791426876656468654,52226135111317,87472,-4
1791426876678053044,52226156698313,87496,-4
1791426876698936150,52226177583690,87512,-4
1791426876720164979,52226198819225,87536,-4
1791426876741624828,52226220324219,87552,-4
1791426876762462016,52226241102817,87576,-4
1791426876783473361,52226262148428,87592,-4
1791426876804934122,52226283627636,87616,-3
1791426876826118404,52226304888944,87632,-3
1791426876846973545,52226325672007,87656,-3
1791426876868346340,52226347017104,87672,-3
1791426876889839992,52226368506160,87696,-3
1791426876910480505,52226389116924,87712,-3
1791426876931536906,52226410171220,87736,-3
1791426876952857408,52226431503556,87752,-3
1791426876974029461,52226452661416,87776,-3
1791426876994785539,52226473447113,87792,-2
1791426877015981330,52226494629605,87816,-2
1791426877037652066,52226516360724,87832,-2
1791426877058443930,52226537113828,87856,-2
1791426877079425913,52226558081694,87872,-2
1791426877100994645,52226579651874,87896,-2
1791426877122196879,52226600897138,87912,-2
1791426877143051477,52226621706019,87936,-2
1791426877164408444,52226643063645,87952,-2
1791426877185929216,52226664611410,87976,-2
1791426877206653345,52226685350499,87992,-2
1791426877227828276,52226706482389,88016,-2
1791426877249563536,52226728248838,88032,-2
1791426877270645367,52226749329385,88056,-1
1791426877291713997,52226770363453,88072,-1
1791426877312967343,52226791597655,88096,-1
1791426877334116332,52226812747917,88112,-1
1791426877355008874,52226833649621,88136,-1
1791426877376267877,52226854902344,88152,-1
1791426877397871494,52226876540265,88176,-1
1791426877418559480,52226897207631,88192,-1
1791426877439520289,52226918185939,88216,-1
1791426877460879272,52226939501252,88232,-1
1791426877482108230,52226960750702,88256,0
1791426877502890362,52226981558274,88272,0
1791426877524149519,52227003031052,88296,0
1791426877545908638,52227024550241,88312,0
1791426877566543316,52227045173561,88336,0
1791426877587409820,52227066116774,88352,0
1791426877608649290,52227087301430,88376,0
1791426877629992586,52227108626536,88392,-1
1791426877650689340,52227129343493,88416,-1
1791426877671723459,52227150400680,88432,-1
1791426877693427020,52227172060559,88456,-1
1791426877714142478,52227192797003,88472,-1
1791426877734926138,52227213557842,88496,-1
1791426877756167928,52227234854257,88512,-1
1791426877777676469,52227256369280,88536,-1
1791426877798473566,52227277151991,88552,-1
1791426877819459494,52227298111800,88576,-1
1791426877841002901,52227319643874,88592,-1
1791426877861993337,52227340634602,88616,-1
1791426877882789249,52227361465680,88632,-1
1791426877903833113,52227382496243,88656,-1
1791426877925461064,52227404202239,88672,-1
1791426877946241878,52227424896385,88696,-1
1791426877967135752,52227445823593,88712,-1
1791426877988323823,52227467117012,88736,-1
1791426878009914830,52227488556631,88752,-1
1791426878030620492,52227509299804,88776,-1
1791426878051654532,52227530305216,88792,-1
1791426878073204949,52227551865444,88816,-1
1791426878094265926,52227572953525,88832,-1
1791426878115172607,52227593834583,88856,-1
1791426878136343773,52227614981249,88872,-1
1791426878157927405,52227637164108,88896,0
1791426878178695272,52227657376782,88912,0
1791426878199860135,52227678534706,88936,0
1791426878221463179,52227700103797,88952,0
1791426878242303374,52227720969248,88976,0
1791426878263241101,52227741896643,88992,0
1791426878284674738,52227763337144,89016,0
1791426878306075948,52227784776789,89032,0
1791426878326835244,52227805473141,89056,0
1791426878348476336,52227827135493,89080,0
1791426878369279164,52227847924160,89096,0
1791426878390320645,52227868965535,89112,0
1791426878410996448,52227889644946,89136,0
1791426878432083190,52227910751783,89152,0
1791426878453247815,52227931893296,89176,0
1791426878474170997,52227952843437,89192,0
1791426878494925463,52227973565576,89216,0
1791426878516030084,52227994687692,89232,0
1791426878537591836,52228016262105,89256,1
1791426878558246476,52228036897812,89272,1
1791426878578967485,52228057635513,89296,1
1791426878599928678,52228078659568,89312,1
1791426878621312174,52228100032794,89336,1
1791426878642339127,52228121073113,89352,1
1791426878663492677,52228142117422,89376,1
1791426878684401941,52228163093128,89392,2
1791426878706576735,52228185231763,89416,2
1791426878727691354,52228206372216,89432,2
1791426878749303048,52228227943046,89456,2
1791426878770773871,52228249414783,89472,2
1791426878791825589,52228270461428,89496,2
1791426878814190218,52228292853803,89512,2
1791426878837939565,52228316588294,89536,3
1791426878858606066,52228337332866,89552,3
1791426878879797851,52228358447587,89576,3
1791426878901642955,52228380284465,89592,3
1791426878922572322,52228401232535,89616,3
1791426878943556599,52228422443372,89632,3
1791426878965018515,52228443664860,89656,3
1791426878986204612,52228464841643,89672,3
1791426879007041867,52228485720803,89696,3
1791426879028102996,52228506938746,89712,3
1791426879049399900,52228528056952,89736,3
1791426879070232386,52228548901925,89752,3
1791426879091166820,52228569828774,89776,3
1791426879112538111,52228591170231,89792,3
1791426879133663106,52228612364431,89816,3
1791426879154328500,52228633955660,89832,3
1791426879175685859,52228654345428,89856,3
1791426879197040722,52228675677590,89872,3
1791426879217992287,52228696641009,89896,3
1791426879238827610,52228717497189,89912,3
1791426879259968312,52228738626768,89936,3
1791426879280840816,52228759480515,89952,3
1791426879301924650,52228780567293,89976,3
1791426879322794220,52228801432806,89992,4
1791426879343873167,52228822601174,90016,4
1791426879364723454,52228843376040,90032,4
1791426879385957113,52228864668958,90056,4
1791426879406805460,52228885438065,90072,4
1791426879428239273,52228906881703,90096,4
1791426879449452772,52228928105055,90112,4
1791426879470259633,52228948964351,90136,4
1791426879491338394,52228970024729,90152,4
1791426879512659440,52228991428629,90176,5
1791426879533940724,52229012594375,90192,5
1791426879554612947,52229033267047,90216,5
1791426879575696403,52229054326589,90232,5
1791426879597462930,52229076129380,90256,5
1791426879618339583,52229096994110,90272,5
1791426879639264845,52229117946402,90296,5
1791426879660739126,52229139390245,90312,5
1791426879682193134,52229160835182,90336,5
1791426879703017743,52229181646011,90352,6
1791426879724094433,52229202794306,90376,6
1791426879745421551,52229224131478,90392,6
1791426879766574399,52229245210821,90416,6
1791426879787489931,52229266145975,90432,6
1791426879810471130,52229289118920,90456,6
1791426879831544933,52229310225155,90472,6
1791426879853758695,52229332405875,90496,6
1791426879874350142,52229353030628,90512,6
1791426879895293293,52229373980078,90536,6
1791426879916560590,52229395259946,90552,6
1791426879938065436,52229416776988,90576,6
1791426879958804514,52229437470150,90592,6
1791426879979821093,52229458501509,90616,7
1791426880001212086,52229479940228,90632,7
1791426880022168176,52229500801779,90656,7
1791426880042979944,52229521657875,90672,7
1791426880064253216,52229542912890,90696,7
1791426880085795910,52229564501240,90712,7
1791426880106437600,52229585116033,90736,8
1791426880127469810,52229606144008,90752,8
1791426880149174148,52229627883530,90776,8
1791426880170306564,52229648950809,90792,8
1791426880191204714,52229669881545,90816,8
1791426880212518564,52229691208823,90832,8
1791426880233974561,52229712635393,90856,8
1791426880254670573,52229733380079,90872,8
1791426880275754595,52229754458847,90896,9
1791426880297487322,52229776227308,90912,9
1791426880318312483,52229797026849,90936,9
1791426880339176810,52229817820866,90952,9
1791426880360481562,52229839153923,90976,9
1791426880382036749,52229860694609,90992,9
1791426880402782419,52229881476646,91016,9
1791426880424034158,52229902706130,91032,9
1791426880445565472,52229924231732,91056,9
1791426880466474611,52229945140394,91072,9
1791426880487495296,52229966158410,91096,9
1791426880508970881,52229987645273,91112,9
1791426880530242720,52230008880997,91136,9
1791426880551257489,52230029907462,91152,9
1791426880572710920,52230051381351,91176,9
1791426880594116676,52230072776707,91192,9
1791426880614981727,52230093637428,91216,9
1791426880636290604,52230114956285,91232,9
1791426880657929756,52230136609382,91256,9
1791426880678636069,52230157293396,91272,9
1791426880699721717,52230178361426,91296,9
1791426880721235702,52230199955720,91312,9
1791426880742182106,52230220835416,91336,9
1791426880762980969,52230241624200,91352,9
1791426880784299462,52230263007458,91376,9
1791426880806031147,52230284721676,91392,8
1791426880832842858,52230311513987,91416,8
1791426880853185371,52230331893619,91432,8
1791426880874438810,52230353147715,91456,8
1791426880895706436,52230374406425,91472,8
1791426880916831129,52230395483667,91496,8
1791426880938003958,52230416633656,91512,8
1791426880958829955,52230437480242,91536,8
1791426880979955106,52230458587811,91552,8
1791426881001770671,52230480418867,91576,8
1791426881022616683,52230501254997,91592,8
1791426881043625165,52230522320459,91616,8
1791426881065337976,52230544007838,91632,8
1791426881086308908,52230564981292,91656,8
1791426881107176374,52230585841955,91672,8
1791426881128091563,52230606802918,91696,8
1791426881149455361,52230628084039,91712,8
1791426881170328671,52230648979492,91736,8
1791426881191298903,52230669970973,91752,8
1791426881212775979,52230691417920,91776,8
1791426881234134823,52230712792008,91792,8
1791426881255007067,52230733683397,91816,8
1791426881276066553,52230754703238,91832,8
1791426881297977564,52230776761437,91856,8
1791426881318665787,52230797299708,91872,8
1791426881339703317,52230818352355,91896,8
1791426881361273518,52230839904388,91912,8
1791426881382354419,52230861030116,91936,8
1791426881403254989,52230881921860,91952,8
1791426881424218426,52230902879975,91976,8
1791426881445523254,52230924155249,91992,8
1791426881466429336,52230945118515,92016,8
1791426881487288052,52230965953076,92032,8
1791426881508658299,52230987326840,92056,8
1791426881530013698,52231008680353,92072,8
1791426881550770919,52231029414680,92096,8
1791426881571837337,52231050505614,92112,8
1791426881593209561,52231071883831,92136,8
1791426881614172258,52231092811715,92152,8
1791426881634929880,52231113572119,92176,8
1791426881656114259,52231134760353,92192,8
1791426881677626306,52231156294571,92216,8
1791426881698326936,52231176991380,92232,8
1791426881719288043,52231197926537,92256,8
1791426881740535511,52231219196394,92272,8
1791426881762017846,52231240649384,92296,8
1791426881782733701,52231261370147,92312,8
1791426881803886392,52231282554726,92336,8
1791426881825493366,52231304204524,92352,8
1791426881846389754,52231325047710,92376,8
1791426881867357422,52231346004457,92392,8
1791426881888435422,52231367074137,92416,8
1791426881909905255,52231388588857,92432,9
1791426881930618704,52231409282007,92456,9
1791426881951819753,52231430548514,92472,9
1791426881973199072,52231451886611,92496,9
1791426881994126838,52231472802295,92512,9
1791426882014932992,52231493582435,92536,9
1791426882036174567,52231514859284,92552,9
1791426882057591642,52231536229436,92576,9
1791426882078454597,52231557097938,92592,9
1791426882099474012,52231578153898,92616,9
1791426882120705495,52231599358640,92632,9
1791426882142059436,52231620693760,92656,9
1791426882162844109,52231641478943,92672,9
1791426882184060425,52231662699204,92696,9
1791426882205544562,52231684186755,92712,9
1791426882227908232,52231706548478,92736,9
1791426882249617147,52231728264109,92752,9
1791426882270292838,52231748952755,92776,9
1791426882291225038,52231769888961,92792,9
1791426882312381181,52231791052740,92816,9
1791426882334093831,52231812790327,92832,9
1791426882354887497,52231833560819,92856,9
1791426882376053047,52231854692984,92872,9
1791426882397609835,52231876246432,92896,9
1791426882418411253,52231897059691,92912,9
1791426882439401894,52231918076969,92936,9
1791426882460686626,52231939359223,92952,9
1791426882481934475,52231960605511,92976,9
1791426882502636740,52231981279445,92992,9
1791426882523473677,52232002140215,93016,9
1791426882544381221,52232023058200,93032,9
1791426882565561612,52232044238719,93056,9
1791426882586530419,52232065193766,93072,9
1791426882607569037,52232086267703,93096,9
1791426882628587218,52232107242857,93112,9
1791426882649946727,52232128586885,93136,9
1791426882670677373,52232149405721,93152,9
1791426882691737377,52232170430541,93176,9
1791426882713807540,52232192461804,93192,9
1791426882734593142,52232213297462,93216,9
1791426882755597612,52232234254023,93232,9
1791426882776897595,52232255588796,93256,9
1791426882797914629,52232276637014,93272,9
1791426882818615019,52232297259395,93296,9
1791426882839519372,52232318167470,93312,9
1791426882860790770,52232339440455,93336,9
1791426882881945525,52232360625455,93352,9
1791426882902853218,52232381575534,93376,9
1791426882923798460,52232402461262,93392,9
1791426882945277663,52232424028209,93416,9
1791426882966430492,52232445089932,93432,8
1791426882987251540,52232465952740,93456,8
1791426883008977014,52232487688533,93472,8
1791426883030135210,52232508864238,93496,8
1791426883050904654,52232529593571,93512,8
1791426883072227239,52232550905123,93536,8
1791426883093744024,52232572415024,93552,8
1791426883114556790,52232593222069,93576,8
1791426883135661918,52232614305575,93592,8
1791426883157187716,52232635846954,93616,8
1791426883178144536,52232656832659,93632,8
1791426883198943872,52232677566841,93656,8
1791426883220114408,52232698751730,93672,8
1791426883241786782,52232720453261,93696,8
1791426883262501950,52232741155771,93712,8
1791426883283451105,52232762103442,93736,8
1791426883305020197,52232783708281,93752,8
1791426883326116974,52232804758107,93776,8
1791426883347249728,52232825915037,93792,8
1791426883368256416,52232847375541,93816,8
1791426883389691242,52232868375827,93832,8
1791426883410386448,52232889260355,93856,8
1791426883431394819,52232910073882,93872,8
1791426883452398173,52232931034871,93896,8
1791426883474014747,52232952724085,93912,8
1791426883494569224,52232973292398,93936,8
1791426883515624365,52232994393942,93952,8
1791426883537194708,52233015950189,93976,8
1791426883558003822,52233036675679,93992,8
1791426883578846481,52233057527034,94016,8
1791426883599871901,52233078570273,94032,8
1791426883621343252,52233100005157,94056,9
1791426883642421683,52233121110360,94072,9
1791426883663129828,52233141834127,94096,9
1791426883684436872,52233163179003,94112,9
1791426883705655430,52233184520301,94136,9
1791426883726172596,52233204949718,94152,9
1791426883747109924,52233225756393,94176,9
1791426883768368815,52233247040358,94192,9
1791426883789729067,52233268409878,94216,9
1791426883810425884,52233289081417,94232,9
1791426883831394232,52233310054470,94256,9
1791426883852661659,52233331363997,94272,9
1791426883874038035,52233352684836,94296,10
1791426883894837618,52233373517778,94312,10
1791426883915964285,52233394676636,94336,10
1791426883937289388,52233415969747,94352,10
1791426883958031814,52233436683957,94376,10
1791426883978892811,52233457538602,94392,10
1791426883999829147,52233478552898,94416,10
1791426884021185335,52233499847251,94432,10
1791426884042341046,52233521018265,94456,10
1791426884063182304,52233541863525,94472,10
1791426884084256223,52233562927365,94496,10
1791426884105904618,52233584565163,94512,10
1791426884126605336,52233605289289,94536,10
1791426884147727554,52233626450841,94552,10
1791426884169397872,52233648094831,94576,10
1791426884190302691,52233669001983,94592,11
1791426884211084391,52233689732104,94616,11
1791426884232207144,52233710868503,94632,11
1791426884253785177,52233732452651,94656,11
1791426884274466946,52233753120294,94672,11
1791426884295391095,52233774093299,94696,11
1791426884316827845,52233795488962,94712,11
1791426884338046672,52233816684091,94736,11
1791426884358740232,52233837410317,94752,11
1791426884380016910,52233858678449,94776,11
1791426884402538987,52233881307581,94792,11
1791426884422606996,52233901324871,94816,11
1791426884443665873,52233922380697,94832,11
1791426884465305768,52233944026899,94856,11
1791426884486359658,52233965073935,94872,11
1791426884507260184,52233985970421,94896,11
1791426884528558592,52234007230483,94912,11
1791426884549887391,52234028549140,94936,11
1791426884570647442,52234049339587,94952,11
1791426884591711818,52234070375933,94976,11
1791426884613272611,52234091941527,94992,11
1791426884634134326,52234112799700,95016,11
1791426884654959202,52234133623100,95032,11
1791426884676174756,52234154811369,95056,11
1791426884697831158,52234176495183,95072,11
1791426884718431992,52234197062301,95096,11
1791426884739395392,52234218044304,95112,11
1791426884760809667,52234239545188,95136,11
1791426884781984830,52234260615044,95152,11
1791426884802778925,52234281418469,95176,11
1791426884823764803,52234302410392,95192,11
1791426884845278417,52234323918933,95216,11
1791426884866194113,52234344861861,95232,10
1791426884886918846,52234365591403,95256,10
1791426884907999951,52234386643817,95272,10
1791426884929615299,52234408251711,95296,10
1791426884950285359,52234428916852,95312,10
1791426884971416558,52234450051546,95336,10
1791426884992702839,52234471389087,95352,10
1791426885014023278,52234492684159,95376,10
1791426885034620942,52234513257575,95392,10
1791426885055534336,52234534190424,95416,10
1791426885076907025,52234555592490,95432,10
1791426885098291969,52234576960824,95456,10
1791426885119144756,52234597818345,95472,10
1791426885140617670,52234619415233,95496,10
1791426885161930931,52234640595799,95512,10
1791426885182679918,52234661314306,95536,10
1791426885203662814,52234682318488,95552,10
1791426885224963243,52234703604466,95576,10
1791426885245989926,52234724626737,95592,10
1791426885266693780,52234745327113,95616,10
1791426885287613159,52234766256704,95632,10
1791426885309806425,52234788451408,95656,10
1791426885330372169,52234809003957,95672,10
1791426885351299509,52234829962737,95696,10
1791426885372530449,52234851166768,95712,10
1791426885393920235,52234872584990,95736,10
1791426885414521089,52234893160646,95752,10
1791426885435547515,52234914188804,95776,10
1791426885456751585,52234935389895,95792,10
1791426885477896352,52234956539304,95816,11
1791426885498630927,52234977288171,95832,11
1791426885519576107,52234998210038,95856,11
1791426885540859618,52235019482645,95872,11
1791426885562068248,52235040713409,95896,11
1791426885582763371,52235061395899,95912,11
1791426885603849213,52235082488765,95936,11
1791426885625155467,52235103791919,95952,11
1791426885646143814,52235124784817,95976,11
1791426885666822766,52235145463824,95992,11
1791426885687858827,52235166512436,96016,11
1791426885709854388,52235188498504,96040,11
1791426885730166710,52235208809020,96056,11
1791426885751121625,52235229783794,96072,11
1791426885772881606,52235251567362,96096,11
1791426885794196750,52235272882830,96112,11
1791426885815009121,52235293687969,96136,10
1791426885836106669,52235314789777,96152,10
1791426885857386480,52235336063849,96176,10
1791426885878297814,52235356983600,96192,10
1791426885899248130,52235377912672,96216,10
1791426885920163997,52235398816019,96232,10
1791426885941683520,52235420369082,96256,10
1791426885962300255,52235440983204,96272,10
1791426885983253408,52235461953853,96296,9
1791426886004605124,52235483279071,96312,9
1791426886025878108,52235504550640,96336,9
1791426886046618301,52235525289147,96352,9
1791426886067524001,52235546191241,96376,9
1791426886088378878,52235567076897,96392,9
1791426886109681831,52235588377338,96416,8
1791426886130838636,52235609524979,96432,8
1791426886151829232,52235630519335,96456,8
1791426886172937665,52235651616026,96472,8
1791426886194848791,52235673528592,96496,8
1791426886215336495,52235694025972,96512,8
1791426886236582586,52235715268151,96536,7
1791426886257822147,52235736496627,96552,7
1791426886278442908,52235757123864,96576,7
1791426886299422090,52235778069308,96592,7
1791426886320477215,52235799165823,96616,7
1791426886341897702,52235820556451,96632,7
1791426886362455031,52235841190351,96656,6
1791426886383450648,52235862179343,96672,6
1791426886406259653,52235884981518,96696,6
1791426886426108135,52235904737418,96712,6
1791426886447004832,52235925682688,96736,6
1791426886468431153,52235947081869,96752,6
1791426886490052293,52235968690707,96776,6
1791426886510869825,52235989852940,96792,6
1791426886532163841,52236010833014,96816,6
1791426886553655660,52236032374258,96832,6
1791426886574306887,52236053021241,96856,6
1791426886595263518,52236073982119,96872,6
1791426886616467844,52236095150567,96896,6
1791426886637928504,52236116597988,96912,5
1791426886658604460,52236137285791,96936,5
1791426886679727967,52236158427360,96952,5
1791426886701124138,52236179802141,96976,5
1791426886722134052,52236200806573,96992,5
1791426886743064919,52236221751616,97016,6
1791426886763941893,52236242649046,97032,6
1791426886785384675,52236264137556,97056,6
1791426886806283305,52236284972336,97072,6
1791426886827541257,52236306217451,97096,6
1791426886848800186,52236327478485,97112,6
1791426886870031983,52236348703176,97136,6
1791426886890775392,52236369442194,97152,6
1791426886911971727,52236390651567,97176,6
1791426886933119952,52236411789409,97192,6
1791426886954043974,52236432715554,97216,6
1791426886974867373,52236453532700,97232,6
1791426886996033612,52236474708313,97256,7
1791426887017490163,52236496182719,97272,7
1791426887038224076,52236516861801,97296,7
1791426887058949771,52236537621912,97312,7
1791426887080225919,52236558904672,97336,7
1791426887101819049,52236580513137,97352,7
1791426887122426312,52236601102253,97376,7
1791426887143366110,52236622041046,97392,7
1791426887164550372,52236643228748,97416,7
1791426887185981961,52236664669815,97432,7
1791426887206720766,52236685406592,97456,7
1791426887227807488,52236706474586,97472,7
1791426887249333519,52236728030704,97496,7
1791426887270466448,52236749185863,97512,7
1791426887291320910,52236769996445,97536,7
1791426887312544089,52236791229738,97552,7
1791426887334097130,52236812770916,97576,7
1791426887354854426,52236833545771,97592,7
1791426887375784708,52236854467386,97616,7
1791426887397274062,52236875949703,97632,7
1791426887418235351,52236896905646,97656,7
1791426887439066525,52236917747730,97672,7
1791426887460257204,52236938937292,97696,7
1791426887481976996,52236960653679,97712,7
1791426887502708184,52236981390590,97736,7
1791426887523656762,52237002319889,97752,7
1791426887545437150,52237024205983,97776,7
1791426887566463412,52237045147693,97792,6
1791426887587342805,52237066019523,97816,6
1791426887608579010,52237087265295,97832,6
1791426887630027737,52237108694508,97856,6
1791426887650864485,52237129535877,97872,6
1791426887671756062,52237150438198,97896,6
1791426887693057674,52237171732790,97912,6
1791426887714208102,52237192898206,97936,5
1791426887735119777,52237213807493,97952,5
1791426887756206156,52237234917318,97976,5
1791426887777464733,52237256160253,97992,5
1791426887798305923,52237277002274,98016,5
1791426887819286913,52237298000615,98032,5
1791426887840627728,52237319309222,98056,5
1791426887862683532,52237341369805,98072,4
1791426887883438464,52237362057546,98096,4
1791426887904705901,52237383356082,98112,4
1791426887926011758,52237404720037,98136,4
1791426887946681544,52237425356146,98152,4
1791426887967694496,52237446344016,98176,4
1791426887989056299,52237467687251,98192,4
1791426888010135776,52237488861238,98216,4
1791426888031126154,52237509834046,98232,4
1791426888052323429,52237530962603,98256,4
1791426888073501171,52237552241877,98272,4
1791426888094211058,52237573008360,98296,4
1791426888114986528,52237593652861,98312,4
1791426888136081173,52237614770642,98336,4
1791426888157574955,52237636204594,98352,4
1791426888178373961,52237657089209,98376,4
1791426888199180839,52237677846978,98392,4
1791426888220404919,52237699068747,98416,4
1791426888241816321,52237720469382,98432,4
1791426888262560935,52237741211651,98456,4
1791426888283574916,52237762240554,98472,4
1791426888304783969,52237783450774,98496,4
1791426888326034909,52237804725384,98512,4
1791426888346772674,52237825449682,98536,4
1791426888367610043,52237846268102,98552,4
1791426888388906308,52237867562508,98576,4
1791426888410100792,52237888762024,98592,4
1791426888430869762,52237909580340,98616,4
1791426888452016205,52237930642086,98632,4
1791426888473819388,52237952438976,98656,4
1791426888494376492,52237973058995,98672,4
1791426888515372653,52237994025679,98696,4
1791426888536487848,52238015151410,98712,4
1791426888557919134,52238036566325,98736,4
1791426888578597264,52238057266996,98752,4
1791426888599677535,52238078380342,98776,5
1791426888621063902,52238099716998,98792,5
1791426888642094055,52238120752208,98816,5
1791426888662909517,52238141605646,98832,5
1791426888684032186,52238162751152,98856,5
1791426888705757544,52238184422844,98872,5
1791426888726431415,52238205159864,98896,5
1791426888747189828,52238225901838,98912,5
1791426888768274267,52238246914688,98936,5
1791426888789653415,52238268379034,98952,5
1791426888810475143,52238289135820,98976,5
1791426888831314993,52238310026726,98992,5
1791426888852410218,52238331041573,99016,5
1791426888873926251,52238352682340,99032,5
1791426888894533825,52238373177401,99056,5
1791426888915760125,52238394432489,99072,5
1791426888937001456,52238415644706,99096,5
1791426888958248291,52238436924900,99112,5
1791426888978927470,52238457586614,99136,5
1791426889000165040,52238478794612,99152,5
1791426889021561045,52238500261119,99176,5
1791426889042456192,52238521096540,99192,5
1791426889063428329,52238542109722,99216,5
1791426889084600850,52238563256976,99232,5
1791426889105980043,52238584653878,99256,5
1791426889126760816,52238605426949,99272,5
1791426889147759377,52238626429199,99296,5
1791426889169131711,52238647799816,99312,5
1791426889190133997,52238668804271,99336,5
1791426889210856395,52238689531596,99352,5
1791426889231950317,52238710769305,99376,4
1791426889253754075,52238732421756,99392,4
1791426889274329893,52238753073909,99416,4
1791426889296282899,52238774968073,99432,4
1791426889318150019,52238796863559,99456,4
1791426889338889168,52238817554486,99472,4
1791426889359935552,52238838631655,99496,4
1791426889381607462,52238860264687,99512,4
1791426889402613385,52238881254541,99536,4
1791426889423514808,52238902211971,99552,4
1791426889444852116,52238923619947,99576,4
1791426889466236951,52238944923075,99592,4
1791426889486849045,52238965517914,99616,4
1791426889508119715,52238986833110,99632,4
1791426889529154206,52239007946424,99656,4
1791426889550171062,52239028852081,99672,4
1791426889571018978,52239049653257,99696,4
1791426889592169049,52239070807087,99712,4
1791426889613892568,52239092529770,99736,4
1791426889634681247,52239113363426,99752,4
1791426889655539899,52239134216696,99776,4
1791426889676930585,52239155633943,99792,4
1791426889698154436,52239176837379,99816,4
1791426889719030881,52239197751625,99832,4
1791426889740052939,52239218741575,99856,4
1791426889761604164,52239240283122,99872,4
1791426889782856887,52239261945443,99896,4
1791426889803880832,52239282559896,99912,4
1791426889827959735,52239306647717,99936,4
1791426889849480707,52239328213284,99952,4
1791426889870427574,52239349189471,99976,5
1791426889891338077,52239370095822,99992,5
1791426889912657333,52239391289011,100016,5
1791426889934094899,52239412777250,100032,5
1791426889954805492,52239433456809,100056,4
1791426889975993082,52239454744174,100072,4
1791426889997410214,52239476070148,100096,4
1791426890018277564,52239497009289,100112,4
1791426890038997444,52239517646748,100136,4
1791426890060134234,52239538783824,100152,4
1791426890081797809,52239560454786,100176,4
1791426890102586172,52239581254056,100192,4
1791426890123813135,52239602571626,100216,4
1791426890145526769,52239624245298,100232,4
1791426890166348767,52239645014739,100256,5
1791426890187219550,52239665865893,100272,5
1791426890208568567,52239687309364,100296,5
1791426890230069664,52239708764152,100312,5
1791426890250886750,52239729556818,100336,5
1791426890271990927,52239750672000,100352,5
1791426890293792538,52239772431533,100376,5
1791426890314424002,52239793104562,100392,5
1791426890335377524,52239814069317,100416,5
1791426890356786883,52239835441520,100432,5
1791426890378169910,52239856836189,100456,5
1791426890399024628,52239877705847,100472,5
1791426890420287500,52239898996899,100496,6
1791426890441955206,52239920610666,100512,6
1791426890462570165,52239941202162,100536,6
1791426890483471409,52239962135672,100552,6
1791426890504974740,52239983822237,100576,6
1791426890526141293,52240004791582,100592,6
1791426890547040655,52240025711232,100616,6
1791426890568440107,52240047137568,100632,6
1791426890590051962,52240068713883,100656,6
1791426890610868282,52240089504405,100672,6
1791426890632133900,52240110868506,100696,6
1791426890653749133,52240132416025,100712,6
1791426890674446849,52240153134645,100736,6
1791426890695422803,52240174067815,100752,6
1791426890716911728,52240195566518,100776,6
1791426890737896612,52240216537567,100792,7
1791426890758613300,52240237247759,100816,7
1791426890779660678,52240258333355,100832,7
1791426890800973732,52240279652027,100856,7
1791426890822059338,52240300699142,100872,7
1791426890842795667,52240321485533,100896,7
1791426890863893461,52240342615748,100912,7
1791426890885037482,52240363700662,100936,7
1791426890906201678,52240384945110,100952,7
1791426890927004188,52240405664803,100976,7
1791426890948236549,52240426965324,100992,7
1791426890969823605,52240448558276,101016,7
1791426890990500057,52240469146823,101032,7
1791426891011499034,52240490165615,101056,7
1791426891032812467,52240511522136,101072,7
1791426891053897659,52240532629072,101096,7
1791426891074602132,52240553286961,101112,7
1791426891095707031,52240574363675,101136,7
1791426891117237098,52240595890090,101152,7
1791426891138177419,52240616847272,101176,7
1791426891159069203,52240637778336,101192,7
1791426891180261102,52240658916543,101216,7
1791426891201879365,52240680555360,101232,7
1791426891222641811,52240701367529,101256,7
1791426891243528433,52240722188985,101272,7
1791426891265014704,52240743644204,101296,7
1791426891286130920,52240764868316,101312,7
1791426891307017731,52240785728945,101336,7
1791426891328072252,52240806730623,101352,7
1791426891349550409,52240828238260,101376,7
1791426891370485390,52240849147224,101392,7
1791426891391465389,52240870138273,101416,7
1791426891412740836,52240891414087,101432,7
1791426891434119702,52240912804772,101456,7
1791426891455264599,52240933992928,101472,7
1791426891476050789,52240954685363,101496,7
1791426891497584846,52240976261428,101512,7
1791426891518320396,52240997124857,101536,7
1791426891539218060,52241017880127,101552,7
1791426891560521601,52241039172519,101576,7
1791426891582060683,52241060692934,101592,8
1791426891602860126,52241081492577,101616,8
1791426891624051847,52241102726390,101632,8
1791426891645433563,52241124170478,101656,8
1791426891666371160,52241145001550,101672,8
1791426891687230361,52241165871906,101696,8
1791426891708439211,52241187106726,101712,8
1791426891729858071,52241208500368,101736,8
1791426891750543433,52241229190752,101752,8
1791426891771482748,52241250118102,101776,8
1791426891792646545,52241271296685,101792,8
1791426891813849225,52241292485866,101816,8
1791426891834497658,52241313128839,101832,8
1791426891855487471,52241334117066,101856,7
1791426891876842849,52241355497163,101872,8
1791426891897857790,52241376495489,101896,8
1791426891918713963,52241397351390,101912,8
1791426891939710498,52241418369634,101936,8
1791426891961091681,52241439732314,101952,8
1791426891982082935,52241460723849,101976,8
1791426892002897677,52241481565314,101992,8
1791426892023865937,52241502499010,102016,8
1791426892045168064,52241523809447,102032,8
1791426892066170783,52241544829977,102056,8
1791426892086815110,52241565453844,102072,8
1791426892107863090,52241586515974,102096,8
1791426892129279215,52241607930671,102112,8
1791426892150099554,52241628789974,102136,8
1791426892170910548,52241649588792,102152,8
1791426892192283577,52241670939917,102176,8
1791426892213666363,52241692336157,102192,8
1791426892234285590,52241712937339,102216,8
1791426892255147295,52241733792267,102232,8
1791426892276330325,52241755139357,102256,9
1791426892297667346,52241776428170,102272,9
1791426892318374475,52241797013869,102296,9
1791426892339318005,52241817990363,102312,9
1791426892360786092,52241839421638,102336,9
1791426892381968128,52241860594682,102352,9
1791426892402705463,52241881328061,102376,10
1791426892423678999,52241902329449,102392,10
1791426892445274697,52241924016699,102416,10
1791426892466223733,52241944859436,102432,10
1791426892486980950,52241965648652,102456,10
1791426892508400257,52241987037937,102472,10
1791426892530038723,52242008742038,102496,10
1791426892554121839,52242032754931,102512,10
1791426892574867330,52242053527306,102536,10
1791426892595842114,52242074542339,102552,10
1791426892617432163,52242096186143,102576,10
1791426892638243282,52242116939779,102592,10
1791426892659098268,52242137734874,102616,10
1791426892680246777,52242158902999,102632,11
1791426892701878698,52242180561893,102656,11
1791426892722538325,52242201255438,102672,11
1791426892743616068,52242222290774,102696,11
1791426892764971962,52242243738220,102712,11
1791426892786030985,52242264730744,102736,11
1791426892806784296,52242285448042,102752,11
1791426892829608502,52242308265272,102776,11
1791426892850621079,52242329349811,102792,11
1791426892871991521,52242350622044,102816,11
1791426892893749925,52242372396291,102832,11
1791426892914464806,52242393125891,102856,11
1791426892936231764,52242415012039,102872,11
1791426892957453640,52242436129512,102896,11
1791426892978478555,52242457231658,102912,11
1791426892999352386,52242478013535,102936,11
1791426893021193139,52242499876598,102952,10
1791426893043529042,52242522199476,102976,10
1791426893062099125,52242540743729,102992,10
1791426893082833309,52242561550944,103016,10
1791426893104111258,52242582819292,103032,10
1791426893125142304,52242603797059,103056,10
1791426893146197787,52242624912114,103072,10
1791426893167076582,52242645756844,103096,10
1791426893188364040,52242667034274,103112,10
1791426893209847957,52242688522173,103136,10
1791426893230229006,52242708948820,103152,10
1791426893251054132,52242729827052,103176,10
1791426893272288719,52242751016280,103192,9
1791426893293678120,52242772377489,103216,9
1791426893314459952,52242793106807,103232,9
1791426893335436057,52242814066840,103256,9
1791426893356552336,52242835222339,103272,9
1791426893377752759,52242856436441,103296,9
1791426893398380878,52242877042010,103312,9
1791426893419886118,52242898525071,103336,9
1791426893441042196,52242919731503,103360,9
1791426893462228069,52242940938534,103376,9
1791426893483751053,52242962445650,103392,9
1791426893506515093,52242985207545,103416,9
1791426893533851044,52243012492856,103432,9
1791426893554505733,52243033139925,103456,9
1791426893575452678,52243054099846,103472,9
1791426893596690819,52243075325280,103496,9
1791426893619621063,52243098370840,103512,9
1791426893641254511,52243119938365,103536,9
1791426893662029402,52243140740653,103552,9
1791426893682828740,52243161575748,103576,9
1791426893703771235,52243182488422,103592,9
1791426893725253155,52243203909212,103616,9
1791426893746749719,52243225442102,103640,9
1791426893767142064,52243245810651,103656,9
1791426893788755804,52243267484320,103672,10
1791426893809771852,52243288501324,103696,10
1791426893830648588,52243309310858,103712,10
1791426893851448404,52243330294240,103736,10
1791426893872910557,52243351728190,103752,10
1791426893894012817,52243372805702,103776,10
1791426893914803561,52243393452149,103792,10
1791426893935987472,52243414713921,103816,10
1791426893957404307,52243436122311,103832,10
1791426893978506940,52243457196977,103856,10
1791426893999152752,52243477831588,103872,10
1791426894020764916,52243499410741,103896,10
1791426894042148251,52243520810616,103912,10
1791426894062778292,52243541464510,103936,10
1791426894083801118,52243562437012,103952,10
1791426894105051046,52243583776922,103976,10
1791426894126148573,52243604805200,103992,10
1791426894146863743,52243625532472,104016,10
1791426894168057356,52243646748465,104032,11
1791426894189587105,52243668332753,104056,11
1791426894210156097,52243688854921,104072,11
1791426894230939228,52243709656066,104096,11
1791426894252009180,52243730684736,104112,11
1791426894273896360,52243752632732,104136,11
1791426894294384899,52243773085761,104152,11
1791426894315296514,52243794010919,104176,11
1791426894336681039,52243815321629,104192,10
1791426894358179159,52243836850322,104216,10
1791426894379036769,52243857711021,104232,10
1791426894400123166,52243878773120,104256,11
1791426894421611624,52243900352941,104272,11
1791426894442135317,52243920769996,104296,11
1791426894462936120,52243941617915,104312,11
1791426894484083739,52243962796804,104336,11
1791426894505395425,52243984129690,104352,11
1791426894526161998,52244004809713,104376,11
1791426894546922915,52244025589188,104392,11
1791426894568254015,52244046959169,104416,11
1791426894589898990,52244068596016,104432,11
1791426894611948012,52244090613502,104456,11
1791426894633246975,52244111914562,104472,11
1791426894654352288,52244133007404,104496,11
1791426894675230269,52244153990808,104512,11
1791426894696613465,52244175263960,104536,11
1791426892408471761,52244196626933,104552,11
1791426892429104621,52244217219907,104576,11
1791426892450136644,52244238264762,104592,11
1791426892471390858,52244259465044,104616,11
1791426892492418872,52244280570810,104632,11
1791426892513037853,52244301117890,104656,11
1791426892534059888,52244322149787,104672,11
1791426892557047552,52244345332383,104696,11
1791426892578126417,52244366218832,104712,11
1791426892606069840,52244394174393,104736,11
1791426892631883715,52244420041356,104752,12
1791426892652969037,52244441038888,104776,12
1791426892673846061,52244461926547,104792,12
1791426892695437942,52244483540853,104816,12
1791426892716568395,52244504676802,104832,12
1791426892737225961,52244525314475,104856,12
1791426892758015620,52244546154103,104872,12
1791426892779381849,52244567504604,104896,13
1791426892800456822,52244588580997,104912,13
1791426892821213951,52244609276051,104936,13
1791426892842110680,52244630358731,104952,13
1791426892863554997,52244651719429,104976,13
1791426892884620957,52244672823940,104992,13
1791426892905777729,52244693870817,105016,14
1791426892926820424,52244715048773,105032,14
1791426892947935736,52244736016810,105056,14
1791426892968690884,52244756817015,105072,14
1791426892989404094,52244777591408,105096,14
1791426893010544237,52244798676910,105112,14
1791426893032300566,52244820422866,105136,15
1791426893052855021,52244841001726,105152,15
1791426893073845954,52244861989911,105176,15
1791426893095149308,52244883287885,105192,15
1791426893116473803,52244904600017,105216,15
1791426893137245513,52244925355797,105232,15
1791426893158456701,52244946592370,105256,15
1791426893179748037,52244967816159,105272,15
1791426893200807363,52244988876668,105296,15
1791426893221677665,52245009828701,105312,15
1791426893242850762,52245030948681,105336,15
1791426893264447688,52245052546319,105352,15
1791426893284978727,52245073037664,105376,15
1791426893306066252,52245094175285,105392,15
1791426893327033418,52245115104872,105416,15
1791426893348502685,52245136570429,105432,15
1791426893369171621,52245157241360,105456,15
1791426893390085739,52245178201582,105472,15
1791426893411228901,52245199299750,105496,15
1791426893432517419,52245220695813,105512,15
1791426893453197880,52245241291802,105536,15
1791426893474275261,52245262399197,105552,15
1791426893495333529,52245283486943,105576,15
1791426893516582793,52245304771622,105600,15
1791426893537141734,52245325245065,105616,15
1791426893558129109,52245346336931,105632,15
1791426893579559527,52245367649382,105656,15
1791426893600726326,52245388803085,105672,15
1791426893621507989,52245409603439,105696,15
1791426893642840428,52245431092281,105712,15
1791426893664418659,52245452551622,105736,14
1791426893685020696,52245473136337,105752,14
1791426893705910524,52245494033248,105776,14
1791426893749270090,52245537471339,105792,14
1791426893793886478,52245582043960,105816,14
1791426893820516490,52245608659531,105832,14
1791426893844541123,52245632618135,105856,14
1791426893865043971,52245653099194,105872,14
1791426893885969223,52245674028145,105896,13
1791426893907396046,52245695468647,105912,13
1791426893928724283,52245716778874,105936,13
1791426893949423890,52245737472957,105952,13
1791426893970562004,52245758645189,105976,13
1791426893992172259,52245780250919,105992,13
1791426894012926473,52245801037231,106016,13
1791426894033791835,52245821877118,106032,13
1791426894055064511,52245843174289,106056,12
1791426894076419209,52245864521165,106072,12
1791426894096909389,52245884980685,106096,12
1791426894117724056,52245905816445,106112,12
1791426894138898533,52245927012579,106136,12
1791426894160163232,52245948318648,106152,12
1791426894180832745,52245968968405,106176,12
1791426894201704510,52245989798800,106192,11
1791426894222651680,52246010761621,106216,11
1791426894244358007,52246032439040,106232,11
1791426894265048395,52246053165160,106256,11
1791426894287186396,52246075271561,106272,11
1791426894308595112,52246096688338,106296,11
1791426894330300968,52246118430327,106312,11
1791426894352641343,52246140769543,106336,11
1791426894373383695,52246161490334,106352,10
1791426894394585444,52246182674725,106376,10
1791426894416033387,52246204141527,106392,10
1791426894436969401,52246225057729,106416,10
1791426894457985829,52246246082053,106432,10
1791426894479305892,52246267408778,106456,10
1791426894500465001,52246288593727,106472,10
1791426894521199156,52246309306649,106496,9
1791426894542120053,52246330207724,106512,9
1791426894563519656,52246351615856,106536,9
1791426894584594059,52246372706779,106552,9
1791426894605272497,52246393355955,106576,9
1791426894626253027,52246414326239,106592,8
1791426894647516492,52246435617469,106616,8
1791426894668775651,52246456837073,106632,8
1791426894689815127,52246477881325,106656,8
1791426894710619908,52246498749547,106672,8
1791426894731552049,52246519638731,106696,7
1791426894752683739,52246540779229,106712,7
1791426894773515767,52246561704231,106736,7
1791426894794402386,52246582519487,106752,7
1791426894815915400,52246603982940,106776,7
1791426894836675014,52246624849865,106792,7
1791426894857388148,52246645540830,106816,6
1791426894878489038,52246666655733,106832,6
1791426894900110341,52246688194732,106856,6
1791426894921175244,52246709294577,106872,6
1791426894942069235,52246730138861,106896,6
1791426894963160453,52246751312967,106912,6
1791426894984582243,52246772756695,106936,6
1791426895005009130,52246793122449,106952,6
1791426895025942036,52246814060127,106976,6
1791426895047338432,52246835429836,106992,6
1791426895068352123,52246856452445,107016,5
1791426895088998199,52246877113871,107032,5
1791426895109846510,52246897923438,107056,5
1791426895131135498,52246919225689,107072,5
1791426895152649577,52246940825334,107096,5
1791426895173312459,52246961427811,107112,5
1791426895194461707,52246982561694,107136,5
1791426895215752817,52247003843956,107152,5
1791426895236750879,52247024820677,107176,5
1791426895257517925,52247045594159,107192,4
1791426895278669565,52247066747860,107216,4
1791426895299887562,52247087995049,107232,4
1791426895320746314,52247108845513,107256,4
1791426895341459793,52247129562755,107272,4
1791426895362434018,52247150534239,107296,4
1791426895383623477,52247172051945,107312,4
1791426895404857220,52247192966187,107336,4
1791426895425509934,52247213578938,107352,4
1791426895446582395,52247234655725,107376,4
1791426895467595565,52247255686901,107392,4
1791426895488494034,52247276594090,107416,4
1791426895509121556,52247297283007,107432,4
1791426895529997147,52247318052659,107456,4
1791426895551374138,52247339551089,107472,4
1791426895572367261,52247360432367,107496,4
1791426895593088779,52247381194606,107512,4
1791426895613833295,52247401934199,107536,4
1791426895634965423,52247423060819,107552,4
1791426895656252183,52247444384845,107576,4
1791426895676813520,52247464935733,107592,4
1791426895697650624,52247485734495,107616,4
1791426895718665898,52247506768751,107632,4
1791426895740156106,52247528260601,107656,4
1791426895760891602,52247548985583,107672,4
1791426895781621777,52247569721171,107696,4
1791426895802845122,52247590985855,107712,4
1791426895824218784,52247612349332,107736,4
1791426895844899513,52247632988289,107752,4
1791426895865773284,52247653870130,107776,4
1791426895887128930,52247675212235,107792,4
1791426895908391637,52247696497619,107816,4
1791426895928977352,52247717054878,107832,5
1791426895949919688,52247737996771,107856,5
1791426895971049376,52247759131455,107872,5
1791426895992364470,52247780491028,107896,5
1791426896013058146,52247801117715,107912,5
1791426896034082725,52247822136407,107936,5
1791426896055250061,52247843334199,107952,5
1791426896076549597,52247864628666,107976,5
1791426896097362196,52247885463318,107992,5
1791426896118384338,52247906478395,108016,5
1791426896139925162,52247928050210,108032,5
1791426896160928339,52247949045916,108056,5
1791426896181778672,52247969888297,108072,5
1791426896202931067,52247991052509,108096,5
1791426896224185551,52248012314410,108112,5
1791426896245060700,52248033160322,108136,5
1791426896265870257,52248053990974,108152,5
1791426896286917450,52248075053252,108176,6
1791426896308289003,52248096404394,108192,6
1791426896329097827,52248117226349,108216,6
1791426896349785544,52248137861544,108232,6
1791426896370854748,52248158941688,108256,6
1791426896392434645,52248180517652,108272,6
1791426896413054194,52248201156538,108296,6
1791426896433833195,52248221913918,108312,6
1791426896454997948,52248243111064,108336,6
1791426896476184124,52248264246118,108352,6
1791426896496742505,52248284826971,108376,6
1791426896517509525,52248305625898,108392,6
1791426896538548304,52248326644631,108416,6
1791426896559925246,52248348022352,108432,6
1791426896580720409,52248368807107,108456,6
1791426896601448212,52248389560724,108472,6
1791426896622374234,52248410435727,108496,6
1791426896643873664,52248432012090,108512,6
1791426896664649530,52248452727376,108536,6
1791426896685406563,52248473509346,108552,6
1791426896706404649,52248494461336,108576,6
1791426896727774290,52248515871106,108592,5
1791426896748636806,52248536722921,108616,5
1791426896769436507,52248557503506,108632,5
1791426896790584327,52248578711685,108656,5
1791426896812197867,52248600286357,108672,5
1791426896832903394,52248621021549,108696,5
1791426896853667380,52248641779145,108712,5
1791426896874751912,52248662808058,108736,5
1791426896895784563,52248683850457,108752,5
1791426896916644533,52248704721774,108776,5
1791426896937704374,52248725774200,108792,4
1791426896958955646,52248747016624,108816,4
1791426896980427106,52248768495044,108832,4
1791426897001240002,52248789335465,108856,4
1791426897021884443,52248809948615,108872,4
1791426897043095740,52248831199001,108896,4
1791426897064564653,52248852659814,108912,4
1791426897085319755,52248873410500,108936,3
1791426897106362724,52248894464811,108952,3
1791426897127682178,52248915762630,108976,3
1791426897148710024,52248936769158,108992,3
1791426897169585067,52248957680615,109016,3
1791426897190775689,52248978880419,109032,3
1791426897212236557,52249000337340,109056,3
1791426897233039335,52249021124781,109072,3
1791426897254042643,52249042122412,109096,3
1791426897275433596,52249063508360,109112,3
1791426897296579116,52249084689257,109136,3
1791426897317347554,52249105407883,109152,3
1791426897338423841,52249126547205,109176,3
1791426897359705829,52249147824902,109192,3
1791426897380788809,52249168984158,109216,3
1791426897401570020,52249189663596,109232,3
1791426897424350252,52249212492868,109256,3
1791426897444295422,52249232382678,109272,3
1791426897464818847,52249252891738,109296,3
1791426897490176933,52249278294983,109312,3
1791426897508072098,52249297632133,109336,3
1791426897528861442,52249316935581,109352,3
1791426897549639797,52249337822591,109376,3
1791426897571050199,52249359275103,109392,3
1791426897592246408,52249380352987,109416,3
1791426897612688717,52249400768731,109432,3
1791426897633539991,52249421615798,109456,3
1791426897654403391,52249442471620,109472,3
1791426897675395456,52249463507922,109496,3
1791426897696229238,52249484309061,109512,3
1791426897716918485,52249504987849,109536,3
1791426897737819526,52249525893466,109552,3
1791426897758975315,52249547068286,109576,3
1791426897780165464,52249568243573,109592,3
1791426897801112232,52249589184687,109616,3
1791426897822185427,52249610283022,109632,2
1791426897843420902,52249631500368,109656,2
1791426897864636791,52249652713633,109672,2
1791426897885829136,52249673906493,109696,2
1791426897906739287,52249694898780,109712,2
1791426897928149698,52249716251919,109736,2
1791426897948931345,52249736988799,109752,2
1791426897969929276,52249757993826,109776,2
1791426897991240735,52249779421593,109792,1
1791426898012342867,52249800525930,109816,1
1791426898032826642,52249821055475,109832,1
1791426898054032860,52249842201997,109856,1
1791426898075063499,52249863146336,109872,1
1791426898096156283,52249884243124,109896,1
1791426898116857973,52249904937771,109912,1
1791426898137812245,52249925898744,109936,1
1791426898159079997,52249947196221,109952,1
1791426898180061377,52249968122367,109976,1
1791426898200791944,52249988900119,109992,1
1791426898221486056,52250009560994,110016,1
1791426898242554694,52250030621283,110032,1
1791426898263643307,52250051781118,110056,1
1791426898284418383,52250072499464,110072,1
1791426898305508811,52250093596094,110096,1
1791426898326539176,52250114680906,110112,1
1791426898348522010,52250136662924,110136,1
1791426898369783949,52250157879672,110152,1
1791426898390680675,52250178758644,110176,1
1791426898412240501,52250200588708,110192,1
1791426898432880592,52250221038362,110216,1
1791426898453702019,52250241839879,110232,1
1791426898474894629,52250263044170,110256,1
1791426898496018401,52250284179470,110272,1
1791426898516856931,52250304937372,110296,1
1791426898537728650,52250325795459,110312,1
1791426898559299368,52250347408922,110336,2
1791426898580385497,52250368481951,110352,2
1791426898601143594,52250389305808,110376,2
1791426898622069167,52250410235150,110392,2
1791426898643506161,52250431683834,110416,2
1791426898664604758,52250452670663,110432,2
1791426898685344880,52250473557810,110456,3
1791426898706477678,52250494638142,110472,3
1791426898728227898,52250516348431,110496,3
1791426898748902051,52250536987838,110512,3
1791426898769773901,52250557868870,110536,3
1791426898791035042,52250579148839,110552,4
1791426898812410305,52250600521386,110576,4
1791426898833082866,52250621200606,110592,4
1791426898854068970,52250642177322,110616,4
1791426898875230361,52250663331191,110632,4
1791426898896599112,52250684711647,110656,5
1791426898917408207,52250705511503,110672,5
1791426898938273784,52250726335203,110696,5
1791426898959613754,52250747708838,110712,5
1791426898980564488,52250768716336,110736,5
1791426899001315677,52250789408863,110752,5
1791426899022192865,52250810318888,110776,5
1791426899043363809,52250831422707,110792,6
1791426899065026773,52250853158738,110816,6
1791426899085377717,52250873434678,110832,6
1791426899106481558,52250894569006,110856,6
1791426899127931720,52250916037197,110872,6
1791426899148575594,52250936706769,110896,6
1791426899169408617,52250957583565,110912,6
1791426899190053209,52250978163167,110936,7
1791426899211032249,52250999122431,110952,7
1791426899232392264,52251020523979,110976,7
1791426899252996019,52251041115700,110992,7
1791426899273934203,52251062028397,111016,7
1791426899294955673,52251083068174,111032,7
1791426899316240516,52251104420809,111056,7
1791426899336870242,52251124983882,111072,7
1791426899357851164,52251145960038,111096,7
1791426899379099982,52251167222559,111112,7
1791426899400548306,52251188667385,111136,7
1791426899421276216,52251209373124,111152,7
1791426899442214619,52251230284372,111176,7
1791426899463337520,52251251525648,111192,7
1791426899484608670,52251272717081,111216,7
1791426899505107253,52251293218208,111232,7
1791426899526053431,52251314142552,111256,7
1791426899547454596,52251335731707,111272,7
1791426899568554333,52251356633325,111296,7
1791426899589359658,52251377425631,111312,7
1791426899610358652,52251398422028,111336,7
1791426899631568224,52251419681813,111352,7
1791426899652683257,52251440804496,111376,7
1791426899673414271,52251461523881,111392,7
1791426899694730126,52251482821689,111416,7
1791426899716208953,52251504334041,111432,7
1791426899736882437,52251524985809,111456,7
1791426899757776885,52251545885463,111472,7
1791426899779101541,52251567203921,111496,7
1791426899800585473,52251588726587,111512,7
1791426899821355680,52251609422883,111536,7
1791426899842246356,52251630336985,111552,7
1791426899863630131,52251651714497,111576,7
1791426899884704201,52251672825364,111592,7
1791426899905491870,52251693609824,111616,7
1791426899926656721,52251714722727,111632,7
1791426899948235958,52251736359711,111656,7
1791426899968669119,52251756780610,111672,7
1791426899989528582,52251777625290,111696,7
1791426900010402664,52251798476545,111712,7
1791426900031638511,52251819737604,111736,7
1791426900052663422,52251840760537,111752,7
1791426900073427564,52251861499885,111776,7
1791426900094336736,52251882449848,111792,7
1791426900115441722,52251903538051,111816,7
1791426900136542246,52251924629431,111832,7
1791426900157299711,52251945362158,111856,7
1791426900178257997,52251966324507,111872,7
1791426900199181733,52251987324974,111896,7
1791426900220376748,52252008462896,111912,7
1791426900240944617,52252029023825,111936,7
1791426900261709712,52252049806100,111952,7
1791426900282679596,52252070772507,111976,8
1791426900303689827,52252091778353,111992,8
1791426900324693750,52252112814293,112016,8
1791426900345590043,52252133661979,112032,8
1791426900366500724,52252154566484,112056,8
1791426900387511734,52252175611186,112072,8
1791426900408445866,52252196512649,112096,8
1791426900429120543,52252217208591,112112,8
1791426900449920139,52252238004582,112136,9
1791426900470818275,52252258881589,112152,9
1791426900491709797,52252279808836,112176,9
1791426900512641443,52252300750178,112192,9
1791426900533283740,52252321382663,112216,9
1791426900554161067,52252342250950,112232,10
1791426900575168570,52252363237992,112256,10
1791426900596459098,52252384535190,112272,10
1791426900617128070,52252405226741,112296,10
1791426900638028539,52252426098494,112312,11
1791426900659217826,52252447289861,112336,11
1791426900680477705,52252468589046,112352,11
1791426900701228858,52252489347193,112376,12
1791426900722291575,52252510399262,112392,12
1791426900743786596,52252531866718,112416,12
1791426900764867568,52252552948126,112432,12
1791426900785746095,52252573842674,112456,13
1791426900807019333,52252595095618,112472,13
1791426900828525301,52252616603267,112496,13
1791426900849126595,52252637241933,112512,13
1791426900870157448,52252658244076,112536,14
1791426900891381293,52252679437896,112552,14
1791426900912472535,52252700572917,112576,14
1791426900933135107,52252721195018,112592,14
1791426900953858704,52252742048549,112616,14
1791426900974945654,52252763036013,112632,14
1791426900996219136,52252784288862,112656,15
1791426901016800565,52252804881234,112672,15
1791426901037600430,52252825709855,112696,15
1791426901058780009,52252846893361,112712,15
1791426901080214622,52252868295259,112736,15
1791426901101030963,52252889131131,112752,15
1791426901121963577,52252910043899,112776,15
1791426901143269661,52252931348795,112792,15
1791426901164552782,52252952617863,112816,15
1791426901185259511,52252973392257,112832,15
1791426901206271453,52252994411458,112856,15
1791426901227579618,52253015699470,112872,15
1791426901248708110,52253036798030,112896,15
1791426901269458918,52253057596335,112912,15
1791426901290669209,52253078767494,112936,15
1791426901312177457,52253100260227,112952,16
1791426901333107664,52253121251137,112976,16
1791426901353757230,52253141865176,112992,16
1791426901374788704,52253162907625,113016,16
1791426901396241433,52253184371799,113032,16
1791426901417155181,52253205217224,113056,16
1791426901438042945,52253226145114,113072,16
1791426901459305110,52253247402316,113096,16
1791426901480903026,52253269022053,113112,16
1791426901501485893,52253289554627,113136,16
1791426901522672661,52253310821349,113152,16
1791426901544131215,52253332299901,113176,16
1791426901566129602,52253354242809,113192,16
1791426901588979194,52253377042570,113216,15
1791426901609855362,52253397928096,113232,15
1791426901630875528,52253418943092,113256,15
1791426901652221104,52253440332896,113272,15
1791426901672984905,52253461129137,113296,15
1791426901693854591,52253482011963,113312,15
1791426901715041090,52253503121369,113336,15
1791426901736375277,52253524475690,113352,15
1791426901757020274,52253545092307,113376,15
1791426901777940600,52253566048473,113392,14
1791426901799185591,52253587258701,113416,14
1791426901820440329,52253608500967,113432,14
1791426901841093438,52253629179069,113456,14
1791426901862673826,52253650784452,113472,14
1791426901884154372,52253672231456,113496,14
1791426901905047799,52253693156633,113512,14
1791426901926963567,52253715088145,113536,14
1791426901949372779,52253737453756,113560,14
1791426901969137819,52253757213412,113576,14
1791426901990014802,52253778232092,113592,13
1791426902012421770,52253800549149,113616,13
1791426902033095457,52253821253275,113632,13
1791426902054221494,52253842326881,113656,13
1791426902075147268,52253863222961,113672,13
1791426902096490875,52253884593836,113696,13
1791426902117222536,52253905369662,113712,12
1791426902138895286,52253926991631,113736,12
1791426902159803068,52253947892671,113752,12
1791426902180940099,52253969128161,113776,12
1791426902201828617,52253989957222,113792,12
1791426902222959677,52254011121761,113816,12
1791426902244572270,52254032715860,113832,11
1791426902265359909,52254053440367,113856,11
1791426902286437112,52254074543654,113872,11
1791426902308320342,52254096432426,113896,11
1791426902329018666,52254117114091,113912,11
1791426902350012047,52254138121490,113936,10
1791426902371515695,52254159647569,113952,10
1791426902392771573,52254180877816,113976,10
1791426902413509230,52254201605286,113992,10
1791426902434712678,52254222807387,114016,10
1791426902456372796,52254244453851,114032,10
1791426902476880526,52254264934678,114056,10
1791426902497804846,52254285862945,114072,10
1791426902519237477,52254307479563,114096,10
1791426902540607412,52254328753756,114112,9
1791426902561312603,52254349396714,114136,9
1791426902582426386,52254370525789,114152,9
1791426902603689107,52254391784728,114176,9
1791426902624754663,52254412836520,114192,9
1791426902645620404,52254433738251,114216,9
1791426902666741655,52254454850168,114232,9
1791426902688461147,52254476540996,114256,9
1791426902709157890,52254497280364,114272,9
1791426902730167589,52254518249905,114296,9
1791426902751479725,52254539558243,114312,9
1791426902772617719,52254560730262,114336,9
1791426902793436702,52254581565614,114352,9
1791426902814537882,52254602650350,114376,9
1791426902836163750,52254624258181,114392,9
1791426902857053359,52254645183439,114416,9
1791426902877900033,52254665973959,114432,8
1791426902899218500,52254687324907,114456,8
1791426902920522190,52254708582257,114472,8
1791426902941315288,52254729432717,114496,8
1791426902962311872,52254750399880,114512,8
1791426902983744077,52254771845912,114536,8
1791426903004904127,52254793031446,114552,8
1791426903025767002,52254813943365,114576,8
1791426903046774585,52254834908043,114592,8
1791426903068194125,52254856271527,114616,8
1791426903089059520,52254877151195,114632,8
1791426903110028413,52254898128432,114656,8
1791426903131278136,52254919338116,114672,8
1791426903152608615,52254940705881,114696,8
1791426903173374547,52254961471141,114712,8
1791426903194463557,52254982542200,114736,8
1791426903215900712,52255003985010,114752,8
1791426903236641359,52255024722466,114776,8
1791426903257429505,52255045517616,114792,8
1791426903278602485,52255066707010,114816,8
1791426903299974848,52255088115452,114832,8
1791426903320710727,52255108779687,114856,8
1791426903341543711,52255129630080,114872,8
1791426903362698422,52255150768934,114896,8
1791426903384018314,52255172098939,114912,8
1791426903404941974,52255193101558,114936,8
1791426903425843806,52255213926526,114952,8
1791426903447004599,52255235079311,114976,8
1791426903468330008,52255256422516,114992,8
1791426903489020712,52255277140731,115016,8
1791426903509834790,52255297951797,115032,8
1791426903531080380,52255319219191,115056,8
1791426903552450641,52255340549385,115072,8
1791426903573197076,52255361294743,115096,8
1791426903594213598,52255382342387,115112,8
1791426903615520470,52255403610683,115136,8
1791426903636582075,52255424698323,115152,8
1791426903657241121,52255445369106,115176,8
1791426903678132859,52255466330132,115192,8
1791426903699489088,52255487569395,115216,8
1791426903720628858,52255508699173,115232,8
1791426903741392051,52255529465970,115256,8
1791426903762419247,52255550477997,115272,8
1791426903783977070,52255572048055,115296,9
1791426903804863123,52255592942413,115312,9
1791426903825726003,52255613804888,115336,9
1791426903847137790,52255635199145,115352,9
1791426903868600066,52255656670044,115376,9
1791426903889315496,52255677393271,115392,9
1791426903910364233,52255698537730,115416,9
1791426903932011804,52255720120537,115432,9
1791426903952920612,52255741050428,115456,9
1791426903973952646,52255762048523,115472,9
1791426903995126890,52255783215854,115496,9
1791426904016460005,52255804567798,115512,9
1791426904037270201,52255825368828,115536,9
1791426904058225456,52255846348886,115552,9
1791426904079724082,52255867798497,115576,9
1791426904100727301,52255888816812,115592,9
1791426904121474196,52255909573469,115616,8
1791426904142454166,52255930538603,115632,8
1791426904163987462,52255952053805,115656,8
1791426904184883793,52255972967804,115672,8
1791426904205685961,52255993778465,115696,8
1791426904226852985,52256015032436,115712,8
1791426904248276547,52256036348409,115736,9
1791426904269009408,52256057082187,115752,9
1791426904289914391,52256077998399,115776,9
1791426904311115168,52256099266350,115792,9
1791426904332401012,52256120475566,115816,9
1791426904353105113,52256141181433,115832,9
1791426904374011404,52256162097766,115856,9
1791426904395448203,52256183521199,115872,9
1791426904416728269,52256204813362,115896,9
1791426904437627707,52256225741412,115912,9
1791426904458596462,52256246742002,115936,9
1791426904479955212,52256268032855,115952,9
1791426904500818225,52256288893593,115976,9
1791426904521664016,52256309776182,115992,9
1791426904542861905,52256330936969,116016,9
1791426904564441250,52256352543586,116032,9
1791426904584976620,52256373063778,116056,9
1791426904605817762,52256393906672,116072,9
1791426904627054142,52256415144102,116096,9
1791426904648459349,52256436759073,116112,9
1791426904669336998,52256457410369,116136,9
1791426904690294195,52256478375528,116152,9
1791426904711679560,52256499780427,116176,9
1791426904732701198,52256520790392,116192,9
1791426904753501100,52256541562021,116216,9
1791426904774566374,52256562695957,116232,9
1791426904795408588,52256583481848,116256,9
1791426904816583292,52256604664944,116272,9
1791426904837427989,52256625493302,116296,9
1791426904858403590,52256646512490,116312,9
1791426904879878718,52256667995585,116336,9
1791426904900625597,52256688728435,116352,9
1791426904921437513,52256709515391,116376,9
1791426904942478053,52256730558319,116392,9
1791426904963946005,52256752047118,116416,9
1791426904984899578,52256773191309,116432,10
1791426905005580342,52256793669374,116456,10
1791426905027561523,52256815669313,116472,10
1791426905048857734,52256837002548,116496,10
1791426905069692730,52256857809302,116512,10
1791426905090942174,52256879055100,116536,10
1791426905112432863,52256900510154,116552,10
1791426905132973579,52256921044455,116576,10
1791426905153786192,52256941858655,116592,10
1791426905174823563,52256962891350,116616,10
1791426905196180224,52256984254976,116632,10
1791426905216990013,52257005085269,116656,11
1791426905237889640,52257026027074,116672,11
1791426905259186477,52257047315793,116696,11
1791426905280327900,52257068442657,116712,11
1791426905300980199,52257089042807,116736,11
1791426905321984664,52257110192392,116752,11
1791426905343161253,52257131311951,116776,11
1791426905364459325,52257152556545,116792,11
1791426905385233371,52257173311700,116816,11
1791426905406533595,52257194833767,116832,11
1791426905427565154,52257215641387,116856,11
1791426905448724059,52257236865463,116872,11
1791426905469619959,52257257728538,116896,11
1791426905491601620,52257279662519,116912,11
1791426905512907497,52257300983882,116936,11
1791426905533779368,52257322030982,116952,11
1791426905555046496,52257343200493,116976,11
1791426905576397140,52257364518145,116992,11
1791426905597056812,52257385151955,117016,11
1791426905617789666,52257405860608,117032,11
1791426905639089218,52257427188671,117056,11
1791426905660108442,52257448205483,117072,11
1791426905681094975,52257469372389,117096,11
1791426905702370225,52257490466447,117112,11
1791426905723565912,52257511672804,117136,11
1791426905744725959,52257532946725,117152,11
1791426905765769643,52257553888062,117176,11
1791426905786935056,52257575072073,117192,11
1791426905808513101,52257596660018,117216,11
1791426905829358324,52257617479698,117232,11
1791426905850416373,52257638523109,117256,11
1791426905872028456,52257660147098,117272,11
1791426905893002451,52257681114476,117296,11
1791426905913965541,52257702064695,117312,11
1791426905935189097,52257723297464,117336,11
1791426905956617614,52257744711833,117352,11
1791426905977373143,52257765471580,117376,11
1791426905998435704,52257786518014,117392,11
1791426906020018766,52257808099246,117416,11
1791426906040878703,52257828999994,117432,11
1791426906061863786,52257849989834,117456,11
1791426906082980927,52257871106483,117472,11
1791426906104355835,52257892431674,117496,11
1791426906125028752,52257913118526,117512,11
1791426906145985814,52257934105014,117536,10
1791426906167259350,52257955411155,117552,10
1791426906188570319,52257976638045,117576,10
1791426906209310769,52257997418562,117592,10
1791426906230390784,52258018506251,117616,10
1791426906251956700,52258040048837,117632,10
1791426906272847850,52258060925368,117656,10
1791426906293728089,52258081860260,117672,10
1791426906314922135,52258102990984,117696,10
1791426906336472352,52258124550528,117712,10
1791426906357250283,52258145371430,117736,10
1791426906378366187,52258166447630,117752,10
1791426906399748399,52258187827607,117776,10
1791426906420709182,52258208800150,117792,10
1791426906441559102,52258229653097,117816,10
1791426906462665044,52258250760181,117832,10
1791426906484203843,52258272340328,117856,10
1791426906504997071,52258293074669,117872,10
1791426906526070229,52258314225868,117896,10
1791426906547367651,52258335527557,117912,10
1791426906568816765,52258356931976,117936,10
1791426906589630806,52258377741225,117952,10
1791426906610887457,52258398984604,117976,9
1791426906632482556,52258420618545,117992,9
1791426906653157383,52258441262829,118016,9
1791426906674183872,52258462299430,118032,9
1791426906695719594,52258483804657,118056,9
1791426906716836640,52258504906334,118072,9
1791426906737756045,52258525862205,118096,9
1791426906759022250,52258547136227,118112,9
1791426906780531498,52258568607245,118136,9
1791426906801248359,52258589331451,118152,8
1791426906822300354,52258610406787,118176,8
1791426906843896501,52258631983475,118192,8
1791426906864818135,52258652898531,118216,8
1791426906885739933,52258673824111,118232,8
1791426906907054625,52258695177921,118256,7
1791426906928494730,52258716614886,118272,7
1791426906949128618,52258737197379,118296,7
1791426906970167379,52258758239592,118312,7
1791426906991586826,52258779689116,118336,7
1791426907012700391,52258800767003,118352,7
1791426907033472766,52258821555243,118376,7
1791426907054718434,52258842830326,118392,6
1791426907076396423,52258864473830,118416,6
1791426907096912306,52258884985236,118432,6
1791426907117815460,52258905906522,118456,6
1791426907139275671,52258927432524,118472,6
1791426907160577466,52258948650201,118496,6
1791426907181258320,52258969352209,118512,6
1791426907202354622,52258990446763,118536,6
1791426907223944395,52259012038996,118552,6
1791426907244698537,52259032780851,118576,5
1791426907265531461,52259053643030,118592,5
1791426907286587522,52259074666454,118616,5
1791426907307990937,52259096092049,118632,5
1791426907328755719,52259116870034,118656,5
1791426907349572947,52259137651417,118672,5
1791426907370793538,52259158898233,118696,5
1791426907392485457,52259180592033,118712,5
1791426907413174435,52259201242006,118736,4
1791426907434095205,52259222173684,118752,4
1791426907455458370,52259243554155,118776,4
1791426907476578932,52259264669714,118792,4
1791426907497221337,52259285290501,118816,4
1791426907518111567,52259306196059,118832,4
1791426907539397237,52259327475223,118856,4
1791426907560609685,52259348706848,118872,4
1791426907581295062,52259369396075,118896,4
1791426907602366024,52259390458180,118912,4
1791426907623871990,52259411973532,118936,4
1791426907644712067,52259432784359,118952,4
1791426907665543131,52259453631280,118976,4
1791426907686626116,52259474768554,118992,4
1791426907708565451,52259496746576,119016,4
1791426907729238067,52259517294763,119032,4
1791426907750439652,52259538533527,119056,4
1791426907772442214,52259560550363,119072,4
1791426907793052834,52259581109497,119096,3
1791426907813961140,52259602062219,119112,3
1791426907835033235,52259623095042,119136,3
1791426907856708342,52259644777594,119152,3
1791426907877560895,52259665636777,119176,3
1791426907898676612,52259686780750,119192,3
1791426907920396308,52259708501370,119216,3
1791426907941114838,52259729242624,119232,3
1791426907962201080,52259750288028,119256,3
1791426907983519189,52259771604764,119272,3
1791426908004660152,52259792731711,119296,3
1791426908025456518,52259813563138,119312,3
1791426908046759754,52259834863025,119336,3
1791426908068504280,52259856608936,119352,3
1791426908089173397,52259877252093,119376,3
1791426908110302540,52259898392324,119392,3
1791426908131881458,52259919960308,119416,3
1791426908152952551,52259941087940,119432,3
1791426908174031568,52259962234156,119456,3
1791426908195447832,52259983585409,119472,3
1791426908216738564,52260004876087,119496,3
1791426908237461246,52260025570332,119512,3
1791426908258732781,52260046855366,119536,3
1791426908280433637,52260068750185,119552,3
1791426908301092255,52260089173671,119576,3
1791426908322154261,52260110266314,119592,3
1791426908343754062,52260131896639,119616,3
1791426908364787961,52260152910867,119632,3
1791426908385528564,52260173631363,119656,3
1791426908406789757,52260194889659,119672,3
1791426908428588197,52260216686689,119696,3
1791426908449289150,52260237365158,119712,3
1791426908471776965,52260259911304,119736,3
1791426908491974410,52260280035802,119752,3
1791426908512892241,52260301052061,119776,4
1791426908533826384,52260321938241,119792,4
1791426908555120203,52260343655349,119816,4
1791426908576868017,52260364946725,119832,4
1791426908597754036,52260385911163,119856,4
1791426908619887471,52260407974051,119880,4
1791426908640428046,52260428535976,119896,4
1791426908679629654,52260467987100,119912,4
1791426908703095001,52260491225839,119936,4
1791426908724671387,52260512917226,119952,4
1791426908746112691,52260534190191,119976,4
1791426908767690020,52260555861698,119992,4
1791426908789119818,52260577248043,120016,5
1791426908809974848,52260598078585,120032,5
1791426908831550008,52260619690983,120056,5
1791426908852749121,52260640823082,120072,5
1791426908873562368,52260661790561,120096,5
1791426908894728042,52260682858737,120112,5
1791426908916571413,52260704667701,120136,5
1791426908937219682,52260725323849,120152,5
1791426908958304938,52260746432171,120176,6
1791426908980080889,52260768469032,120192,6
1791426909001267685,52260789474164,120216,6
1791426909022427716,52260810656151,120232,6
1791426909044082254,52260832388943,120256,6
1791426909065186115,52260853371266,120272,6
1791426909086615527,52260874888070,120296,7
1791426909109127971,52260897213960,120320,7
1791426909129780550,52260917993896,120336,7
1791426909150890595,52260939017988,120352,7
1791426909172537903,52260960765144,120376,7
1791426909193313536,52260981494724,120392,7
1791426909214432476,52261002581132,120416,7
1791426909235962475,52261024193798,120432,7
1791426909257077062,52261045270056,120456,8
1791426909278312954,52261066387392,120472,8
1791426909299509579,52261087598564,120496,8
1791426909322359713,52261110442535,120512,8
1791426909343966456,52261132154232,120536,8
1791426909365057592,52261153155263,120552,8
1791426909386090946,52261174194979,120576,8
1791426909407696829,52261195861015,120592,8
1791426909428773931,52261216860201,120616,8
1791426909449844076,52261238010401,120632,8
1791426909471434491,52261259564882,120656,8
1791426909492741435,52261280845757,120672,8
1791426909513691024,52261301803459,120696,8
1791426909535126711,52261323282816,120712,8
1791426909556521512,52261344581567,120736,8
1791426909577205738,52261365278952,120752,8
1791426909598300683,52261386376440,120776,8
1791426909620070279,52261408232321,120792,8
1791426909640928986,52261429047711,120816,8
1791426909661896489,52261449968446,120832,7
1791426909683467540,52261471563260,120856,7
1791426909705000594,52261493134991,120872,7
1791426909725998260,52261514089436,120896,7
1791426909747584991,52261535712493,120912,7
1791426909768607910,52261556725912,120936,7
1791426909789403963,52261577516649,120952,7
1791426909810743762,52261598823519,120976,7
1791426909832445655,52261620539334,120992,7
1791426909853055393,52261641150478,121016,6
1791426909874180196,52261662303290,121032,6
1791426909895770033,52261683839283,121056,6
1791426909916781731,52261704864453,121072,6
1791426909937792585,52261725868652,121096,6
1791426909959114633,52261747269574,121112,6
1791426909980680204,52261768770903,121136,5
1791426910001509104,52261789579392,121152,5
1791426910022997775,52261811091180,121176,5
1791426910044679139,52261832780695,121192,5
1791426910065451385,52261853554787,121216,5
1791426910086721272,52261874809694,121232,4
1791426910108575214,52261896749953,121256,4
1791426910129284652,52261917366752,121272,4
1791426910150528115,52261938624032,121296,4
1791426910172532997,52261960610182,121312,4
1791426910193089525,52261981192497,121336,3
1791426910214266530,52262002450347,121352,3
1791426910235614306,52262023707831,121376,3
1791426910257186074,52262045370839,121392,3
1791426910278409983,52262066546950,121416,3
1791426910300224802,52262088331838,121432,3
1791426910321077522,52262109156418,121456,2
1791426910342076879,52262130180839,121472,2
1791426910363391689,52262151516081,121496,2
1791426910384817153,52262172915597,121512,2
1791426910405840436,52262194038715,121536,2
1791426910427087474,52262215195601,121552,2
1791426910448636354,52262236809071,121576,1
1791426910469507048,52262257649746,121592,1
1791426910490865749,52262278991946,121616,1
1791426910512521020,52262300668845,121632,1
1791426910533360570,52262321560378,121656,1
1791426910554690254,52262342778226,121672,1
1791426910576324551,52262364498985,121696,0
1791426910597224524,52262385313334,121712,0
1791426910618264546,52262406365293,121736,0
1791426910639748638,52262427847907,121752,0
1791426910660793411,52262448921720,121776,0
1791426910681744836,52262469862059,121792,0
1791426910703205551,52262491359489,121816,0
1791426910724542444,52262512634910,121832,0
1791426910745377330,52262533471986,121856,0
1791426910766512710,52262554652482,121872,0
1791426910788140303,52262576265494,121896,0
1791426910808896684,52262597137551,121912,0
1791426910829881912,52262617943382,121936,0
1791426910851146723,52262639214013,121952,0
1791426910872659940,52262660731366,121976,0
1791426910893390232,52262681504013,121992,0
1791426910914508158,52262702583359,122016,0
1791426910936480160,52262724569144,122032,0
1791426910957033694,52262745144988,122056,0
1791426910978088460,52262766152774,122072,0
1791426910999576299,52262787649959,122096,0
1791426911020807758,52262808911697,122112,0
1791426911041745705,52262829854279,122136,0
1791426911063187256,52262851272299,122152,0
1791426911084645990,52262872778273,122176,0
1791426911105426159,52262893504699,122192,0
1791426911126693088,52262914803778,122216,0
1791426911148356809,52262936443174,122232,0
1791426911169964717,52262958081438,122256,0
1791426911191462324,52262979575791,122272,0
1791426911212709771,52263000806130,122296,1
1791426911233574823,52263021667564,122312,1
1791426911254993370,52263043173889,122336,1
1791426911276682280,52263064745646,122352,1
1791426911297513797,52263085580258,122376,1
1791426911318815289,52263106908399,122392,1
1791426911340566027,52263128646118,122416,1
1791426911361438998,52263149607692,122432,2
1791426911382590229,52263170660646,122456,2
1791426911404380186,52263192491173,122472,2
1791426911425068546,52263213155308,122496,2
1791426911445935343,52263234029412,122512,2
1791426911467204513,52263255309105,122536,2
1791426911488680480,52263276753128,122552,2
1791426911509483254,52263297595225,122576,2
1791426911530638533,52263318730057,122592,3
1791426911552242807,52263340467051,122616,3
1791426911573110394,52263361215162,122632,3
1791426911594324388,52263382474639,122656,3
1791426911616169863,52263404244140,122672,3
1791426911637031365,52263425089428,122696,3
1791426911658098591,52263446160908,122712,4
1791426911679761402,52263467825122,122736,4
1791426911700907019,52263488974670,122752,4
1791426911721754490,52263509845603,122776,4
1791426911743278969,52263531385735,122792,4
1791426911764766725,52263552857165,122816,5
1791426911785640459,52263573729445,122832,5
1791426911807058881,52263595165012,122856,5
1791426911828745779,52263616826890,122872,5
1791426911849486856,52263637749711,122896,5
1791426911870506494,52263658602535,122912,5
1791426911893787756,52263681893850,122936,5
1791426911912992875,52263701130003,122952,5
1791426911933996889,52263722142750,122976,6
1791426911955617394,52263743683515,122992,6
1791426911976883309,52263764976355,123016,6
1791426911997886461,52263785977636,123032,6
1791426912019358155,52263807408474,123056,6
1791426912040753942,52263828829780,123072,6
1791426912061672854,52263849771497,123096,6
1791426912083120878,52263871259708,123112,6
1791426912104667863,52263892884333,123136,6
1791426912125444437,52263913505515,123152,6
1791426912146543745,52263934620727,123176,6
1791426912168018625,52263956105409,123192,6
1791426912189227347,52263977310653,123216,6
1791426912209840196,52263997947832,123232,6
1791426912231690848,52264019764172,123256,6
1791426912252949201,52264041055694,123272,6
1791426912273934269,52264062055580,123296,6
1791426912295243865,52264083310246,123312,6
1791426912321116769,52264109151569,123344,6
1791426912337656849,52264125731834,123352,6
1791426912358860656,52264146934578,123376,6
1791426912380477500,52264168587369,123392,6
1791426912401060016,52264189119494,123416,6
1791426912422087719,52264210234605,123432,6
1791426912443490465,52264231602618,123456,6
1791426912464625876,52264252766702,123472,6
1791426912485491273,52264273612663,123496,6
1791426912506700941,52264294792986,123512,6
1791426912528500469,52264316594976,123536,6
1791426912549242092,52264337423880,123552,6
1791426912570445151,52264358583812,123576,6
1791426912591955342,52264380099858,123592,6
1791426912612826713,52264401594970,123616,6
1791426912634151834,52264422260555,123632,6
1791426912655454103,52264443535255,123656,5
1791426912676616827,52264464734662,123672,5
1791426912697432977,52264485767982,123696,5
1791426912718536185,52264506608750,123712,5
1791426912740083169,52264528183939,123736,5
1791426912761117705,52264549213414,123752,5
1791426912782095410,52264570193335,123776,5
1791426912803610500,52264591814196,123792,5
1791426912824761323,52264612989419,123816,5
1791426912845663427,52264633840619,123832,5
1791426912867045035,52264655262028,123856,5
1791426912888676683,52264676764905,123872,5
1791426912909550590,52264697675095,123896,5
1791426912931077338,52264719215351,123912,5
1791426912952597824,52264740676329,123936,5
1791426912973388498,52264761531496,123952,5
1791426912994897708,52264783015679,123976,5
1791426913016249463,52264804374411,123992,5
1791426913040796203,52264828926257,124016,5
1791426913061686982,52264849794605,124032,5
1791426913083105870,52264871291022,124056,6
1791426913105194201,52264893370250,124072,6
1791426913126192199,52264914282483,124096,6
1791426913147718518,52264935814313,124112,6
1791426913168921176,52264956980831,124136,6
1791426913189981194,52264978070653,124152,6
1791426913211182343,52264999298029,124176,6
1791426913232644346,52265020782579,124192,6
1791426913253506450,52265041634977,124216,6
1791426913274940332,52265063055494,124232,6
1791426913296422270,52265084535174,124256,6
1791426913317068476,52265105192891,124272,6
1791426913338136106,52265126248408,124296,6
1791426913359761261,52265147850556,124312,7
1791426913380994611,52265169095460,124336,7
1791426913401926378,52265190036852,124352,7
1791426913423204548,52265211354380,124376,7
1791426913444941827,52265233087742,124392,7
1791426913465841985,52265253959664,124416,7
1791426913487448728,52265275587053,124432,8
1791426913508493453,52265296668525,124456,8
1791426913529267758,52265317350595,124472,8
1791426913550458944,52265338555313,124496,8
1791426913572383391,52265360474406,124512,8
1791426913593132723,52265381281986,124536,8
1791426913614195419,52265402272937,124552,9
1791426913635920987,52265424021751,124576,9
1791426913656933229,52265445011813,124592,9
1791426913678040952,52265466163588,124616,9
1791426913699634536,52265487889864,124632,9
1791426913720790682,52265508911840,124656,9
1791426913741704318,52265529830500,124672,9
1791426913763265049,52265551398611,124696,9
1791426913784510289,52265572652187,124712,9
1791426913805326169,52265593458005,124736,9
1791426913826567508,52265614697702,124752,10
1791426913848240977,52265636427012,124776,10
1791426913869179656,52265657282040,124792,10
1791426913890198411,52265678307558,124816,10
1791426913911744088,52265699847267,124832,10
1791426913932661488,52265720761142,124856,10
1791426913953679277,52265741779798,124872,10
1791426913974913941,52265762995015,124896,10
1791426913996517626,52265784603459,124912,10
1791426914017452557,52265805544130,124936,10
1791426914038514915,52265826597097,124952,10
1791426914060182647,52265848331506,124976,10
1791426914080952605,52265869088741,124992,10
1791426914101839948,52265889950927,125016,11
1791426914123163651,52265911291966,125032,11
1791426914144612377,52265932697149,125056,11
1791426914165458715,52265953542487,125072,11
1791426914186717475,52265974813927,125096,11
1791426914208301165,52265996427298,125112,11
1791426914229151632,52266017230623,125136,11
1791426914250365632,52266038514788,125152,11
1791426914271643914,52266059747121,125176,11
1791426914292768864,52266080895913,125192,11
1791426914313594708,52266101731186,125216,11
1791426914334889737,52266123002401,125232,11
1791426914356422811,52266144492891,125256,11
1791426914377188322,52266165309875,125272,11
1791426914398435052,52266186534249,125296,11
1791426914420068061,52266208151199,125312,11
1791426914441025670,52266229086122,125336,11
1791426914461938556,52266250041860,125352,11
1791426914483450295,52266271539102,125376,10
1791426914504750789,52266292870321,125392,10
1791426914525558740,52266313632963,125416,10
1791426914546882552,52266334948165,125432,10
1791426914568503167,52266356602162,125456,10
1791426914589254344,52266377395999,125472,10
1791426914610337426,52266398406348,125496,10
1791426914632176306,52266420245437,125512,10
1791426914652897720,52266440964067,125536,10
1791426914673888552,52266461996158,125552,10
1791426914695483741,52266483598291,125576,9
1791426914716578155,52266504699084,125592,9
1791426914737364307,52266525462530,125616,9
1791426914758504130,52266546583786,125632,9
1791426914780191200,52266568258691,125656,9
1791426914800950466,52266589053793,125672,9
1791426914821907601,52266610006787,125696,9
1791426914843220655,52266631325342,125712,9
1791426914864589488,52266652694460,125736,9
1791426914885374807,52266673473978,125752,9
1791426914906550540,52266694647484,125776,9
1791426914928473731,52266716632443,125792,9
1791426914949217399,52266737308316,125816,9
1791426914970347365,52266758574492,125832,9
1791426914992035524,52266780178741,125856,9
1791426915012988164,52266801109105,125872,9
1791426915033993374,52266822111537,125896,9
1791426915055471780,52266843567651,125912,9
1791426915076692065,52266864860002,125936,9
1791426915097515469,52266885605704,125952,9
1791426915118895529,52266907036564,125976,9
1791426915140409099,52266928493609,125992,9
1791426915161112912,52266949193543,126016,9
1791426915182038106,52266970108503,126032,9
1791426915203542564,52266991611040,126056,9
1791426915224740058,52267012805404,126072,9
1791426915245613832,52267033698447,126096,10
1791426915267146405,52267055231454,126112,10
1791426915288618181,52267076680878,126136,10
1791426915309447871,52267097550660,126152,10
1791426915330542463,52267118669426,126176,10
1791426915352257098,52267140322893,126192,10
1791426915373334826,52267161476214,126216,10
1791426915394496898,52267182572246,126232,10
1791426915416288392,52267204395036,126256,10
1791426915437006284,52267225077350,126272,11
1791426915457999470,52267246064267,126296,11
1791426915479686623,52267267756989,126312,11
1791426915500890743,52267288978622,126336,11
1791426915521927024,52267310027963,126352,11
1791426915543491361,52267331625779,126376,11
1791426915564712530,52267352798084,126392,11
1791426915585581950,52267373684989,126416,11
1791426915606936702,52267395066199,126432,11
1791426915628623314,52267416729805,126456,11
1791426915649303463,52267437425322,126472,10
1791426915670403015,52267458494380,126496,10
1791426915691652553,52267479759073,126512,10
1791426915714293490,52267502414737,126536,10
1791426915735428229,52267523545634,126552,10
1791426915756758452,52267544848050,126576,10
1791426915777563070,52267565675502,126592,10
1791426915798533594,52267586742108,126616,10
1791426915819656411,52267607925872,126632,10
1791426915840782063,52267629082083,126656,9
1791426915861589043,52267649693798,126672,9
1791426915882798752,52267670972403,126696,9
1791426915904246146,52267692501387,126712,9
1791426915925195010,52267713299864,126736,9
1791426915946241574,52267734341020,126752,9
1791426915967299770,52267755404047,126776,9
1791426915988580974,52267776668433,126792,8
1791426916009282487,52267797454293,126816,8
1791426916030426974,52267818581965,126832,8
1791426916051926056,52267840008491,126856,8
1791426916072787214,52267860853918,126872,8
1791426916093614725,52267881685095,126896,8
1791426916114630017,52267902793037,126912,8
1791426916136133039,52267924266927,126936,8
1791426916156984575,52267945179794,126952,8
1791426916178952314,52267967139851,126976,8
1791426916200426740,52267988526500,126992,7
1791426916221247538,52268009356646,127016,7
1791426916244226408,52268032395552,127032,7
1791426916265650044,52268053784182,127056,7
1791426916286361609,52268074507854,127072,7
1791426916307831215,52268095978215,127096,7
1791426916328764220,52268116886879,127112,7
1791426916349678338,52268137762073,127136,7
1791426916371020063,52268159122550,127152,7
1791426916392563108,52268180899634,127176,6
1791426916413235557,52268201456680,127192,6
1791426916434441385,52268222636364,127216,6
1791426916455592293,52268243723862,127232,6
1791426916476532181,52268264692038,127256,6
1791426916497514271,52268285859131,127272,6
1791426916518480694,52268306614499,127296,6
1791426916540498613,52268328579800,127312,6
1791426916561157916,52268349268804,127336,6
1791426916582072560,52268370198931,127352,5
1791426916603254547,52268391377676,127376,5
1791426916624584686,52268412675271,127392,5
1791426916645366416,52268433493398,127416,5
1791426916666498334,52268454601576,127432,5
1791426916688034093,52268476124417,127456,5
1791426916708931394,52268497005961,127472,5
1791426916729933435,52268518012181,127496,5
1791426916751360938,52268539443279,127512,5
1791426916772676349,52268560776538,127536,5
1791426916793515623,52268581640529,127552,5
1791426916814705111,52268602813762,127576,5
1791426916836257858,52268624391132,127592,5
1791426916856952577,52268645067635,127616,5
1791426916877804818,52268665910714,127632,4
1791426916899254923,52268687351186,127656,4
1791426916920573928,52268708678865,127672,4
1791426916941436994,52268729553608,127696,4
1791426916962521673,52268750638598,127712,4
1791426916984111115,52268772232858,127736,4
1791426917004824303,52268792912964,127752,4
1791426917025641856,52268813790999,127776,4
1791426917047000566,52268835102573,127792,4
1791426917068494104,52268856653383,127816,3
1791426917089184012,52268877299268,127832,3
1791426917110011469,52268898128101,127856,3
1791426917131356824,52268919475222,127872,3
1791426917152379375,52268940452113,127896,3
1791426917172932829,52268961004969,127912,3
1791426917193943076,52268982031344,127936,2
1791426917215222529,52269003307665,127952,2
1791426917236482548,52269024611990,127976,2
1791426917257244924,52269045314097,127992,2
1791426917278461564,52269066544488,128016,2
1791426917300198533,52269088342859,128032,2
1791426917321106264,52269109250294,128056,2
1791426917342057014,52269130123873,128072,2
1791426917363593224,52269151695295,128096,2
1791426917384683285,52269172959140,128112,1
1791426917405377865,52269193440142,128136,1
1791426917426608735,52269214714998,128152,1
1791426917448511868,52269236605756,128176,1
1791426917469008201,52269257091665,128192,1
1791426917490003795,52269278079256,128216,1
1791426917511484432,52269299560271,128232,1
1791426917532730429,52269320817763,128256,1
1791426917553612584,52269341685922,128272,1
1791426917574851025,52269362948672,128296,0
1791426917596478901,52269384556243,128312,0
1791426917617189931,52269405316422,128336,0
1791426917638263386,52269426345829,128352,0
1791426917659855259,52269447979109,128376,0
1791426917680819915,52269468892091,128392,0
1791426917701765150,52269489916405,128416,0
1791426917723118241,52269511273404,128432,0
1791426917744379769,52269532464496,128456,0
1791426917764988847,52269553076959,128472,0
1791426917785706329,52269574519859,128496,0
1791426917806560747,52269594651206,128512,0
1791426917827684396,52269615779489,128536,0
1791426917848453085,52269636528203,128552,0
1791426917869145587,52269657230769,128576,0
1791426917890133695,52269678204153,128592,0
1791426917911324316,52269699381380,128616,0
1791426917932449565,52269720514859,128632,1
1791426917953134878,52269741223157,128656,1
1791426917974368958,52269762432144,128672,1
1791426917995893764,52269783952242,128696,1
1791426918016878730,52269804977479,128712,1
1791426918037741892,52269825821631,128736,1
1791426918059088714,52269847163062,128752,1
1791426918080545064,52269868638127,128776,2
1791426918101256110,52269889327738,128792,2
1791426918122399860,52269910489622,128816,2
1791426918143793805,52269931879702,128832,2
1791426918164815918,52269952895030,128856,2
1791426918185771222,52269973856121,128872,2
1791426918207167190,52269995277506,128896,2
1791426918228583712,52270016666171,128912,3
1791426918249305060,52270037383697,128936,3
1791426918270467538,52270058551004,128952,3
1791426918292186727,52270080281988,128976,3
1791426918312994235,52270101060980,128992,4
1791426918334002351,52270122087567,129016,4
1791426918355506607,52270143658535,129032,4
1791426918376663481,52270164729729,129056,4
1791426918397446918,52270185518998,129072,4
1791426918418649190,52270206744303,129096,5
1791426918440383468,52270228479588,129112,5
1791426918460948286,52270249044602,129136,5
1791426918481855199,52270269953862,129152,5
1791426918503350246,52270291418804,129176,6
1791426918524723109,52270312797759,129192,6
1791426918545438824,52270333517218,129216,6
1791426918566617328,52270354691512,129232,6
1791426918588360430,52270376444128,129256,6
1791426918608919047,52270396978778,129272,6
1791426918629886999,52270417993945,129296,6
1791426918651295381,52270439359250,129312,7
1791426918672735784,52270460835978,129336,7
1791426918693501540,52270481577695,129352,7
1791426918714721462,52270502908058,129376,7
1791426918736427976,52270524591289,129392,7
1791426918757105333,52270545214037,129416,7
1791426918778093171,52270566165078,129432,7
1791426918800819535,52270588917244,129456,7
1791426918821748152,52270609835285,129472,8
1791426918843041472,52270631172088,129496,8
1791426918864634938,52270652724681,129512,8
1791426918885361416,52270673485352,129536,8
1791426918906447717,52270694548982,129552,8
1791426918928059380,52270716162582,129576,8
1791426918948898607,52270737017304,129592,8
1791426918969746094,52270757908665,129616,8
1791426918991076283,52270779183668,129632,8
1791426919012604276,52270800703854,129656,8
1791426919033315754,52270821404120,129672,8
1791426919054488993,52270842608830,129696,8
1791426919076182121,52270864311234,129712,8
1791426919097137325,52270885241024,129736,7
1791426919117855264,52270905929545,129752,7
1791426919139126554,52270927261627,129776,7
1791426919160401499,52270948594492,129792,7
1791426919181295417,52270969387502,129816,7
1791426919202197316,52270990294134,129832,7
1791426919223940442,52271012362967,129856,6
1791426919244982299,52271033076150,129872,6
1791426919265816488,52271053907386,129896,6
1791426919286994210,52271075112009,129912,6
1791426919308460367,52271096543594,129936,6
1791426919329678674,52271117826495,129952,6
1791426919351008149,52271139114146,129976,5
1791426919372589334,52271160705697,129992,5
1791426919393425423,52271181508424,130016,5
1791426919414513677,52271202636303,130032,5
1791426919435856465,52271223934377,130056,5
1791426919456602104,52271244714797,130072,5
1791426919477465754,52271265583993,130096,5
1791426919498854847,52271286927628,130112,4
1791426919520347705,52271308445806,130136,4
1791426919540976872,52271329054711,130152,4
1791426919561670254,52271349788568,130176,4
1791426919582767008,52271370829405,130192,4
1791426919604170343,52271392335491,130216,3
1791426919625008607,52271413061684,130240,3
1791426919645953939,52271434169414,130256,3
1791426919668074986,52271456158706,130272,3
1791426919688998810,52271480426989,130296,3
1791426919709953520,52271498149211,130312,3
1791426919731297523,52271519510868,130336,3
1791426919752256494,52271540343939,130352,3
1791426919772952172,52271561149804,130376,2
1791426919793937054,52271582201002,130392,2
1791426919815157881,52271603233123,130416,2
1791426919835977933,52271624427310,130432,2
1791426919856714684,52271644843073,130456,2
1791426919877628755,52271665787941,130472,2
1791426919898982728,52271687161046,130496,2
1791426919920407696,52271708522765,130512,2
1791426919941531453,52271729623958,130536,2
1791426919962321679,52271750440023,130552,2
1791426919983874317,52271772057815,130576,2
1791426920005193339,52271793319783,130592,2
1791426920026276012,52271814418567,130616,2
1791426920047458167,52271835542549,130632,1
1791426920068712100,52271856821922,130656,1
1791426920089539132,52271877666717,130672,1
1791426920110822230,52271898911256,130696,1
1791426920132241762,52271920319724,130712,1
1791426920152901501,52271940966436,130736,1
1791426920173841053,52271961925139,130752,1
1791426920195018106,52271983103633,130776,1
1791426920216412965,52272004504112,130792,1
1791426920236965899,52272025078158,130816,1
1791426920257795727,52272045888415,130832,1
1791426920279190481,52272067299818,130856,1
1791426920300537467,52272088676057,130872,1
1791426920321261538,52272109560880,130896,1
1791426920342297668,52272130384762,130912,1
1791426920363819306,52272151941810,130936,1
1791426920384714882,52272172807942,130952,1
1791426920405511827,52272193610914,130976,1
1791426920426671579,52272214857070,130992,1
1791426920448049601,52272236207696,131016,1
1791426920468932951,52272257038242,131032,1
1791426920489892293,52272277974025,131056,1
1791426920511325107,52272299423511,131072,1
1791426920532445108,52272320548588,131096,1
1791426920553248111,52272341339768,131112,1
1791426920574369165,52272362507556,131136,0
1791426920595746042,52272383829429,131152,0
1791426920616772418,52272404854039,131176,0
1791426920637493269,52272425632154,131192,0
1791426920658701696,52272446814665,131216,0
1791426920680242036,52272468407214,131232,0
1791426920700977486,52272489056868,131256,0
1791426920721905249,52272509985243,131272,0
1791426920743188568,52272531272234,131296,0
1791426920764707834,52272552788803,131312,0
1791426920785450255,52272573514973,131336,0
1791426920806513434,52272594625409,131352,0
1791426920827904392,52272615993678,131376,0
1791426920848793793,52272636903444,131392,0
1791426920869655576,52272657751218,131416,0
1791426920890934140,52272679019944,131432,0
1791426920912548939,52272700620319,131456,0
1791426920933094194,52272721298977,131472,0
1791426920954285979,52272742402428,131496,0
1791426920975670089,52272763758215,131512,0
1791426920996676336,52272784752759,131536,0
1791426921017620874,52272805695932,131552,0
1791426921038980810,52272827088486,131576,0
1791426921060410519,52272848502140,131592,0
1791426921081122574,52272869240914,131616,0
1791426921102089246,52272890279680,131632,0
1791426921123459587,52272911532725,131656,1
1791426921144564172,52272932786297,131672,1
1791426921165411057,52272953636701,131696,1
1791426921186567954,52272974669423,131712,1
1791426921208153044,52272996226796,131736,1
1791426921228831939,52273016953598,131752,1
1791426921250044003,52273038196866,131776,1
1791426921271298511,52273059402135,131792,1
1791426921292641085,52273080711774,131816,1
1791426921313203128,52273101505933,131832,1
1791426921334117625,52273122202106,131856,1
1791426921355467661,52273143664638,131872,1
1791426921376682514,52273164803939,131896,1
1791426921397449330,52273185517044,131912,1
1791426921418438791,52273206529221,131936,1
1791426921439938188,52273228042288,131952,1
1791426921461110335,52273249187581,131976,2
1791426921482151172,52273270217552,131992,2
1791426921503438208,52273291559262,132016,2
1791426921524405938,52273312502202,132032,2
1791426921545067701,52273333125397,132056,2
1791426921565976934,52273354060978,132072,2
1791426921587544819,52273375634147,132096,2
1791426921608533615,52273396627920,132112,2
1791426921629226144,52273417344689,132136,2
1791426921650309976,52273438380674,132152,2
1791426921671722588,52273459815516,132176,2
1791426921692518431,52273480573513,132192,2
1791426921713222237,52273501331566,132216,2
1791426921734201519,52273522269348,132232,2
1791426921755663859,52273543787663,132256,2
1791426921776656984,52273564754031,132272,2
1791426921797392368,52273585492409,132296,3
1791426921818514921,52273606607973,132312,3
1791426921839903848,52273628037568,132336,3
1791426921860660131,52273648734274,132352,3
1791426921881439775,52273669515978,132376,3
1791426921902628913,52273690727779,132392,3
1791426921924189762,52273712539766,132416,3
1791426921944850521,52273732926421,132432,3
1791426921965695021,52273753811467,132456,3
1791426921987013987,52273775163520,132472,3
1791426922008437151,52273796642289,132496,3
1791426922029062783,52273817174372,132512,3
1791426922051129173,52273839224719,132536,3
1791426922072509080,52273860611423,132552,3
1791426922093313200,52273881499633,132576,3
1791426922114254456,52273902437903,132592,3
1791426922135456820,52273923632448,132616,3
1791426922156455658,52273944554404,132632,3
1791426922177153139,52273965258447,132656,3
1791426922198244281,52273986341435,132672,3
1791426922219732897,52274007829471,132696,3
1791426922240650413,52274028754982,132712,3
1791426922261891724,52274049966162,132736,3
1791426922282716512,52274070894100,132752,3
1791426922304248816,52274092405388,132776,3
1791426922324896278,52274112973520,132792,3
1791426922345914833,52274134046401,132816,3
1791426922367016087,52274155137522,132832,3
1791426922388320247,52274176535377,132856,3
1791426922408842744,52274196910127,132872,3
1791426922429668761,52274217754259,132896,4
1791426922450829076,52274238965691,132912,4
1791426922471967981,52274260330766,132936,4
1791426922492837936,52274281141715,132952,4
1791426922513859560,52274301933390,132976,4
1791426922534795719,52274322987396,132992,4
1791426922556213235,52274344298554,133016,4
1791426922577013820,52274365119139,133032,4
1791426922597899424,52274385966848,133056,4
1791426922619152351,52274407232702,133072,4
1791426922640526396,52274428620834,133096,4
1791426922661313245,52274449460589,133112,4
1791426922682168823,52274470333564,133136,4
1791426922703788556,52274491857964,133152,4
1791426922724650003,52274512731620,133176,4
1791426922748662147,52274536809895,133192,4
1791426922769486894,52274557607772,133216,4
1791426922793162769,52274581306944,133232,4
1791426922814079534,52274602229338,133256,4
1791426922835567003,52274623672879,133272,4
1791426922856681260,52274644901099,133296,4
1791426922877563090,52274665676739,133312,4
1791426922898565810,52274686664978,133336,4
1791426922919617325,52274707682815,133352,4
1791426922940389332,52274728511161,133376,4
1791426922961053516,52274749174745,133392,4
1791426922981837054,52274769942483,133416,4
1791426923002974161,52274791034009,133432,4
1791426923024409798,52274812522087,133456,4
1791426923045279021,52274833432325,133472,4
1791426923066270692,52274854400000,133496,4
1791426923087754055,52274875918592,133512,4
1791426923108750875,52274896896438,133536,4
1791426923129543741,52274917632925,133552,5
1791426923150803916,52274938966875,133576,5
1791426923172472582,52274960576122,133592,5
1791426923193250224,52274981396453,133616,5
1791426923214161441,52275002246030,133632,5
1791426923235731882,52275023916363,133656,5
1791426923256563923,52275044668050,133672,6
1791426923277629309,52275065715384,133696,6
1791426923299083432,52275087155885,133712,6
1791426923319771572,52275107877647,133736,6
1791426923340776470,52275128869233,133752,6
1791426923361594974,52275149698895,133776,7
1791426923382654761,52275170768034,133792,7
1791426923403881819,52275191995686,133816,7
1791426923424723387,52275212835658,133832,7
1791426923445948386,52275234030172,133856,8
1791426923466592006,52275254701962,133872,8
1791426923487922945,52275277536764,133896,8
1791426923508491873,52275296669395,133912,8
1791426923529193975,52275317328968,133936,8
1791426923550544221,52275338683269,133952,8
1791426923571848943,52275359922399,133976,8
1791426923593837084,52275381982345,133992,9
1791426923617025880,52275405119717,134016,9
1791426923638103198,52275426216475,134032,9
1791426923659279516,52275447383700,134056,9
1791426923680631375,52275468716298,134072,9
1791426923701119480,52275489207500,134096,9
1791426923722092428,52275510209143,134112,9
1791426923743452707,52275531547072,134136,9
1791426923764528279,52275552635422,134152,9
1791426923785349105,52275573462620,134176,9
1791426923806453993,52275594538201,134192,9
1791426923827963926,52275616112014,134216,9
1791426923848716450,52275636793242,134232,9
1791426923869510694,52275657589414,134256,9
1791426923890569447,52275678658464,134272,9
1791426923912076270,52275700154576,134296,9
1791426923932821168,52275720921502,134312,9
1791426923953613966,52275741706641,134336,9
1791426923974521031,52275762627179,134352,9
1791426923995622418,52275783709047,134376,9
1791426924016595835,52275804703966,134392,9
1791426924037202679,52275825280734,134416,9
1791426924058277403,52275846366067,134432,9
1791426924079533273,52275867619858,134456,9
1791426924100723849,52275888830144,134472,9
1791426924121536287,52275909609616,134496,9
1791426924142570555,52275930723580,134512,9
1791426924163796008,52275951890398,134536,9
1791426924184744214,52275972835420,134552,9
1791426924205507280,52275993592064,134576,9
1791426924226553597,52276014636711,134592,9
1791426924248103833,52276036182222,134616,9
1791426924268939993,52276057030426,134632,9
1791426924289749303,52276077836198,134656,8
1791426924310925639,52276099022128,134672,8
1791426924331968876,52276120066831,134696,8
1791426924352995704,52276141069899,134712,8
1791426924373976257,52276162080374,134736,8
1791426924395186719,52276183311805,134752,8
1791426924416600154,52276204681361,134776,8
1791426924437435366,52276225526294,134792,8
1791426924458489941,52276246569625,134816,8
1791426924480143646,52276268393521,134832,8
1791426924500892798,52276288976086,134856,8
1791426924521902276,52276310004885,134872,8
1791426924543239351,52276331356713,134896,8
1791426924564491830,52276352596056,134912,8
1791426924585195206,52276373270890,134936,8
1791426924606281034,52276394398068,134952,8
1791426924627928009,52276415996157,134976,8
1791426924648904405,52276437040253,134992,8
1791426922314664906,52276457749535,135016,8
1791426922335753129,52276478858924,135032,8
1791426922356869700,52276499940176,135056,8
1791426922377801476,52276520868565,135072,8
1791426922398620954,52276541738917,135096,8
1791426922419887866,52276563009776,135112,8
1791426922441410609,52276584514752,135136,8
1791426922462009076,52276605106678,135152,8
1791426922482958823,52276626018126,135176,8
1791426922504303923,52276647508159,135192,8
1791426922525536462,52276668598096,135216,8
1791426922546240131,52276689356009,135232,8
1791426922567321280,52276710499202,135256,9
1791426922588887518,52276731984075,135272,9
1791426922610392324,52276753607157,135296,9
1791426922631434504,52276774541839,135312,9
1791426922652837719,52276795895904,135336,9
1791426922673605074,52276816706989,135352,8
1791426922694313111,52276837431427,135376,8
1791426922715165558,52276858225645,135392,8
1791426922736231906,52276879312736,135416,8
1791426922757373520,52276900438166,135432,8
1791426922778038732,52276921090850,135456,8
1791426922798820364,52276941872059,135472,8
1791426922819965228,52276963015408,135496,8
1791426922840986412,52276984046482,135512,8
1791426922861692216,52277004782943,135536,8
1791426922882408541,52277025484443,135552,8
1791426922903351139,52277046401666,135576,8
1791426922924479237,52277067554196,135592,8
1791426922945439494,52277088489197,135616,8
1791426922966094169,52277109174179,135632,8
1791426922987004279,52277130050990,135656,8
1791426923008121018,52277151183056,135672,8
1791426923029219453,52277172262751,135696,8
1791426923049826187,52277192870132,135712,8
1791426923070721456,52277213765559,135736,8
1791426923091617467,52277234695134,135752,7
1791426923112785657,52277255896412,135776,7
1791426923133564032,52277276610158,135792,7
1791426923154345561,52277297387853,135816,7
1791426923175409417,52277318465423,135832,7
1791426923196716336,52277339774138,135856,7
1791426923217778054,52277360857092,135872,7
1791426923238587544,52277381649679,135896,7
1791426923259505596,52277402601819,135912,7
1791426923280419517,52277423501710,135936,7
1791426923301564729,52277444712759,135952,7
1791426923322297318,52277465448689,135976,7
1791426923343293328,52277486375401,135992,7
1791426923364747010,52277507831654,136016,6
1791426923385847546,52277528921228,136032,6
1791426923406711735,52277549801916,136056,6
1791426923427851828,52277570924992,136072,6
1791426923449329139,52277592375492,136096,6
1791426923469951144,52277613026618,136112,6
1791426923490828147,52277633900946,136136,6
1791426923512160648,52277655271753,136152,6
1791426923533603267,52277676700981,136176,6
1791426923554498822,52277697587292,136192,6
1791426923575752486,52277718879685,136216,6
1791426923597387240,52277740511767,136232,6
1791426923618018280,52277761084591,136256,6
1791426923639029843,52277782142965,136272,6
1791426923660727631,52277803929187,136296,6
1791426923682335221,52277825424092,136312,6
1791426923703485738,52277846550253,136336,6
1791426923724840547,52277867923579,136352,6
1791426923745825657,52277888896162,136376,6
1791426923766541741,52277909674193,136392,6
1791426923787753421,52277930828250,136416,6
1791426923809381497,52277952430972,136432,6
1791426923829985434,52277973079763,136456,6
1791426923850657257,52277993726871,136472,6
1791426923871817257,52278014889882,136496,6
1791426923893482756,52278036563255,136512,6
1791426923914115204,52278057176761,136536,5
1791426923935043483,52278078103659,136552,5
1791426923956191426,52278099246248,136576,5
1791426923977605978,52278120668830,136592,5
1791426923998382944,52278141480856,136616,5
1791426924019568061,52278162665832,136632,5
1791426924041102569,52278184369225,136656,5
1791426924062077576,52278205158258,136672,5
1791426924084194723,52278227297366,136696,5
1791426924104841655,52278247933720,136712,5
1791426924125657134,52278268894482,136736,5
1791426924146696228,52278289810521,136752,5
1791426924167464923,52278310619787,136776,5
1791426924188837309,52278331894851,136792,5
1791426924209780023,52278352859728,136816,5
1791426924230766465,52278373837318,136832,5
1791426924251629653,52278394693947,136856,5
1791426924273116321,52278416212730,136872,5
1791426924294042287,52278437219332,136896,5
1791426924314916208,52278458033524,136912,5
1791426924335838032,52278478905144,136936,5
1791426924356787446,52278499907825,136952,5
1791426924377588451,52278520636243,136976,5
1791426924398328869,52278541425914,136992,5
1791426924419473584,52278562539575,137016,5
1791426924440820664,52278583920721,137032,5
1791426924463501456,52278606549646,137056,5
1791426924484928042,52278628011483,137072,5
1791426924505833813,52278648924868,137096,5
1791426924527046229,52278670115846,137112,5
1791426924549773117,52278692839143,137136,5
1791426924570470755,52278713529967,137152,5
1791426924593773054,52278736823155,137176,5
1791426924614519230,52278757569048,137192,5
1791426924635717317,52278778775066,137216,5
1791426924658103827,52278801731006,137232,5
1791426924678893549,52278821970098,137256,5
1791426924700193299,52278843312702,137272,5
1791426924721532793,52278864601621,137296,5
1791426924742304189,52278885444218,137312,5
1791426924763446219,52278906615392,137336,5
1791426924784757578,52278927830683,137352,5
1791426924805816261,52278948917153,137376,6
1791426924826949097,52278970077997,137392,6
1791426924847908063,52278990977674,137416,6
1791426924869322962,52279012411379,137432,6
1791426924889997809,52279033085353,137456,6
1791426924911067214,52279054188328,137472,6
1791426924932067190,52279075175546,137496,6
1791426924953437824,52279096636825,137512,6
1791426924974135215,52279117227590,137536,6
1791426924995093435,52279138166606,137552,6
1791426925016427678,52279159505345,137576,6
1791426925037808979,52279180899870,137592,6
1791426925058513617,52279201640833,137616,6
1791426925079761514,52279222846275,137632,6
1791426925101035026,52279244133573,137656,6
1791426925121864356,52279264949000,137672,6
1791426925142817337,52279285906405,137696,6
1791426925163973996,52279307069535,137712,6
1791426925185235852,52279328330804,137736,7
1791426925206324623,52279349466107,137752,7
1791426925227110754,52279370205844,137776,7
1791426925248312026,52279391410136,137792,7
1791426925269643927,52279412720019,137816,7
1791426925290310944,52279433443895,137832,7
1791426925311328205,52279454416269,137856,7
1791426925332748062,52279475827787,137872,7
1791426925353704458,52279496790092,137896,7
1791426925374493580,52279517585762,137912,7
1791426925395579819,52279538659975,137936,7
1791426925417086702,52279560176640,137952,7
1791426925437894016,52279580990612,137976,7
1791426925458705680,52279601774044,137992,7
1791426925479949230,52279623008445,138016,7
1791426925501386017,52279644436464,138032,7
1791426925522136969,52279665239900,138056,7
1791426925543106409,52279686209347,138072,7
1791426925564446469,52279707521805,138096,7
1791426925585738847,52279728798558,138112,7
1791426925606526909,52279749609780,138136,7
1791426925627707225,52279770760978,138152,7
1791426925649196061,52279792278900,138176,7
1791426925670045548,52279813143897,138192,8
1791426925690998774,52279834077340,138216,8
1791426925712300811,52279855380876,138232,8
1791426925733557940,52279876668943,138256,8
1791426925754294345,52279897425262,138272,8
1791426925775300290,52279918420443,138296,8
1791426925796387273,52279939540402,138312,8
1791426925817577104,52279960683468,138336,8
1791426925838309394,52279981395039,138352,8
1791426925859233843,52280002319733,138376,8
1791426925880627767,52280023729667,138392,8
1791426925901655219,52280044750384,138416,8
1791426925922460522,52280065515543,138432,8
1791426925943518099,52280086682632,138456,8
1791426925964802693,52280107879347,138472,8
1791426925985746468,52280128809997,138496,8
1791426926006549543,52280149664936,138512,9
1791426926027581806,52280170634111,138536,9
1791426926049324315,52280192458894,138552,9
1791426926069938135,52280213044789,138576,9
1791426926090815087,52280233904565,138592,9
1791426926111917269,52280254998636,138616,9
1791426926133373493,52280276469403,138632,9
1791426926153884620,52280296938567,138656,9
1791426926174768806,52280317816001,138672,10
1791426926195944625,52280339031604,138696,10
1791426926217552484,52280360627538,138712,10
1791426926238104250,52280381158326,138736,10
1791426926259055702,52280402138414,138752,10
1791426926280396388,52280423443046,138776,10
1791426926301553777,52280444646954,138792,10
1791426926322280986,52280465344295,138816,10
1791426926343338925,52280486420945,138832,10
1791426926364874841,52280507929647,138856,10
1791426926385778561,52280528858953,138872,10
1791426926406606766,52280549701203,138896,10
1791426926427815954,52280570908897,138912,10
1791426926449411268,52280592517009,138936,11
1791426926469962660,52280613054943,138952,11
1791426926490818089,52280633874705,138976,11
1791426926512107928,52280655186624,138992,11
1791426926533454921,52280676526576,139016,11
1791426926554060664,52280697151875,139032,11
1791426926575019473,52280718099263,139056,11
1791426926596394255,52280739479870,139072,11
1791426926617754453,52280760914143,139096,11
1791426926638594137,52280781768963,139112,11
1791426926659820037,52280802907572,139136,11
1791426926681353036,52280824451444,139152,11
1791426926705633612,52280848711243,139176,11
1791426926726330819,52280869384982,139192,11
1791426926747221415,52280890292105,139216,11
1791426926768510591,52280911551200,139232,11
1791426926789670234,52280932737866,139256,11
1791426926810400857,52280953495801,139272,11
1791426926831309610,52280974493213,139296,10
1791426926852956307,52280996018243,139312,10
1791426926873837295,52281016937841,139336,10
1791426926894810232,52281037904023,139352,10
1791426926916024442,52281059154660,139376,10
1791426926937370791,52281080447421,139392,10
1791426926958006805,52281101083841,139416,10
1791426926978921701,52281121967750,139432,10
1791426927000322061,52281143384455,139456,10
1791426927021521722,52281164575700,139472,10
1791426927042305142,52281185347864,139496,9
1791426927063320123,52281206369369,139512,9
1791426927084813509,52281227911249,139536,9
1791426927105949680,52281249061744,139552,9
1791426927128856029,52281271917975,139576,9
1791426927149657023,52281292752950,139592,9
1791426927170453564,52281313477903,139616,9
1791426927191691973,52281334738685,139632,8
1791426927213035923,52281356077771,139656,8
1791426927233944422,52281376996061,139672,8
1791426927254728044,52281397782024,139696,8
1791426927276289287,52281419341159,139712,8
1791426927297317997,52281440357229,139736,8
1791426927317870439,52281460916689,139752,7
1791426927338710821,52281481794118,139776,7
1791426927359904770,52281502974787,139792,7
1791426927381179065,52281524252056,139816,7
1791426927401990381,52281545061162,139832,7
1791426927422789208,52281565845594,139856,6
1791426927443944400,52281587004891,139872,6
1791426927465631903,52281608723693,139896,6
1791426927486033764,52281629114069,139912,6
1791426927507566192,52281650675072,139936,5
1791426927529358714,52281672467288,139952,5
1791426927553651342,52281696740400,139976,5
1791426927574357683,52281717450751,139992,5
1791426927597497718,52281740593839,140016,5
1791426927617457959,52281760560092,140032,5
1791426927638039538,52281781120213,140056,4
1791426927658859899,52281801952373,140072,4
1791426927680014131,52281823219410,140096,4
1791426927701557953,52281844649092,140112,4
1791426927722244663,52281865326609,140136,3
1791426927743206354,52281886293983,140152,3
1791426927764771603,52281907856756,140176,3
1791426927785680888,52281928768068,140192,3
1791426927806574168,52281949668768,140216,2
1791426927827566235,52281970656162,140232,2
1791426927849534080,52281992633227,140256,2
1791426927871005868,52282014066965,140272,2
1791426927892703180,52282035827835,140296,1
1791426927913653885,52282056822451,140312,1
1791426927935308112,52282078388010,140336,1
1791426927956444971,52282099694093,140352,1
1791426927981603173,52282124711616,140376,1
1791426928002167202,52282145219514,140392,0
1791426928022917868,52282166023252,140416,0
1791426928044227635,52282187385569,140432,0
1791426928065585814,52282208703332,140456,0
1791426928086253755,52282229387316,140472,0
1791426928108234527,52282251290571,140496,0
1791426928129767448,52282272862924,140512,0
1791426928150376425,52282293533578,140536,0
1791426928171473306,52282314571295,140552,0
1791426928193073059,52282336230594,140576,0
1791426928214016471,52282357122015,140592,0
1791426928235078587,52282378170838,140616,0
1791426928256306005,52282399409689,140632,0
1791426928280012076,52282423190222,140656,0
1791426928298675805,52282441771125,140672,0
1791426928319925878,52282462990816,140696,0
1791426928341179790,52282484244547,140712,0
1791426928361882223,52282505002344,140736,0
1791426928382720917,52282525834255,140752,0
1791426928403823646,52282546878695,140776,0
1791426928425374196,52282568427340,140792,0
1791426928446005350,52282589087250,140816,0
1791426928466725588,52282609779597,140832,0
1791426928487947859,52282631012396,140856,0
1791426928511195516,52282654272776,140872,0
1791426928532356126,52282675467233,140896,0
1791426928553656960,52282696711972,140912,0
1791426928574449033,52282717489720,140936,0
1791426928595369349,52282738428068,140952,0
1791426928616807066,52282759869751,140976,0
1791426928637726698,52282780797106,140992,0
1791426928658531906,52282801827859,141016,0
1791426928679819373,52282823010076,141032,0
1791426928701451785,52282844524386,141056,0
1791426928722152052,52282865250338,141072,0
1791426928742945594,52282886006651,141096,0
1791426928764023619,52282907108111,141112,0
1791426928785541614,52282928641249,141136,0
1791426928806198312,52282949339758,141152,0
1791426928827235006,52282970398268,141176,0
1791426928848592354,52282991689324,141192,0
1791426928869430150,52283012492957,141216,1
1791426928890131268,52283033189155,141232,1
1791426928911146676,52283054212114,141256,1
1791426928932389264,52283075457357,141272,1
1791426928953513766,52283096606388,141296,1
1791426928974235227,52283117290556,141312,1
1791426928995383219,52283138452842,141336,2
1791426929016323354,52283159487734,141352,2
1791426929037575262,52283180711496,141376,2
1791426929058297196,52283201393526,141392,2
1791426929079261307,52283222348001,141416,2
1791426929100560441,52283243697969,141432,2
1791426929121685588,52283264790699,141456,3
1791426929142552363,52283285642615,141472,3
1791426929163514614,52283306628373,141496,3
1791426929184636877,52283327763937,141512,3
1791426929205750449,52283348822066,141536,3
1791426929226535429,52283369639468,141552,3
1791426929247452912,52283390538364,141576,3
1791426929268622831,52283411783773,141592,3
1791426929289742087,52283432837138,141616,4
1791426929310510143,52283453582137,141632,4
1791426929331646248,52283474721755,141656,4
1791426929353306528,52283496377885,141672,4
1791426929373844601,52283516925056,141696,4
1791426929394616639,52283537722872,141712,4
1791426929415841128,52283558911429,141736,4
1791426929437130148,52283580277365,141752,5
1791426929457933532,52283600980637,141776,5
1791426929478821930,52283622035045,141792,5
1791426929499824134,52283642912838,141816,5
1791426929521160906,52283664255028,141832,5
1791426929542041620,52283685149096,141856,5
1791426929562786746,52283705880354,141872,6
1791426929583962600,52283727051573,141896,6
1791426929605144187,52283748236724,141912,6
1791426929625974110,52283769071340,141936,6
1791426929646877800,52283789998887,141952,6
1791426929668223659,52283811426520,141976,6
1791426929689586739,52283832723373,141992,7
1791426929710247760,52283853301359,142016,7
1791426929731285063,52283874399911,142032,7
1791426929752705892,52283895782541,142056,7
1791426929773747507,52283916795641,142072,7
1791426929794432980,52283937476864,142096,7
1791426929815425035,52283958500727,142112,8
1791426929836795588,52283979896063,142136,8
1791426929857680416,52284000916081,142152,8
1791426929878471236,52284021531941,142176,8
1791426929899509302,52284042584951,142192,8
1791426929920797487,52284063893391,142216,8
1791426929941756249,52284084801700,142232,9
1791426929962326636,52284105390691,142256,9
1791426929983318576,52284126405012,142272,9
1791426930004405696,52284147448176,142296,9
1791426930025355328,52284168400111,142312,9
1791426930046040402,52284189081653,142336,9
1791426930066918481,52284209970765,142352,9
1791426930088035029,52284231089462,142376,10
1791426930109308670,52284252357726,142392,10
1791426930129856405,52284273031802,142416,10
1791426930150732981,52284293787397,142432,10
1791426930171969170,52284315046153,142456,10
1791426930193243993,52284336300526,142472,10
1791426930214008704,52284357110207,142496,10
1791426930234855501,52284377913397,142512,10
1791426930256152491,52284399194785,142536,10
1791426930277380092,52284420430602,142552,10
1791426930297991096,52284441091803,142576,10
1791426930318892697,52284461970751,142592,10
1791426930340105578,52284483165339,142616,10
1791426930361383686,52284504419924,142632,10
1791426930382044267,52284525108702,142656,10
1791426930402914902,52284545988364,142672,10
1791426930424009644,52284567100115,142696,10
1791426930445471142,52284588538270,142712,10
1791426930466302558,52284609356237,142736,10
1791426930487018557,52284630091953,142752,10
1791426930508322874,52284651382042,142776,10
1791426930529584637,52284672631054,142792,10
1791426930550283893,52284693362080,142816,10
1791426930571290075,52284714348063,142832,10
1791426930592708263,52284735758815,142856,10
1791426930613985165,52284757071475,142872,10
1791426930634429902,52284777519334,142896,10
1791426930656021916,52284799116996,142912,10
1791426930677472445,52284820649752,142936,10
1791426930698122839,52284841402120,142952,10
1791426930719165703,52284862236545,142976,10
1791426930740360538,52284883489228,142992,10
1791426930761415588,52284904456826,143016,10
1791426930782096965,52284925232870,143032,9
1791426930803068654,52284946121118,143056,9
1791426930824405156,52284967541310,143072,9
1791426930845487348,52284988554379,143096,9
1791426930866238749,52285009306467,143112,9
1791426930887054323,52285030107650,143136,9
1791426930908461467,52285051717075,143152,9
1791426930929558839,52285072658047,143176,9
1791426930950385046,52285093525830,143192,8
1791426930971391575,52285114494769,143216,8
1791426930992768832,52285135896040,143232,8
1791426931015097097,52285158170487,143256,8
1791426931036423562,52285179563817,143272,8
1791426931057591051,52285200662408,143296,8
1791426931078986314,52285222069986,143312,8
1791426931100261331,52285243329359,143336,8
1791426931121528739,52285264619018,143352,8
1791426931142135548,52285285209410,143376,8
1791426931163321316,52285306377053,143392,8
1791426931184537099,52285327632674,143416,7
1791426931205575278,52285348657319,143432,7
1791426931226334241,52285369438038,143456,7
1791426931247680210,52285390783755,143472,7
1791426931268463702,52285411547086,143496,7
1791426931289572881,52285432662743,143512,7
1791426931310476968,52285453538637,143536,7
1791426931331255495,52285474354132,143552,7
1791426931352595175,52285495685274,143576,7
1791426931373650443,52285516703498,143592,7
1791426931394418688,52285537485909,143616,8
1791426931415408336,52285558501544,143632,8
1791426931436928278,52285579985967,143656,8
1791426931457819296,52285600875497,143672,8
1791426931478631701,52285621745968,143696,8
1791426931500464907,52285643558077,143712,8
1791426931521449965,52285664573117,143736,8
1791426931542191598,52285685245112,143752,8
1791426931563065736,52285706126895,143776,8
1791426931584186952,52285727445898,143792,8
1791426931605449719,52285748561301,143816,8
1791426931626104152,52285769198524,143832,8
1791426931647120735,52285790245683,143856,8
1791426931671218365,52285814297448,143872,8
1791426931692025898,52285835133194,143896,8
1791426931713345143,52285856496680,143912,8
1791426931733964875,52285877091256,143936,8
1791426931754966351,52285898060703,143952,8
1791426931775819780,52285918946876,143976,8
1791426931797034664,52285940191311,143992,8
1791426931817940087,52285961054172,144016,8
1791426931839064482,52285982262542,144032,8
1791426931860355788,52286003445007,144056,8
1791426931881558226,52286024664489,144072,9
1791426931902438491,52286045533169,144096,9
1791426931923532243,52286066637370,144112,9
1791426931944928942,52286088051381,144136,9
1791426931965847455,52286108949561,144152,9
1791426931986744888,52286129859898,144176,9
1791426932007701296,52286150807847,144192,9
1791426932028984031,52286172079232,144216,9
1791426932049786116,52286192897037,144232,9
1791426932070401281,52286213500946,144256,9
1791426932091267606,52286234365110,144272,10
1791426932112357630,52286255467815,144296,10
1791426932133441883,52286276538927,144312,10
1791426932154143309,52286297238884,144336,10
1791426932174900123,52286317993041,144352,10
1791426932196079874,52286339218826,144376,10
1791426932217525723,52286360606771,144392,10
1791426932238087588,52286381218248,144416,11
1791426932259015165,52286402078210,144432,11
1791426932280304019,52286423434119,144456,11
1791426932301734124,52286444910401,144472,11
1791426932322533541,52286465611660,144496,11
1791426932343373176,52286486458879,144512,11
1791426932364523624,52286507666650,144536,12
1791426932385726941,52286528847786,144552,12
1791426932406404683,52286549604516,144576,12
1791426932427593125,52286570643570,144592,12
1791426932448856392,52286591916366,144616,12
1791426932469507135,52286612583991,144632,12
1791426932490320977,52286633421443,144656,12
1791426932511445145,52286654536088,144672,12
1791426932532514564,52286675587256,144696,12
1791426932553458398,52286696531529,144712,12
1791426932574109889,52286717275940,144736,13
1791426932595196681,52286738277192,144752,13
1791426932616254158,52286759318848,144776,13
1791426932637503700,52286780593488,144792,13
1791426932657963559,52286801132431,144816,12
1791426932679093931,52286822209225,144832,12
1791426932700196634,52286843273699,144856,12
1791426932721751301,52286864920118,144872,12
1791426932742570297,52286885624773,144896,12
1791426932763688837,52286906785693,144912,12
1791426932785447080,52286928523261,144936,12
1791426932806267006,52286949360812,144952,12
1791426932827227470,52286970301986,144976,12
1791426932848722471,52286991803865,144992,12
1791426932869745416,52287012899447,145016,12
1791426932890446903,52287033550927,145032,12
1791426932911454550,52287054611796,145056,12
1791426932932954288,52287076028400,145072,12
1791426932954101426,52287097163266,145096,12
1791426932974876657,52287117924936,145112,12
1791426932995998813,52287139072931,145136,12
1791426933017445711,52287160639323,145152,12
1791426933038143773,52287181199139,145176,12
1791426933059165829,52287202255895,145192,12
1791426933080471612,52287223560016,145216,11
1791426933101760164,52287244857173,145232,11
1791426933122547457,52287265672041,145256,11
1791426933143732158,52287286841227,145272,11
1791426933164886424,52287307987287,145296,11
1791426933185691063,52287328741175,145312,11
1791426933206504869,52287349617128,145336,11
1791426933227444928,52287370526387,145352,11
1791426933248463640,52287391506221,145376,10
1791426933269526803,52287412572207,145392,10
1791426933290086877,52287433194099,145416,10
1791426933311114850,52287454184460,145432,10
1791426933332367863,52287475427481,145456,10
1791426933353349492,52287496408368,145472,10
1791426933374042700,52287517112413,145496,9
1791426933395074173,52287538115179,145512,9
1791426933416212850,52287559267136,145536,9
1791426933437391201,52287580453830,145552,9
1791426933458128952,52287601207943,145576,9
1791426933479106713,52287622170822,145592,9
1791426933500550093,52287643619618,145616,8
1791426933521516941,52287664604825,145632,8
1791426933542328596,52287685466257,145656,8
1791426933563394880,52287706485728,145672,8
1791426933585019972,52287728088290,145696,8
1791426933606009252,52287749069525,145712,8
1791426933626939516,52287769984131,145736,7
1791426933647737280,52287790973381,145752,7
1791426933669349841,52287812393836,145776,7
1791426933690044698,52287833091675,145792,7
1791426933710965391,52287854039092,145816,7
1791426933731913807,52287874977635,145832,7
1791426933753234583,52287896354225,145856,7
1791426933773744545,52287916811935,145872,7
1791426933794649962,52287937793139,145896,7
1791426933815676605,52287958731394,145912,7
1791426933836897197,52287979953542,145936,6
1791426933861708318,52288004809491,145952,6
1791426933878978017,52288022077756,145976,6
1791426933900177687,52288043281880,145992,6
1791426933921561148,52288064635755,146016,6
1791426933942225417,52288085273388,146032,6
1791426933963213761,52288106270782,146056,6
1791426933984621357,52288127692632,146072,6
1791426934005705950,52288148751708,146096,6
1791426934026553004,52288169765775,146112,6
1791426934047599062,52288190734276,146136,6
1791426934069135448,52288212197281,146152,6
1791426934089842207,52288232919013,146176,6
1791426934110664184,52288253759699,146192,6
1791426934131866015,52288274945252,146216,6
1791426934153049971,52288296085755,146232,6
1791426934173922951,52288316972533,146256,6
1791426934194866955,52288337927903,146272,6
1791426934216279055,52288359334804,146296,7
1791426934237530718,52288380621868,146312,7
1791426934258230488,52288401268232,146336,7
1791426934278965224,52288422072329,146352,7
1791426934300259472,52288443410524,146376,7
1791426934321601630,52288464652382,146392,7
1791426934342443342,52288485541254,146416,7
1791426934363446107,52288506548024,146432,7
1791426934384627441,52288527671427,146456,7
1791426934405693113,52288548812450,146472,8
1791426934426567782,52288569659286,146496,8
1791426934447735927,52288590799416,146512,8
1791426934469093361,52288612163886,146536,8
1791426934490018845,52288633106876,146552,8
1791426934511090086,52288654163070,146576,8
1791426934532304576,52288675426359,146592,9
1791426934553539062,52288696617259,146616,9
1791426934574311968,52288717373159,146632,9
1791426934595793378,52288738862130,146656,9
1791426934616928550,52288759991456,146672,10
1791426934637724167,52288780869942,146696,10
1791426934658459315,52288801532084,146712,10
1791426934679321829,52288822427723,146736,10
1791426934701812481,52288844929770,146752,11
1791426934722535004,52288865619188,146776,11
1791426934743510650,52288886617862,146792,11
1791426934764707664,52288907852625,146816,11
1791426934785677575,52288928782723,146832,12
1791426934806526952,52288949603192,146856,12
1791426934827788320,52288970862224,146872,12
1791426934849008666,52288992103660,146896,13
1791426934869659173,52289012744783,146912,13
1791426934890440067,52289033670134,146936,13
1791426934911385495,52289054540622,146952,14
1791426934932817420,52289075866740,146976,14
1791426934953593098,52289096658706,146992,14
1791426934974235766,52289117321219,147016,15
1791426934995056664,52289138136064,147032,15
1791426935016185333,52289159292499,147056,15
1791426935037331841,52289180408897,147072,15
1791426935058087075,52289201130123,147096,16
1791426935078980014,52289222064645,147112,16
1791426935100332553,52289243393387,147136,16
1791426935121228398,52289264308148,147152,16
1791426935142925474,52289285986246,147176,17
1791426935165145849,52289308240268,147200,17
1791426935185505930,52289328556371,147216,17
1791426935206213384,52289349401913,147232,18
1791426935227445273,52289370579481,147256,18
1791426935261627557,52289404736383,147272,18
1791426935294852270,52289437954157,147296,18
1791426935318273894,52289461503564,147312,18
1791426935339289216,52289482353346,147336,19
1791426935360926758,52289503988734,147360,19
1791426935381142324,52289524264165,147376,19
1791426935401944606,52289545162643,147392,19
1791426935422946007,52289566081330,147416,20
1791426935444142923,52289587187301,147432,20
1791426935465498094,52289608581703,147456,20
1791426935486240975,52289629328836,147472,20
1791426935507318805,52289650459106,147496,20
1791426935528973009,52289672086854,147512,20
1791426935549913928,52289693019536,147536,20
1791426935570947377,52289714100368,147552,20
1791426935592197046,52289735320991,147576,20
1791426935613518575,52289756652235,147592,20
1791426935634161770,52289777318793,147616,20
1791426935655252315,52289798339708,147632,20
1791426935676737989,52289819835491,147656,20
1791426935697786101,52289840856485,147672,20
1791426935718590487,52289861655044,147696,20
1791426935739769199,52289882861718,147712,20
1791426935761439618,52289904510129,147736,20
1791426935782148405,52289925221207,147752,20
1791426935803182427,52289946260827,147776,20
1791426935824703083,52289967804716,147792,20
1791426935845820995,52289988927523,147816,20
1791426935866709541,52290009855198,147832,20
1791426935887876907,52290030947170,147856,20
1791426935909421929,52290052510849,147872,20
1791426935930028410,52290073135260,147896,20
1791426935951004428,52290094116546,147912,20
1791426935972429005,52290115550282,147936,20
1791426935993560024,52290136629897,147952,20
1791426936014329702,52290157412899,147976,20
1791426936035329922,52290178415304,147992,20
1791426936056814683,52290199874156,148016,20
1791426936077971334,52290221035675,148032,20
1791426936098785618,52290241923030,148056,20
1791426936120149195,52290263269489,148072,20
1791426936141541849,52290284690139,148096,20
1791426936162226343,52290305313799,148112,19
1791426936183309551,52290326396715,148136,19
1791426936204882576,52290347976495,148152,19
1791426936225987302,52290369112438,148176,19
1791426936247334216,52290390470475,148192,19
1791426936268494307,52290411670627,148216,19
1791426936289593593,52290432703876,148232,18
1791426936310383752,52290453496570,148256,18
1791426936331367644,52290474439267,148272,18
1791426936352568525,52290495642000,148296,18
1791426936373608905,52290516737267,148312,18
1791426936394368842,52290537456005,148336,17
1791426936415597520,52290558716632,148352,17
1791426936436950234,52290580080927,148376,17
1791426936457818826,52290600897645,148392,17
1791426936478814101,52290621882510,148416,16
1791426936499999006,52290643064326,148432,16
1791426936521408473,52290664532317,148456,16
1791426936542140520,52290685259899,148472,16
1791426936563234422,52290706333284,148496,16
1791426936584478923,52290727558608,148512,15
1791426936605601729,52290748653980,148536,15
1791426936626468039,52290769589097,148552,15
1791426936647517240,52290790594829,148576,15
1791426936669434438,52290812510978,148592,15
1791426936690093526,52290833150074,148616,15
1791426936711031934,52290854085176,148632,14
1791426936732390127,52290875497003,148656,14
1791426936753704350,52290896832605,148672,14
1791426936774543677,52290917672142,148696,14
1791426936795669061,52290938771598,148712,14
1791426936817058782,52290960189133,148736,14
1791426936838064585,52290981165909,148752,14
1791426936858967987,52291002049632,148776,13
1791426936880014838,52291023415948,148792,13
1791426936901428814,52291044486934,148816,13
1791426936922119477,52291065213752,148832,13
1791426936943118765,52291086210468,148856,13
1791426936964360415,52291107460210,148872,13
1791426936985592290,52291128664679,148896,13
1791426937006362589,52291149440231,148912,13
1791426937027410206,52291170463251,148936,13
1791426937048599054,52291191675318,148952,13
1791426937069801649,52291212912636,148976,12
1791426937090626723,52291233691153,148992,12
1791426937111923042,52291255007910,149016,12
1791426937133359158,52291276411903,149032,12
1791426937154063787,52291297134115,149056,12
1791426937174994569,52291318098021,149072,12
1791426937205521688,52291348616333,149096,12
1791426937225675407,52291368734332,149112,12
1791426937246400548,52291389439279,149136,12
1791426937267295678,52291410345965,149152,12
1791426937288638326,52291431709357,149176,12
1791426937309694060,52291452754895,149192,12
1791426937330414378,52291473470206,149216,11
1791426937351659508,52291494730002,149232,11
1791426937373336994,52291516430443,149256,11
1791426937393956990,52291537052113,149272,11
1791426937414827015,52291557907332,149296,11
1791426937436088042,52291579139987,149312,11
1791426937457612313,52291600694773,149336,11
1791426937478136371,52291621225721,149352,11
1791426937499098413,52291642177304,149376,11
1791426937520616621,52291663736200,149392,11
1791426937541815251,52291684868887,149416,11
1791426937562659276,52291705702610,149432,11
1791426937583568764,52291726679737,149456,11
1791426937605253452,52291748313629,149472,11
1791426937625952997,52291769056727,149496,10
1791426937646859655,52291789927194,149512,10
1791426937668389405,52291811455082,149536,10
1791426937689579881,52291832679882,149552,10
1791426937710310952,52291853363728,149576,10
1791426937731286285,52291874344924,149592,10
1791426937752672513,52291895749897,149616,10
1791426937773681427,52291916765010,149632,9
1791426937794459438,52291937538262,149656,9
1791426937815732087,52291958811765,149672,9
1791426937837538737,52291980601412,149696,9
1791426937858195419,52292001272215,149712,9
1791426937879167647,52292022245588,149736,9
1791426937900735964,52292043876075,149752,9
1791426937921745383,52292064814438,149776,9
1791426937942611565,52292085709306,149792,9
1791426937965254599,52292108405845,149816,8
1791426937985992138,52292129048546,149832,8
1791426938006895936,52292149968323,149856,8
1791426938028048337,52292171104807,149872,8
1791426938049485794,52292192549867,149896,8
1791426938070192524,52292213335445,149912,8
1791426938091114885,52292234166897,149936,8
1791426938112353151,52292255449499,149952,8
1791426938133568498,52292276682967,149976,8
1791426938154327804,52292297403909,149992,8
1791426938175360042,52292318455433,150016,8
1791426938196707488,52292339781019,150032,8
1791426938217709341,52292360846170,150056,7
1791426938238530454,52292381606900,150072,7
1791426938259575509,52292402635974,150096,7
1791426938281181780,52292424277511,150112,7
1791426938301803306,52292444906789,150136,7
1791426938323129681,52292466224198,150152,7
1791426938344261193,52292487489457,150176,7
1791426938365456921,52292508596009,150192,7
1791426938386145721,52292529472432,150216,7
1791426938407106546,52292550436900,150232,7
1791426938428353612,52292571490571,150256,7
1791426938449950921,52292593068058,150272,6
1791426938470914153,52292613990352,150296,6
1791426938491805275,52292634922810,150312,6
1791426938513136660,52292656225850,150336,6
1791426938533979788,52292677148553,150352,6
1791426938554817682,52292697979191,150376,6
1791426938575734623,52292718854392,150392,6
1791426938596758587,52292739817480,150416,6
1791426938619690077,52292762746346,150432,6
1791426938641144374,52292784213616,150456,6
1791426938661659666,52292804749470,150472,6
1791426938682408831,52292825533084,150496,6
1791426938703423245,52292846522435,150512,6
1791426938724643975,52292867722565,150536,6
1791426938745488306,52292888789734,150552,6
1791426938766794268,52292909863357,150576,6
1791426938787898520,52292931011389,150592,6
1791426938809386976,52292952500886,150616,6
1791426938830232308,52292973440107,150632,5
1791426938850978929,52292994125434,150656,5
1791426938871965991,52293015068870,150672,5
1791426938893532739,52293036633588,150696,5
1791426938917774073,52293060833247,150712,5
1791426938938746221,52293081812171,150736,5
1791426938959902895,52293102963122,150752,5
1791426938981161206,52293124277340,150776,5
1791426939001896708,52293145006284,150792,5
1791426939023714083,52293166902738,150816,5
1791426939044265925,52293187370267,150832,5
1791426939065657775,52293208749876,150856,5
1791426939086531326,52293229605260,150872,5
1791426939107583294,52293250644405,150896,5
1791426939128984158,52293272076664,150912,5
1791426939149919106,52293292996748,150936,5
1791426939170904773,52293314031094,150952,5
1791426939192195028,52293335290331,150976,5
1791426939213760632,52293356841394,150992,5
1791426939234533029,52293377652341,151016,5
1791426939255617186,52293398678370,151032,5
1791426939277069220,52293420173102,151056,5
1791426939297852389,52293440918260,151072,5
1791426939318730586,52293461826437,151096,5
1791426939340011919,52293483115788,151112,5
1791426939361261445,52293504362083,151136,4
1791426939381923329,52293524972114,151152,4
1791426939402834803,52293545983821,151176,4
1791426939424128630,52293567222154,151192,4
1791426939445619237,52293588746463,151216,4
1791426939466422821,52293609499746,151232,4
1791426939487521152,52293630568976,151256,4
1791426939508868154,52293651964655,151272,4
1791426939529861304,52293672941284,151296,4
1791426939550675394,52293693794218,151312,4
1791426939571856611,52293714959550,151336,4
1791426939593445848,52293736512370,151352,4
1791426939614153714,52293757241320,151376,4
1791426939635242914,52293778360771,151392,4
1791426939656684958,52293799765829,151416,4
1791426939677949046,52293821033228,151432,4
1791426939698883785,52293841987404,151456,5
1791426939720079692,52293863186103,151472,5
1791426939741564570,52293884623531,151496,4
1791426939762387081,52293905459010,151512,4
1791426939783483953,52293926533071,151536,4
1791426939805185569,52293948313650,151552,4
1791426939826070651,52293969128937,151576,4
1791426939847154502,52293990247263,151592,4
1791426939868555759,52294011655347,151616,4
1791426939889797014,52294032858872,151632,4
1791426939910792135,52294053931403,151656,4
1791426939932091791,52294075154571,151672,3
1791426939953505921,52294096573388,151696,3
1791426939974301180,52294117445590,151712,3
1791426939995551862,52294138629692,151736,3
1791426940017087800,52294160176196,151752,3
1791426940037871272,52294181031322,151776,3
1791426940058741637,52294201822254,151792,3
1791426940080102043,52294223204733,151816,3
1791426940101524701,52294244604302,151832,3
1791426940122273605,52294265333376,151856,3
1791426940143431685,52294286512834,151872,3
1791426940165183107,52294308340057,151896,3
1791426940186096256,52294329177182,151912,3
1791426940207231804,52294350312777,151936,3
1791426940229244468,52294372415070,151952,3
1791426940249889076,52294393047879,151976,3
1791426940270981619,52294414088216,151992,3
1791426940292329135,52294435402396,152016,3
1791426940313735056,52294456820512,152032,3
1791426940334553221,52294477686412,152056,3
1791426940355570473,52294498699802,152072,3
1791426940376923546,52294520040032,152096,3
1791426940398021574,52294541128918,152112,3
1791426940419041195,52294562099539,152136,3
1791426940440552024,52294583642313,152152,3
1791426940461749032,52294604864799,152176,3
1791426940482666903,52294625768183,152192,3
1791426940503935200,52294647004228,152216,3
1791426940525565955,52294668616199,152232,3
1791426940546258371,52294689326068,152256,3
1791426940567213676,52294710283598,152272,3
1791426940588681350,52294731743189,152296,3
1791426940609750531,52294752801506,152312,3
1791426940630634600,52294773679660,152336,3
1791426940651821139,52294794880076,152352,3
1791426940673570059,52294816630095,152376,3
1791426940694269935,52294837319205,152392,3
1791426940715334933,52294858411720,152416,3
1791426940737116339,52294880205703,152432,3
1791426940758123384,52294901206984,152456,3
1791426940779121833,52294922189921,152472,3
1791426940800773860,52294943861829,152496,3
1791426940821892749,52294965038625,152512,3
1791426940842873139,52294985968908,152536,3
1791426940864383536,52295007508213,152552,3
1791426940885618169,52295028742318,152576,3
1791426940906337491,52295049417460,152592,3
1791426940927529002,52295070606851,152616,3
1791426940949140188,52295092211403,152632,3
1791426940969942061,52295113008937,152656,3
1791426940990933805,52295134039755,152672,3
1791426941012468588,52295155546815,152696,4
1791426941033778786,52295176873148,152712,4
1791426941054676778,52295197765935,152736,4
1791426941076068329,52295219161257,152752,4
1791426941097408828,52295240505424,152776,4
1791426941118000412,52295261049012,152792,4
1791426941139081943,52295282175684,152816,4
1791426941160727884,52295303771155,152832,4
1791426941181738444,52295324793311,152856,4
1791426941202577656,52295345634100,152872,4
1791426941224080987,52295367158819,152896,4
1791426941245512539,52295388612300,152912,4
1791426941266218570,52295409273623,152936,5
1791426941287276396,52295430354187,152952,5
1791426941309021609,52295452081762,152976,5
1791426941330149739,52295473222474,152992,5
1791426941351004585,52295494094437,153016,5
1791426941372422009,52295515524324,153032,5
1791426941393775761,52295536867372,153056,5
1791426941414693730,52295557789974,153072,5
1791426941436020339,52295579111453,153096,6
1791426941457505936,52295600572041,153112,6
1791426941478227928,52295621310060,153136,6
1791426941502437536,52295645535807,153152,6
1791426941525852881,52295668946507,153176,6
1791426941546662167,52295689780274,153192,6
1791426941567910411,52295711015061,153216,7
1791426941589495384,52295732566924,153232,7
1791426941610103793,52295753198755,153256,7
1791426941631313274,52295774381669,153272,7
1791426941652466433,52295795559972,153296,7
1791426941673456626,52295816668208,153312,7
1791426941694336000,52295837424405,153336,7
1791426941715310161,52295858402045,153352,8
1791426941736507488,52295879555033,153376,8
1791426941757756577,52295900871975,153392,8
1791426941778571779,52295921658506,153416,8
1791426941799820148,52295942934038,153432,8
1791426941820967388,52295964074755,153456,8
1791426941841895854,52295984995621,153472,8
1791426941862789603,52296005895455,153496,9
1791426941884148931,52296027238300,153512,9
1791426941905676617,52296048749862,153536,9
1791426941926877052,52296069977250,153552,9
1791426941948730657,52296091809179,153576,9
1791426941970276456,52296113399158,153592,10
1791426941991304434,52296134404223,153616,10
1791426942012661251,52296155749299,153632,10
1791426942033740073,52296176815905,153656,10
1791426942054842125,52296197916899,153672,10
1791426942075912744,52296218994774,153696,10
1791426942097559862,52296240684112,153712,11
1791426942118208618,52296261288365,153736,11
1791426942139337723,52296282403320,153752,11
1791426942160753239,52296303852380,153776,11
1791426942181959513,52296325074026,153792,11
1791426942202859020,52296345954928,153816,11
1791426942224148307,52296367244391,153832,11
1791426942245476564,52296388543384,153856,11
1791426942266204159,52296409264125,153872,12
1791426942287289138,52296430377435,153896,12
1791426942309029615,52296452095537,153912,12
1791426942329986314,52296473032241,153936,12
1791426942350965001,52296494058600,153952,12
1791426942372487609,52296515594429,153976,12
1791426942393626739,52296536708699,153992,12
1791426942414546213,52296557644790,154016,12
1791426942435666844,52296578894990,154032,12
1791426942457297341,52296600486208,154056,13
1791426942478026090,52296621175517,154072,13
1791426942498932169,52296641997084,154096,13
1791426942523986985,52296667085830,154112,13
1791426942545188191,52296688375115,154136,12
1791426942565719148,52296708897308,154152,12
1791426942586507459,52296729742461,154176,12
1791426942608972097,52296752167904,154192,12
1791426942630079899,52296773149861,154216,12
1791426942651225920,52296794501769,154232,12
1791426942672739018,52296815844809,154256,12
1791426942693661025,52296836745879,154272,12
1791426942714511550,52296857622825,154296,12
1791426942735834653,52296878911955,154312,12
1791426942757546462,52296900693565,154336,12
1791426942778529925,52296921647898,154352,12
1791426942799488458,52296942574274,154376,12
1791426942820583323,52296963732238,154392,12
1791426942841639404,52296984715776,154416,11
1791426942862483552,52297005568843,154432,11
1791426942883809017,52297026868249,154456,11
1791426942905425873,52297048493759,154472,11
1791426942926162014,52297069252548,154496,11
1791426942947288686,52297090358254,154512,11
1791426942968783263,52297111825862,154536,11
1791426942989811426,52297132900231,154552,11
1791426943010741258,52297153849240,154576,11
1791426943032159171,52297175229297,154592,10
1791426943053485821,52297196583813,154616,10
1791426943074208908,52297217284493,154632,10
1791426943095317839,52297238432982,154656,10
1791426943117199293,52297260273819,154672,10
1791426943138081957,52297281237410,154696,10
1791426943159194154,52297302291598,154712,10
1791426943180806050,52297323915703,154736,10
1791426943201963527,52297345034265,154752,10
1791426943222888341,52297365952503,154776,10
1791426943244277715,52297387363747,154792,10
1791426943265608110,52297408700459,154816,10
1791426943286389467,52297429459122,154832,10
1791426943307621103,52297450688775,154856,10
1791426943329510088,52297472577196,154872,10
1791426943350302488,52297493390985,154896,10
1791426943371503484,52297514575407,154912,10
1791426943393004689,52297536063190,154936,10
1791426943414042783,52297557116507,154952,10
1791426943435131977,52297578226324,154976,10
1791426943456639909,52297599710145,154992,10
1791426943477773151,52297620886364,155016,10
1791426943498710353,52297641823988,155032,9
1791426943519847993,52297662923408,155056,9
1791426943541253305,52297684398541,155072,9
1791426943561823423,52297704928935,155096,9
1791426943582735096,52297725814065,155112,9
1791426943604115950,52297747214984,155136,9
1791426943625542323,52297768620615,155152,8
1791426943646283837,52297789370195,155176,8
1791426943667393224,52297810510314,155192,8
1791426943688577253,52297831651359,155216,8
1791426943709800431,52297852877112,155232,8
1791426943730654210,52297873716684,155256,8
1791426943751885411,52297894986588,155272,8
1791426943773542796,52297916635996,155296,8
1791426943794264140,52297937357829,155312,7
1791426943815358611,52297958435431,155336,7
1791426943837166350,52297980254264,155352,7
1791426943858187735,52298001280884,155376,7
1791426943879278990,52298022350219,155392,7
1791426943900551843,52298043616915,155416,7
1791426943921628907,52298064725461,155432,7
1791426943942573319,52298085672793,155456,7
1791426943963843032,52298106912776,155472,7
1791426943985494723,52298128670240,155496,7
1791426944006184915,52298149255799,155512,7
1791426944027099894,52298170186080,155536,7
1791426944048434567,52298191527947,155552,7
1791426944069633801,52298212750874,155576,7
1791426944090372555,52298233466994,155592,7
1791426944111551632,52298254617792,155616,7
1791426944132976122,52298276064092,155632,7
1791426944153815599,52298296906812,155656,7
1791426944174693309,52298317754224,155672,7
1791426944196050361,52298339150525,155696,7
1791426944217496122,52298360597953,155712,7
1791426944238188357,52298381237483,155736,7
1791426944259279494,52298402450033,155752,7
1791426944280713303,52298423792071,155776,7
1791426944301876640,52298444983841,155792,7
1791426944323002797,52298466075990,155816,7
1791426944344564786,52298487681995,155832,7
1791426944365696727,52298508752127,155856,7
1791426944386543152,52298529625530,155872,7
1791426944407831207,52298550885680,155896,7
1791426944429507731,52298572625745,155912,7
1791426944450195047,52298593245397,155936,7
1791426944471304865,52298614404071,155952,7
1791426944493118108,52298636212514,155976,7
1791426944514082678,52298657154194,155992,7
1791426944535146385,52298678264903,156016,7
1791426944556784989,52298699847325,156032,7
1791426944577873740,52298720936054,156056,7
1791426944598826095,52298741970677,156072,7
1791426944620126308,52298763213887,156096,8
1791426944641593330,52298784675234,156112,8
1791426944662382505,52298805466380,156136,8
1791426944683757551,52298826874024,156152,8
1791426944705297461,52298848360765,156176,8
1791426944726039301,52298869131219,156192,8
1791426944747040433,52298890120187,156216,8
1791426944768415935,52298911517960,156232,8
1791426944789733699,52298932789847,156256,8
1791426944810606857,52298953718842,156272,9
1791426944831750448,52298974810833,156296,9
1791426944853407144,52298996493399,156312,9
1791426944873990449,52299017047873,156336,9
1791426944894952205,52299038025430,156352,9
1791426944916129619,52299059271625,156376,9
1791426944937767151,52299080917143,156392,9
1791426944958419514,52299101508312,156416,9
1791426944979761581,52299122843538,156432,9
1791426945000937365,52299144047422,156456,10
1791426945022125880,52299165192086,156472,10
1791426945043043763,52299186133207,156496,10
1791426945064258568,52299207310085,156512,10
1791426945085477138,52299228537439,156536,10
1791426945106398199,52299249624394,156552,10
1791426945127729531,52299270819989,156576,10
1791426945149487538,52299292580848,156592,10
1791426945170232883,52299313332028,156616,10
1791426945191374764,52299334489201,156632,10
1791426945212947322,52299356048152,156656,10
1791426945233969870,52299377049459,156672,10
1791426945254960672,52299398050322,156696,10
1791426945276196830,52299419293257,156712,10
1791426945297636944,52299440717445,156736,10
1791426945318373534,52299461470177,156752,10
1791426945339500551,52299482610915,156776,10
1791426945360953079,52299504047111,156792,9
1791426945381811193,52299524909006,156816,9
1791426945402689094,52299545799104,156832,9
1791426945423899153,52299567002372,156856,9
1791426945445659543,52299588753858,156872,9
1791426945466492294,52299609571067,156896,9
1791426945487618454,52299630901047,156912,9
1791426945509810450,52299652917947,156936,9
1791426945530497430,52299673625190,156952,9
1791426945552028756,52299695267758,156976,9
1791426945574023040,52299717097818,156992,9
1791426945595210992,52299738262100,157016,9
1791426945616828509,52299759887800,157032,9
1791426945637799957,52299780905011,157056,9
1791426945658619159,52299801676824,157072,9
1791426945679892460,52299822978951,157096,9
1791426945701578896,52299844644711,157112,9
1791426945722274285,52299865331563,157136,9
1791426945743412658,52299886478552,157152,9
1791426945764961830,52299908161461,157176,9
1791426945785853351,52299928936612,157192,9
1791426945806711872,52299949766186,157216,9
1791426945828152608,52299971249861,157232,9
1791426945849625404,52299992700552,157256,8
1791426945870403837,52300013507232,157272,8
1791426945891623808,52300034675475,157296,8
1791426945913157012,52300056212134,157312,8
1791426945934010484,52300077115158,157336,8
1791426945955207478,52300098271235,157352,8
1791426945976551028,52300119704702,157376,8
1791426945998486169,52300141895270,157392,8
1791426946019778913,52300162987925,157416,7
1791426946041788731,52300184972960,157432,7
1791426946063877785,52300206955283,157456,7
1791426946085727444,52300228859455,157472,7
1791426946106356885,52300249562627,157496,7
1791426946127199660,52300270337445,157512,7
1791426946148661621,52300291810806,157536,7
1791426946169744423,52300312835185,157552,7
1791426946190567247,52300333656042,157576,7
1791426946211485256,52300354561515,157592,7
1791426946233016204,52300376182656,157616,7
1791426946253912359,52300397034931,157632,7
1791426946275238160,52300418323042,157656,7
1791426946296044411,52300439142755,157672,7
1791426946317812109,52300460911238,157696,7
1791426946338297315,52300481412644,157712,7
1791426946359442840,52300502551516,157736,7
1791426946381431483,52300524615177,157752,7
1791426946401989240,52300545079553,157776,7
1791426946422959364,52300566041275,157792,7
1791426946444282143,52300587374830,157816,7
1791426946465642397,52300608714095,157832,7
1791426946486477034,52300629573900,157856,7
1791426946507768108,52300650848815,157872,7
1791426946529398678,52300672473723,157896,7
1791426946550126962,52300693223731,157912,7
1791426946571191618,52300714251060,157936,7
1791426946592657690,52300735752349,157952,7
1791426946613765471,52300756831665,157976,7
1791426946634672723,52300777787632,157992,7
1791426946655680723,52300798743146,158016,7
1791426946677454101,52300820514527,158032,7
1791426946698191501,52300841252395,158056,7
1791426946719306228,52300862383761,158072,7
1791426946740880551,52300883987981,158096,7
1791426946761963553,52300905036712,158112,6
1791426946783032285,52300926126379,158136,6
1791426946804640011,52300947794542,158152,6
1791426946825867732,52300968987886,158176,6
1791426946846747990,52300989853961,158192,6
1791426946868274792,52301011374746,158216,6
1791426946889696706,52301032818494,158232,6
1791426946910535948,52301053627125,158256,6
1791426946931622371,52301074696599,158272,6
1791426946953269057,52301096345710,158296,6
1791426946973945431,52301117008782,158312,6
1791426946994836739,52301137903472,158336,6
1791426947016289425,52301159352936,158352,6
1791426947037769993,52301180828974,158376,6
1791426947058689601,52301201806415,158392,6
1791426947079980301,52301223060254,158416,6
1791426947101620998,52301244711117,158432,6
1791426947122440419,52301265521541,158456,7
1791426947143687235,52301286789910,158472,7
1791426947165321875,52301308446102,158496,7
1791426947186101979,52301329174799,158512,7
1791426947207171115,52301350255514,158536,7
1791426947228669652,52301371762893,158552,7
1791426947249809646,52301392944016,158576,7
1791426947270595466,52301413718422,158592,7
1791426947291966814,52301435087407,158616,7
1791426947313656302,52301456733695,158632,7
1791426947334471830,52301477566671,158656,7
1791426947355820978,52301498922100,158672,7
1791426947377529172,52301520610847,158696,8
1791426947398244314,52301541318534,158712,8
1791426947419321642,52301562372663,158736,8
1791426947441147796,52301584270102,158752,8
1791426947462139622,52301605211891,158776,8
1791426947483197034,52301626293291,158792,8
1791426947504498265,52301647557669,158816,8
1791426947525757715,52301668838003,158832,8
1791426947546693409,52301689783792,158856,8
1791426947568029150,52301711114702,158872,8
1791426947589490241,52301732568142,158896,8
1791426947610265620,52301753324353,158912,8
1791426947631421610,52301774487599,158936,8
1791426947653355862,52301796459193,158952,8
1791426947674139919,52301817208814,158976,8
1791426947695114236,52301838204406,158992,8
1791426947716855192,52301859943317,159016,8
1791426947737860339,52301880931211,159032,8
1791426947758448543,52301901504915,159056,9
1791426947779685535,52301922732597,159072,9
1791426947801367374,52301944490028,159096,9
1791426947821984764,52301965040009,159112,9
1791426947842812686,52301985851838,159136,9
1791426947863791041,52302006869251,159152,9
1791426947885189721,52302028302619,159176,9
1791426947905950560,52302049034773,159192,9
1791426947926892598,52302069972713,159216,9
1791426947948159006,52302091254260,159232,9
1791426947969445808,52302112514504,159256,9
1791426947990135716,52302133228064,159272,9
1791426948011086150,52302154159129,159296,9
1791426948032528465,52302175592809,159312,8
1791426948053568649,52302196643243,159336,8
1791426948074389608,52302217484574,159352,8
1791426948095410644,52302238487794,159376,8
1791426948117090677,52302260252955,159392,8
1791426948137912439,52302280992755,159416,8
1791426948158792485,52302301863955,159432,8
1791426948180110996,52302323156934,159456,7
1791426948201510054,52302344595564,159472,7
1791426948222240517,52302365370628,159496,7
1791426948243261660,52302386318678,159512,7
1791426948264867642,52302407913205,159536,7
1791426948285692106,52302428797060,159552,7
1791426948306439143,52302449539654,159576,6
1791426948327679382,52302470777605,159592,6
1791426948349121494,52302492197468,159616,6
1791426948369975286,52302513046358,159632,6
1791426948391000159,52302534072168,159656,6
1791426948412250694,52302555341016,159672,5
1791426948433587344,52302576637526,159696,5
1791426948454449131,52302597715190,159712,5
1791426948475526549,52302618586987,159736,5
1791426948497014659,52302640107873,159752,5
1791426948517856511,52302660934389,159776,4
1791426948538713654,52302681839608,159792,4
1791426948560074213,52302703182962,159816,4
1791426948581518892,52302724596962,159832,4
1791426948602260556,52302745423259,159856,4
1791426948623406656,52302766525662,159872,4
1791426948644666976,52302787717529,159896,3
1791426948665855389,52302808933591,159912,3
1791426948686999513,52302830045885,159936,3
1791426948708176581,52302851283646,159952,3
1791426948729421983,52302876385510,159976,3
1791426948750079747,52302893144832,159992,3
1791426948771119963,52302914195990,160016,3
1791426948792541859,52302935588879,160032,3
1791426948813716627,52302956912135,160056,2
1791426948834210036,52302977271054,160072,2
1791426948855210780,52302998301706,160096,2
1791426948876434200,52303019497526,160112,2
1791426948898001661,52303041083769,160136,2
1791426948918791172,52303061903884,160152,2
1791426948940149221,52303083393233,160176,1
1791426948961606177,52303104710541,160192,1
1791426948982493389,52303125610428,160216,1
1791426949003760803,52303146882587,160232,1
1791426949025002693,52303168121435,160256,1
1791426949045922717,52303189004924,160272,0
1791426949066903544,52303210012735,160296,0
1791426949088379553,52303231465610,160312,0
1791426949109592490,52303252659573,160336,0
1791426949130289196,52303273345278,160352,0
1791426949151370275,52303294446582,160376,0
1791426949172831356,52303315910708,160392,0
1791426949194255603,52303337321313,160416,0
1791426949215456225,52303358602026,160432,0
1791426949237550038,52303380656890,160456,0
1791426949258807490,52303401895402,160472,0
1791426949280012734,52303423107462,160496,0
1791426949301447175,52303444574511,160512,0
1791426949323918874,52303466975230,160536,0
1791426949345480219,52303488547789,160552,0
1791426949366127606,52303509185697,160576,0
1791426949387146155,52303530224213,160592,0
1791426949408371701,52303551448422,160616,0
1791426949429466887,52303572528372,160632,0
1791426949450150783,52303593213249,160656,0
1791426949471034335,52303614107376,160672,0
1791426949492083066,52303635148953,160696,0
1791426949513308811,52303656384093,160712,0
1791426949533974400,52303677078803,160736,0
1791426949554955789,52303698100048,160752,0
1791426949576196266,52303719280263,160776,0
1791426949597336416,52303740438042,160792,0
1791426949618020852,52303761104037,160816,0
1791426949638952216,52303782066620,160832,0
1791426949660510686,52303803623628,160856,0
1791426949681654599,52303824817949,160872,0
1791426949702471745,52303845961165,160896,0
1791426949725734033,52303868835530,160912,0
1791426949746405534,52303889587593,160936,0
1791426949769265778,52303912954089,160952,0
1791426949789995952,52303933056831,160976,0
1791426949810835831,52303953904996,160992,0
1791426949831984980,52303975099566,161016,0
1791426949853511446,52303996772526,161032,0
1791426949874065953,52304017178453,161056,0
1791426949895019586,52304038136022,161072,0
1791426949916582630,52304059674111,161096,0
1791426949937828028,52304080902810,161112,0
1791426949958603866,52304101669302,161136,0
1791426949979746114,52304122805415,161152,0
1791426950001014892,52304144182845,161176,0
1791426950022097494,52304165245518,161192,0
1791426950043026121,52304186169887,161216,0
1791426950064339210,52304207406399,161232,-1
1791426950085499547,52304228641408,161256,-1
1791426950106236609,52304249345098,161272,-1
1791426950127285970,52304270440143,161296,-1
1791426950148847253,52304291982390,161312,-1
1791426950169702025,52304312808394,161336,-1
1791426950190441775,52304333571326,161352,-1
1791426950211531285,52304354585765,161376,-1
1791426950233035551,52304376146230,161392,-1
1791426950253844360,52304396922738,161416,-1
1791426950274764081,52304417835649,161432,-1
1791426950295763981,52304438882954,161456,-1
1791426950317213515,52304460395962,161472,-1
1791426950338184165,52304481287017,161496,-1
1791426950359130438,52304502269627,161512,-1
1791426950380449509,52304523493605,161536,-1
1791426950401356991,52304544448630,161552,-1
1791426950422212196,52304565360078,161576,-1
1791426950443156444,52304586357891,161592,-1
1791426950464406850,52304607570321,161616,-1
1791426950485625098,52304628841015,161632,-1
1791426950506533400,52304649601426,161656,-2
1791426950527660694,52304670720259,161680,-2
1791426950549195822,52304692248662,161696,-2
1791426950570059031,52304713145438,161712,-2
1791426950590865796,52304734023218,161736,-2
1791426950612261771,52304755404385,161752,-2
1791426950633524259,52304776609111,161776,-2
1791426950654243801,52304797444048,161792,-2
1791426950675290611,52304818414906,161816,-2
1791426950696759145,52304839824614,161832,-2
1791426950717755902,52304860828708,161856,-2
1791426950738585399,52304881695793,161872,-2
1791426950759603463,52304902690388,161896,-2
1791426950781094510,52304924192393,161912,-2
1791426950801853275,52304944904012,161936,-2
1791426950822706231,52304965883012,161952,-2
1791426950843923178,52304987062203,161976,-1
1791426950865144309,52305008261903,161992,-1
1791426950885911827,52305028992602,162016,-1
1791426950906714536,52305049938605,162032,-1
1791426950928119747,52305071181546,162056,-1
1791426950949377491,52305092491192,162072,-1
1791426950970116302,52305113175359,162096,-1
1791426950990870221,52305133934686,162112,-1
1791426951012035522,52305155111284,162136,-1
1791426951033682446,52305176803766,162152,-1
1791426951054616757,52305197673200,162176,-1
1791426951075478033,52305218590051,162192,-1
1791426951096659183,52305239735965,162216,-1
1791426951117573115,52305260685983,162232,-1
1791426951138369045,52305281480580,162256,-1
1791426951159455048,52305302670708,162272,0
1791426951180673700,52305323736782,162296,0
1791426951201750847,52305344799622,162312,0
1791426951222616226,52305365728803,162336,0
1791426951243774619,52305386924244,162352,0
1791426951265220702,52305408288519,162376,0
1791426951286138196,52305429259752,162392,0
1791426951307046626,52305450178240,162416,0
1791426951328034316,52305471069107,162432,0
1791426951349375331,52305492453407,162456,0
1791426951370132032,52305513190657,162472,0
1791426951391043058,52305534095641,162496,1
1791426951412485619,52305555569585,162512,1
1791426951433577600,52305576624118,162536,1
1791426951454560622,52305597669757,162552,1
1791426951475501312,52305618554946,162576,1
1791426951496917545,52305639994476,162592,1
1791426951517809425,52305660886027,162616,2
1791426951538746060,52305681878268,162632,2
1791426951559920883,52305702983835,162656,2
1791426951581431320,52305724478940,162672,2
1791426951602043847,52305745093081,162696,2
1791426951623002325,52305766107190,162712,2
1791426951644213086,52305787279176,162736,2
1791426951665464081,52305808555622,162752,2
1791426951686161719,52305829279680,162776,3
1791426951707129247,52305850267940,162792,3
1791426951728543501,52305871637613,162816,3
1791426951749723098,52305892805685,162832,3
1791426951770524541,52305913592999,162856,3
1791426951791738468,52305934842056,162872,3
1791426951813240131,52305956363168,162896,3
1791426951833946957,52305977051715,162912,3
1791426951854861930,52305997942384,162936,3
1791426951876208691,52306019302731,162952,3
1791426951897546261,52306040625905,162976,3
1791426951918261067,52306061339006,162992,3
1791426951939380126,52306082450973,163016,3
1791426951960962066,52306104018324,163032,3
1791426951981807632,52306124880929,163056,3
1791426952002585912,52306145639331,163072,3
1791426952023574831,52306166658300,163096,3
1791426952044828074,52306187892049,163112,3
1791426952065858509,52306208927360,163136,3
1791426952086634961,52306229718592,163152,3
1791426952107868025,52306250967152,163176,3
1791426952129071005,52306272123406,163192,3
1791426952149889949,52306292974529,163216,2
1791426952170890523,52306313961613,163232,2
1791426952192235469,52306335332561,163256,2
1791426952213578711,52306356675917,163272,2
1791426952234270242,52306377352518,163296,2
1791426952255352467,52306398468607,163312,2
1791426952276857602,52306419902482,163336,2
1791426952297806049,52306440852097,163352,1
1791426952318687140,52306461754966,163376,1
1791426952339832094,52306482929867,163392,1
1791426952361447899,52306504588801,163416,1
1791426952381876524,52306524952146,163432,1
1791426952403479085,52306546546034,163456,1
1791426952425050189,52306568108277,163472,1
1791426952445784451,52306588859811,163496,1
1791426952466585731,52306609647554,163512,1
1791426952487714416,52306630796519,163536,1
1791426952508936147,52306652034686,163552,1
1791426952529811485,52306672896061,163576,1
1791426952550662439,52306693803684,163592,1
1791426952571700906,52306714781371,163616,1
1791426952593367630,52306736417308,163632,1
1791426952615477419,52306758940755,163656,1
1791426952636887039,52306780180811,163672,1
1791426952658240998,52306801404116,163696,1
1791426952678816145,52306822112932,163712,1
1791426952699967894,52306843201522,163736,1
1791426952721685919,52306864761473,163752,1
1791426952743179308,52306886273298,163776,1
1791426952765485326,52306908586031,163792,1
1791426952786118009,52306929230676,163816,1
1791426952806986059,52306950058933,163832,1
1791426952828371493,52306971475691,163856,1
1791426952849467287,52306992696066,163872,1
1791426952870255618,52307013344036,163896,2
1791426952891220929,52307034270858,163912,2
1791426952912195617,52307055281981,163936,2
1791426952933420444,52307076556378,163952,2
1791426952953923245,52307097032121,163976,2
1791426952974814118,52307117918060,163992,2
1791426952995994309,52307139051071,164016,2
1791426953017090734,52307160190908,164032,2
1791426953037930005,52307181046704,164056,3
1791426953058716470,52307201800112,164072,3
1791426953079889255,52307222966480,164096,3
1791426953100942125,52307244090924,164112,3
1791426953121738958,52307264836252,164136,3
1791426953142497480,52307285581926,164152,4
1791426953163783786,52307306898014,164176,4
1791426953185293261,52307328492022,164192,4
1791426953205908540,52307349005800,164216,4
1791426953226783163,52307369875228,164232,5
1791426953248692112,52307391837326,164256,5
1791426953269710440,52307412968780,164272,5
1791426953290613042,52307433680674,164296,5
1791426953311713190,52307454766157,164312,6
1791426953333240544,52307476356434,164336,6
1791426953353924211,52307497013677,164352,6
1791426953375064731,52307518158471,164376,6
1791426953396255251,52307539320324,164392,6
1791426953417914660,52307560995365,164416,7
1791426953438989007,52307582046650,164432,7
1791426953459735650,52307602840962,164456,7
1791426953480709960,52307623928569,164472,7
1791426953501603967,52307644766150,164496,7
1791426953522314424,52307665396955,164512,7
1791426953543419029,52307686750280,164536,7
1791426953564766633,52307707905774,164552,7
1791426953585907910,52307729023440,164576,8
1791426953606753020,52307749889324,164592,8
1791426953628002710,52307771208269,164616,8
1791426953653016966,52307796098555,164632,8
1791426953673963809,52307817051994,164656,8
1791426953694744558,52307837811988,164672,8
1791426953715960341,52307859093209,164696,8
1791426953737466471,52307880554296,164712,9
1791426953758182304,52307901257845,164736,9
1791426953779216417,52307922296317,164752,9
1791426953800680696,52307943824542,164776,9
1791426953821814574,52307964893677,164792,9
1791426953842643712,52307985764988,164816,9
1791426953863885919,52308006989003,164832,9
1791426953885488899,52308028561715,164856,9
1791426953906180626,52308049301558,164872,9
1791426953927186693,52308070274584,164896,8
1791426953948558948,52308091630558,164912,8
1791426953969667475,52308112868141,164936,8
1791426953990477614,52308133559635,164952,8
1791426954011649031,52308154731962,164976,8
1791426954033417231,52308176557651,164992,8
1791426954054160781,52308197249923,165016,8
1791426954075294233,52308218423717,165032,8
1791426954096800350,52308239926538,165056,8
1791426954117771921,52308260878942,165072,8
1791426954138610115,52308281712099,165096,8
1791426954159898802,52308303037039,165112,8
1791426954181456222,52308324555855,165136,8
1791426954202151144,52308345247786,165152,8
1791426954223153976,52308366260459,165176,8
1791426954244635898,52308387756766,165192,8
1791426954265704014,52308408774710,165216,8
1791426954286458064,52308429524919,165232,8
1791426954307621130,52308450747073,165256,8
1791426954329144626,52308472241729,165272,9
1791426954349941949,52308493041642,165296,9
1791426954370885619,52308513991712,165312,9
1791426954391992839,52308535116160,165336,9
1791426954413407849,52308556525720,165352,9
1791426954434100797,52308577245539,165376,9
1791426954454992064,52308598113369,165392,9
1791426954476269636,52308619394089,165416,9
1791426954497529772,52308640615781,165432,9
1791426954518201687,52308661293508,165456,9
1791426954539218463,52308682328335,165472,9
1791426952265636279,52308703712369,165496,9
1791426952286943243,52308725018495,165512,9
1791426952307779197,52308745816860,165536,9
1791426952328886384,52308766934842,165552,9
1791426952350307322,52308788416295,165576,9
1791426952370789241,52308808806999,165592,9
1791426952391627346,52308829667784,165616,9
1791426952412748533,52308850769931,165632,9
1791426952434282947,52308872360715,165656,9
1791426952455106764,52308893155626,165672,9
1791426952476108776,52308914155458,165696,9
1791426952497428480,52308935483447,165712,9
1791426952518644746,52308956698231,165736,9
1791426952539400103,52308977417795,165752,9
1791426952560303489,52308998361101,165776,9
1791426952581561993,52309019582514,165792,9
1791426952602817952,52309040841372,165816,9
1791426952623703911,52309061827566,165832,9
1791426952644943667,52309082957445,165856,10
1791426952666514049,52309104580414,165872,10
1791426952687246075,52309125295252,165896,10
1791426952708044535,52309146073414,165912,10
1791426952728990331,52309167077169,165936,10
1791426952750351213,52309188382555,165952,10
1791426952770882331,52309208896668,165976,10
1791426952791733422,52309229743129,165992,10
1791426952812934432,52309250969419,166016,10
1791426952834267409,52309272311296,166032,11
1791426952854990998,52309293055960,166056,11
1791426952875987223,52309314016325,166072,11
1791426952897134173,52309335131223,166096,11
1791426952918480446,52309356509250,166112,11
1791426952939269455,52309377362613,166136,11
1791426952960289069,52309398353727,166152,11
1791426952981450913,52309419442204,166176,12
1791426953002498982,52309440564555,166192,12
1791426953023224495,52309461255060,166216,12
1791426953044296468,52309482293302,166232,12
1791426953065567315,52309503614784,166256,12
1791426953086538510,52309524536643,166272,12
1791426953107209751,52309545229110,166296,12
1791426953128150828,52309566186499,166312,12
1791426953149100323,52309587107427,166336,12
1791426953170511450,52309608495823,166352,12
1791426953191179750,52309629174853,166376,12
1791426953212063955,52309650078094,166392,13
1791426953233414082,52309671419906,166416,13
1791426953254505126,52309692491015,166432,13
1791426953275168432,52309713193654,166456,13
1791426953296080885,52309734078844,166472,13
1791426953316955951,52309754945753,166496,13
1791426953337992757,52309776075567,166512,13
1791426953358887703,52309796898777,166536,14
1791426953379675483,52309817666779,166552,14
1791426953400858631,52309838954901,166576,14
1791426953422364024,52309860483347,166592,14
1791426953443045788,52309881068905,166616,14
1791426953463964626,52309901950354,166632,15
1791426953485159272,52309923179810,166656,15
1791426953506483402,52309944510412,166672,15
1791426953527137451,52309965136388,166696,15
1791426953548008555,52309986037152,166712,15
1791426953569203118,52310007187208,166736,15
1791426953590496352,52310028512303,166752,15
1791426953611195661,52310049200331,166776,16
1791426953631991357,52310070002568,166792,16
1791426953653307989,52310091298534,166816,16
1791426953674477634,52310112577026,166832,16
1791426953695281316,52310133279328,166856,16
1791426953716072755,52310154248261,166872,16
1791426953737438618,52310175447759,166896,16
1791426953758843441,52310196950802,166912,16
1791426953779563407,52310217561019,166936,16
1791426953800449573,52310238466878,166952,16
1791426953821511929,52310259542196,166976,16
1791426953842633655,52310280751315,166992,16
1791426953863357639,52310301376813,167016,16
1791426953884266139,52310322315406,167032,16
1791426953905711368,52310343740552,167056,16
1791426953926736052,52310364741852,167072,16
1791426953947512004,52310385536544,167096,16
1791426953968913496,52310406941866,167112,16
1791426953989870698,52310427920020,167136,16
1791426954010711637,52310448795177,167152,16
1791426954031356051,52310469381960,167176,16
1791426954052270828,52310490331082,167192,16
1791426954073401096,52310511405771,167216,16
1791426954094537703,52310532588742,167232,16
1791426954115650320,52310553661176,167256,16
1791426954136960325,52310574967822,167272,16
1791426954159414029,52310597419528,167296,16
1791426954179357586,52310617519528,167312,15
1791426954200121304,52310638129637,167336,15
1791426954222294288,52310660388590,167352,15
1791426954243241797,52310681274011,167376,15
1791426954264019637,52310702128642,167392,15
1791426954285132769,52310723284946,167416,15
1791426954306547447,52310744612171,167432,15
1791426954327040413,52310765068189,167456,15
1791426954347607155,52310785682581,167472,15
1791426954368463837,52310806605366,167496,14
1791426954389602365,52310827637563,167512,14
1791426954410577720,52310848619393,167536,14
1791426954431287084,52310869285547,167552,14
1791426954452263987,52310890251443,167576,14
1791426954473257729,52310911314216,167592,14
1791426954494002775,52310932063711,167616,14
1791426954514715461,52310952736564,167632,14
1791426954535543830,52310973535299,167656,14
1791426954556411307,52310994597902,167672,14
1791426954577800551,52311015887753,167696,14
1791426954598871956,52311036893846,167712,13
1791426954619900533,52311057898386,167736,13
1791426954641092190,52311079104714,167752,13
1791426954662450601,52311100514426,167776,13
1791426954683049284,52311121040182,167792,13
1791426954703808852,52311141855910,167816,13
1791426954724969631,52311162976004,167832,13
1791426954746525047,52311184531275,167856,13
1791426954767116969,52311205117263,167872,13
1791426954787928181,52311225927735,167896,12
1791426954808902828,52311246980395,167912,12
1791426954830640197,52311268671529,167936,12
1791426954851199576,52311289260537,167952,12
1791426954872148680,52311310184332,167976,12
1791426954893263867,52311331404355,167992,12
1791426954914594494,52311352631352,168016,12
1791426954935337325,52311373340396,168032,11
1791426954956281737,52311394377168,168056,11
1791426954977871578,52311416019778,168072,11
1791426954998822050,52311436871661,168096,11
1791426955019573858,52311457637545,168112,11
1791426955040834444,52311478895279,168136,11
1791426955062454713,52311500642058,168152,11
1791426955083027651,52311521081489,168176,10
1791426955103940553,52311541960058,168192,10
1791426955125276972,52311563372927,168216,10
1791426955146615601,52311584632857,168232,10
1791426955167285996,52311605274358,168256,10
1791426955188287061,52311626304889,168272,10
1791426955209596650,52311647632043,168296,10
1791426955230812794,52311668831288,168312,10
1791426955251612121,52311689636976,168336,10
1791426955272852213,52311710917624,168352,9
1791426955294537818,52311732552197,168376,9
1791426955315422552,52311753412639,168392,9
1791426955336435917,52311774463458,168416,9
1791426955357613100,52311795770711,168432,9
1791426955378649875,52311816745670,168456,9
1791426955399267775,52311837297739,168472,9
1791426955420093472,52311858125506,168496,9
1791426955441348228,52311879358646,168520,9
1791426955462694485,52311900706080,168536,9
1791426955483231249,52311921281486,168552,9
1791426955504194309,52311942240304,168576,9
1791426955525483321,52311963486011,168600,9
1791426955546656703,52311984706573,168616,9
1791426955567512527,52312005523574,168632,9
1791426955588553368,52312026627100,168656,9
1791426955609783573,52312047836367,168672,9
1791426955630909007,52312068945675,168696,9
1791426955651534017,52312089528173,168712,10
1791426955672694534,52312110728767,168736,10
1791426955694197189,52312132247951,168752,10
1791426955714911649,52312152907327,168776,10
1791426955735710858,52312173706944,168792,10
1791426955757048916,52312195156648,168816,10
1791426955778516807,52312216507931,168832,10
1791426955799199369,52312237254098,168856,11
1791426955820234398,52312258243202,168872,11
1791426955841732607,52312279759735,168896,11
1791426955862746907,52312300811016,168912,11
1791426955883492961,52312321476104,168936,11
1791426955904497533,52312342495393,168952,11
1791426955925933097,52312363944158,168976,11
1791426955946797019,52312384788756,168992,11
1791426955967627738,52312405618159,169016,11
1791426955988834795,52312426819599,169032,11
1791426956010621068,52312448634008,169056,11
1791426956031268676,52312469262522,169072,12
1791426956052305964,52312490315510,169096,12
1791426956073836987,52312511855931,169112,12
1791426956094956035,52312532949186,169136,12
1791426956115788481,52312553789279,169152,12
1791426956137098874,52312575112944,169176,12
1791426956158653806,52312596678392,169192,12
1791426956179422775,52312617441468,169216,12
1791426956200456957,52312638477869,169232,12
1791426956221999806,52312660032217,169256,12
1791426956242844986,52312680878862,169272,12
1791426956263626759,52312701649153,169296,12
1791426956284659591,52312722702845,169312,12
1791426956305791865,52312743773635,169336,11
1791426956326622143,52312764736937,169352,11
1791426956347153753,52312785147404,169376,11
1791426956368002745,52312805997476,169392,11
1791426956389265120,52312827274379,169416,11
1791426956410255872,52312848245169,169432,11
1791426956430828990,52312868828327,169456,11
1791426956451584308,52312889573953,169472,11
1791426956472681597,52312910673701,169496,10
1791426956494330938,52312932344462,169512,10
1791426956515061960,52312953047012,169536,10
1791426956535889874,52312973913809,169552,10
1791426956557274692,52312995341544,169576,10
1791426956578709641,52313016743133,169592,10
1791426956599395762,52313037384499,169616,10
1791426956620445044,52313058418000,169632,10
1791426956642060757,52313080100363,169656,10
1791426956662876827,52313100875819,169672,10
1791426956683752311,52313121789849,169696,9
1791426956704889508,52313142915758,169712,9
1791426956726075594,52313164091124,169736,9
1791426956746931072,52313184965270,169752,9
1791426956767818483,52313205813403,169776,9
1791426956788986455,52313227018342,169792,9
1791426956810332783,52313248386714,169816,9
1791426956831154025,52313269175137,169832,9
1791426956852000166,52313290048362,169856,9
1791426956873394629,52313311385425,169872,8
1791426956894664837,52313332659483,169896,8
1791426956915345285,52313353347173,169912,8
1791426956936203225,52313374180155,169936,8
1791426956957368239,52313395358994,169952,8
1791426956978810712,52313416822595,169976,8
1791426956999598584,52313437599097,169992,8
1791426957020633873,52313458621127,170016,8
1791426957042126459,52313480108608,170032,8
1791426957062792805,52313500801002,170056,8
1791426957083525601,52313521548782,170072,8
1791426957104510700,52313542496673,170096,8
1791426957125910307,52313563922239,170112,8
1791426957146866265,52313584856894,170136,7
1791426957167662003,52313605742560,170152,7
1791426957188898207,52313626947670,170176,7
1791426957210406682,52313648406183,170192,7
1791426957231137002,52313669192329,170216,7
1791426957251852683,52313689832793,170232,7
1791426957273177377,52313711196186,170256,7
1791426957294518352,52313732667130,170272,7
1791426957315198493,52313753221948,170296,7
1791426957336093039,52313774134509,170312,7
1791426957357243078,52313795226993,170336,7
1791426957382522670,52313820582391,170360,7
1791426957399408948,52313837351907,170376,7
1791426957420298485,52313858253658,170392,7
1791426957441480196,52313879519992,170416,7
1791426957462583515,52313900622857,170432,7
1791426957483225908,52313921290293,170456,7
1791426957504261918,52313942268608,170472,7
1791426957525284601,52313963318837,170496,7
1791426957546623099,52313984783760,170512,7
1791426957567470468,52314005430074,170536,7
1791426957588462392,52314026420750,170552,7
1791426957609577905,52314047529026,170576,7
1791426957630874443,52314068969210,170592,7
1791426957651339059,52314089352728,170616,7
1791426957672415714,52314110482086,170640,7
1791426957693256650,52314132485125,170656,7
1791426957716084878,52314154447493,170672,6
1791426957735652649,52314173736975,170696,6
1791426957756733941,52314194835976,170712,6
1791426957777758615,52314215797904,170736,6
1791426957799735492,52314237825344,170752,6
1791426957820912078,52314258932351,170776,6
1791426957842509498,52314280563324,170792,6
1791426957862929190,52314300985727,170816,7
1791426957884214286,52314322184090,170832,7
1791426957904819228,52314342765568,170856,7
1791426957926094917,52314364050647,170872,7
1791426957946907882,52314384997836,170896,7
1791426957967679353,52314405694219,170912,7
1791426957988761824,52314426788550,170936,7
1791426958010076629,52314448039538,170952,7
1791426958030938463,52314468980451,170976,7
1791426958051722691,52314489752420,170992,7
1791426958072870188,52314510926194,171016,7
1791426958094039080,52314532063562,171032,7
1791426958114789576,52314552870545,171056,7
1791426958135568708,52314573588002,171072,7
1791426958156575307,52314594627591,171096,7
1791426958177891962,52314615847645,171112,8
1791426958198799380,52314636896205,171136,8
1791426958219628599,52314657660662,171160,8
1791426958241196200,52314679228613,171176,8
1791426958262483948,52314700512538,171192,8
1791426958283178990,52314721126410,171216,8
1791426958304200675,52314742223532,171232,8
1791426958325728168,52314763671416,171256,8
1791426958346902223,52314784902309,171272,8
1791426958367560764,52314805692210,171296,8
1791426958388515067,52314826529067,171312,8
1791426958409765114,52314847808127,171336,8
1791426958430739329,52314868767520,171352,8
1791426958451414366,52314889561353,171376,8
1791426958472529395,52314910612860,171392,8
1791426958493904715,52314931854178,171416,8
1791426958515032759,52314953087782,171432,8
1791426958535865589,52314973928280,171456,9
1791426958557248643,52314995416902,171472,9
1791426958578890134,52315017008982,171496,9
1791426958599325639,52315037363702,171512,9
1791426958620367612,52315058438494,171536,9
1791426958641576405,52315079702907,171552,9
1791426958662673329,52315100777610,171576,10
1791426958683388657,52315121432896,171592,10
1791426958704411568,52315142496807,171616,10
1791426958725757065,52315163785784,171632,10
1791426958746787419,52315184791013,171656,10
1791426958767461932,52315205474446,171672,10
1791426958788291017,52315226398466,171696,11
1791426958809649475,52315247698270,171712,11
1791426958830646376,52315268711859,171736,11
1791426958851301924,52315289350328,171752,11
1791426958872220067,52315310254179,171776,11
1791426958893690304,52315331661535,171792,11
1791426958914568372,52315352718538,171816,11
1791426958935409001,52315373363753,171832,12
1791426958956213257,52315394257546,171856,12
1791426958977558320,52315415637049,171872,12
1791426958998797484,52315436838177,171896,12
1791426959019663933,52315457738924,171912,12
1791426959040665712,52315478707752,171936,12
1791426959062313595,52315500402936,171952,12
1791426959083105307,52315521308640,171976,12
1791426959103989188,52315542178065,171992,12
1791426959125319598,52315563368819,172016,12
1791426959146642706,52315584637362,172032,12
1791426959167224279,52315605282974,172056,12
1791426959188019541,52315626190093,172072,12
1791426959209169624,52315647189365,172096,12
1791426959230470463,52315668503464,172112,12
1791426959251136085,52315689166401,172136,12
1791426959271834269,52315710040862,172152,12
1791426959292931547,52315730966999,172176,12
1791426959314270282,52315752337127,172192,12
