recv_ns,time_boot_ms,relative_alt_mm
1791426361823087555,2476,-1592
1791426361844375174,2492,-1499
1791426361865458030,2516,-1499
1791426361886236863,2532,-1499
1791426361907503971,2556,-1498
1791426362002472841,2572,-1498
1791426362023260191,2596,-1498
1791426362045308057,2612,-1497
1791426362067802041,2636,-1497
1791426362088745604,2652,-1496
1791426362112765324,2676,-1495
1791426362135427171,2692,-1495
1791426362156661889,2716,-1494
1791426362177907677,2732,-1494
1791426362198992940,2756,-1493
1791426362220168115,2772,-1493
1791426362242592069,2796,-1492
1791426362263964303,2812,-1491
1791426362285401931,2836,-1491
1791426362306095995,2852,-1490
1791426362327155919,2876,-1489
1791426362348502093,2892,-1489
1791426362369705148,2916,-1488
1791426362390636294,2932,-1488
1791426362411838452,2956,-1487
1791426362433351829,2972,-1487
1791426362453984301,2996,-1486
1791426362474978533,3012,-1485
1791426362496434458,3036,-1485
1791426362517652241,3052,-1484
1791426362539009340,3076,-1483
1791426362560757019,3100,-1483
1791426362581544520,3116,-1482
1791426362602256003,3132,-1482
1791426362623498656,3156,-1481
1791426362644852372,3172,-1481
1791426362665694589,3196,-1480
1791426362686524318,3212,-1479
1791426362707788796,3236,-1479
1791426362729424126,3252,-1478
1791426362750090116,3276,-1478
1791426362771190495,3292,-1477
1791426362792698279,3316,-1477
1791426362813728121,3332,-1476
1791426362834631050,3356,-1476
1791426362855863980,3372,-1476
1791426362877288271,3396,-1475
1791426362897889663,3412,-1475
1791426362918839065,3436,-1474
1791426362940264717,3452,-1474
1791426362961447516,3476,-1473
1791426362982223454,3492,-1473
1791426363003303860,3516,-1472
1791426363024891281,3532,0
1791426363045785973,3556,1
1791426363067002059,3572,1
1791426363088020423,3596,2
1791426363109342802,3612,2
1791426363130068164,3636,3
1791426363151180198,3652,3
1791426363172641126,3676,4
1791426363193787812,3692,5
1791426363215099892,3716,5
1791426363236454675,3732,6
1791426363257481131,3756,7
1791426363278353481,3772,7
1791426363299548188,3796,8
1791426363321423020,3812,8
1791426363342195873,3836,9
1791426363363332006,3852,10
1791426363385180886,3876,10
1791426363405871826,3892,11
1791426363426749631,3916,11
1791426363451301835,3932,12
1791426363473243138,3956,12
1791426363494087823,3972,13
1791426363515213305,3996,13
1791426363537220909,4012,14
1791426363557480281,4036,15
1791426363578194564,4052,15
1791426363599287559,4076,16
1791426363621012761,4092,16
1791426363641812157,4116,17
1791426363662838650,4132,17
1791426363684143310,4156,18
1791426363705566805,4172,18
1791426363726182382,4196,19
1791426363747186568,4212,19
1791426363768781439,4236,20
1791426363789659125,4252,20
1791426363810406408,4276,21
1791426363831566741,4292,22
1791426363853289982,4316,22
1791426363873924970,4332,23
1791426363894903932,4356,23
1791426363916309731,4372,23
1791426363937518606,4396,24
1791426363961343361,4412,24
1791426363982045115,4436,24
1791426364003202984,4452,25
1791426364024911449,4476,25
1791426364045746696,4492,25
1791426364066636672,4516,26
1791426364088126198,4532,26
1791426364109552154,4556,26
1791426364130234376,4572,26
1791426364152801011,4596,27
1791426364173804529,4612,27
1791426364194662290,4636,27
1791426364216036527,4652,28
1791426364237643943,4676,28
1791426364258288964,4692,28
1791426364279430759,4716,28
1791426364300922994,4732,28
1791426364321811843,4756,29
1791426364342808258,4772,29
1791426364364195403,4796,30
1791426364385378557,4812,30
1791426364406125687,4836,30
1791426364427454063,4852,31
1791426364448839977,4876,31
1791426364469775969,4892,31
1791426364490621191,4916,32
1791426364512044189,4932,32
1791426364533222130,4956,32
1791426364554140826,4972,33
1791426364575211868,4996,33
1791426364596486247,5012,33
1791426364618473167,5036,34
1791426364639151645,5052,34
1791426364660718853,5076,35
1791426364681778242,5092,35
1791426364702765534,5116,35
1791426364723990616,5132,36
1791426364745312536,5156,36
1791426364765864244,5172,36
1791426364786909925,5196,37
1791426364808161051,5212,37
1791426364829649544,5236,38
1791426364850298877,5252,38
1791426364871442402,5276,38
1791426364893043800,5292,39
1791426364913834864,5316,39
1791426364934916104,5332,39
1791426364956625546,5356,40
1791426364977484687,5372,40
1791426364998223834,5396,40
1791426365019341211,5412,41
1791426365042924063,5436,41
1791426365064638938,5452,41
1791426365085661943,5476,42
1791426365106456604,5492,42
1791426365127830465,5516,43
1791426365149430786,5532,43
1791426365170082725,5556,43
1791426365191137859,5572,44
1791426365212698807,5596,44
1791426365233754876,5612,44
1791426365254773403,5636,45
1791426365275896749,5652,45
1791426365297514938,5676,46
1791426365318321903,5692,46
1791426365339343110,5716,46
1791426365360744259,5732,46
1791426365381799373,5756,47
1791426365402600475,5772,47
1791426365423811634,5796,48
1791426365445669833,5812,48
1791426365466796187,5836,48
1791426365487839174,5860,0
1791426365509764118,5876,0
1791426365611474395,5892,0
1791426365633066027,5916,0
1791426365654001928,5932,0
1791426365674896863,5956,1
1791426365696152279,5972,1
1791426365717610542,5996,1
1791426365738853919,6012,1
1791426365760554421,6036,1
1791426365781923122,6052,1
1791426365802809438,6076,2
1791426365824040461,6092,2
1791426365845411278,6116,2
1791426365866559934,6140,2
1791426365887577713,6156,3
1791426365909312089,6172,3
1791426365929838094,6196,3
1791426365950796980,6212,3
1791426365971905594,6236,3
1791426365993605113,6252,3
1791426366014586786,6276,3
1791426366035856395,6292,3
1791426366057309188,6316,3
1791426366078024934,6332,3
1791426366099005345,6356,3
1791426366120158927,6372,3
1791426366141452485,6396,3
1791426366162219855,6412,3
1791426366183291053,6436,2
1791426366205133215,6452,2
1791426366225624211,6476,2
1791426366246470401,6492,2
1791426366267873593,6516,2
1791426366289441982,6532,2
1791426366310173566,6556,2
1791426366331221423,6572,2
1791426366352790925,6596,2
1791426366373605793,6612,3
1791426366394414036,6636,3
1791426366415535641,6652,3
1791426366437309512,6676,4
1791426366458021654,6692,4
1791426366479134363,6716,5
1791426366500424646,6732,6
1791426366521634359,6756,6
1791426366542527698,6772,6
1791426366563784449,6796,6
1791426366585245547,6812,6
1791426366605934024,6836,7
1791426366626878831,6852,7
1791426366648189564,6876,8
1791426366669532692,6892,8
1791426366690273293,6916,9
1791426366711450411,6932,10
1791426366733063797,6956,10
1791426366753632449,6972,10
1791426366774583033,6996,10
1791426366796123986,7012,10
1791426366817234359,7036,11
1791426366837952137,7052,12
1791426366859081376,7076,12
1791426366880624636,7092,13
1791426366901599875,7116,14
1791426366922433994,7132,15
1791426366943509835,7156,16
1791426366964604592,7172,17
1791426366985501971,7196,18
1791426367006305425,7212,19
1791426367027303653,7236,21
1791426367048532726,7252,22
1791426367069610110,7276,23
1791426367090452896,7292,24
1791426367111549986,7316,25
1791426367132670935,7332,26
1791426367153673716,7356,26
1791426367174615821,7372,26
1791426367195825729,7396,26
1791426367217527695,7420,27
1791426367238341364,7436,28
1791426367259295597,7452,28
1791426367280857298,7476,29
1791426367301794748,7492,30
1791426367322639049,7516,32
1791426367344126361,7532,32
1791426367365544322,7556,34
1791426367386644882,7572,35
1791426367407760436,7596,36
1791426367429479501,7612,37
1791426367450353028,7636,37
1791426367471356886,7652,37
1791426367493142685,7676,38
1791426367513890192,7692,0
1791426367534893973,7716,1
1791426367556366638,7732,1
1791426367577640069,7756,1
1791426367598479019,7772,1
1791426367619600443,7796,1
1791426367641106935,7812,1
1791426367661947845,7836,0
1791426367682886829,7852,0
1791426367704008810,7876,0
1791426367725506874,7892,0
1791426367746217646,7916,0
1791426367767558867,7932,0
1791426367788766989,7956,0
1791426367810311001,7972,0
1791426367831338256,7996,0
1791426367852683609,8012,0
1791426367873483776,8036,0
1791426367894005076,8052,0
1791426367915049579,8076,0
1791426367936452321,8092,-1448
1791426367957723322,8116,-1449
1791426367978549642,8132,-1449
1791426367999840531,8156,-1450
1791426368021136368,8172,-1451
1791426368042049368,8196,-1452
1791426368062964265,8212,-1453
1791426368084332080,8236,-1454
1791426368105533340,8260,-1455
1791426368126236066,8276,-1456
1791426368147240153,8292,-1457
1791426368168448120,8316,-1458
1791426368189439779,8332,-1459
1791426368210208626,8356,84
1791426368231224317,8372,82
1791426368252524582,8396,81
1791426368273642664,8412,80
1791426368294538845,8436,79
1791426368315568966,8452,78
1791426368337682706,8476,77
1791426368358489569,8492,-1071
1791426368379556408,8516,-1071
1791426368401314245,8532,-1071
1791426368421746586,8556,-1072
1791426368442506358,8572,-1072
1791426368463721886,8596,-1072
1791426368486362153,8612,-1072
1791426368505844297,8636,-1070
1791426368526498873,8652,-1069
1791426368547519854,8676,-1067
1791426368568605710,8692,-1066
1791426368589694261,8716,-1065
1791426368610837411,8732,-1063
1791426368633329879,8756,-1062
1791426368653534059,8772,-1061
1791426368674393928,8796,-1059
1791426368695563137,8812,-1058
1791426368716926416,8836,-1058
1791426368737771506,8852,-1057
1791426368758771615,8876,-1055
1791426368779794474,8892,-1054
1791426368800976857,8916,-1053
1791426368821642928,8932,-1052
1791426368842432202,8956,-1050
1791426368863276872,8972,-1049
1791426368884524471,8996,-1048
1791426368905557363,9012,-1046
1791426368926083015,9036,-1045
1791426368947065592,9052,-1044
1791426368968296417,9076,-1042
1791426368989660804,9092,-1040
1791426369010376063,9116,-1038
1791426369031468870,9132,-1037
1791426369052618387,9156,-1034
1791426369073507451,9172,-1032
1791426369094245234,9196,-1028
1791426369115206725,9212,-1025
1791426369136467852,9236,-1020
1791426369158008826,9252,-1016
1791426369179282983,9276,-1009
1791426369200779564,9300,-1003
1791426369221760638,9316,-998
1791426369242502426,9332,-992
1791426369263735132,9356,-983
1791426369285391293,9372,-976
1791426369306144887,9396,-965
1791426369327142618,9412,-956
1791426369348383999,9436,-942
1791426369369686166,9460,-926
1791426369390133925,9476,-914
1791426369411443718,9492,-902
1791426369432878980,9516,-882
1791426369453861560,9532,-868
1791426369474854852,9556,-844
1791426369496131644,9572,-828
1791426369517449267,9596,-801
1791426369538203739,9612,-782
1791426369559254620,9636,-753
1791426369580312965,9652,-733
1791426369601387215,9676,-701
1791426369622023147,9692,-679
1791426369642973164,9716,-646
1791426369664376839,9732,-622
1791426369685689735,9756,-586
1791426369706508386,9772,-561
1791426369727788072,9796,-523
1791426369749299943,9812,-497
1791426369769839474,9836,-456
1791426369790679913,9852,-428
1791426369813984654,9876,-384
1791426369834989120,9892,-354
1791426369856387782,9916,-308
1791426369877404185,9932,-276
1791426369898093456,9956,-227
1791426369919137465,9972,-194
1791426369940474590,9996,-142
1791426369961379464,10012,-107
1791426369982144239,10036,-53
1791426370003040528,10052,-17
1791426370024008867,10076,37
1791426370045178085,10092,73
1791426370065869744,10116,128
1791426370086832778,10132,165
1791426370108187403,10156,221
1791426370129153789,10172,258
1791426370149790265,10196,314
1791426370170483786,10212,352
1791426370191502883,10236,-926
1791426370212657670,10252,-888
1791426370233591655,10276,-831
1791426370254483042,10292,-793
1791426370275697773,10316,-736
1791426370297285898,10332,-698
1791426370317884122,10356,811
1791426370338890754,10372,850
1791426370360289231,10396,909
1791426370381364557,10412,948
1791426370402100603,10436,1007
1791426370423421678,10452,1047
1791426370444492248,10476,1107
1791426370465652880,10492,1147
1791426370486580001,10516,1207
1791426370507609785,10532,1247
1791426370528825009,10556,1308
1791426370549493736,10572,1348
1791426370570378282,10596,1408
1791426370591543306,10612,1448
1791426370612869525,10636,1508
1791426370633861420,10652,1548
1791426370654753263,10676,1608
1791426370676243008,10692,1648
1791426370697555548,10716,1708
1791426370718277932,10732,1748
1791426370739551746,10756,1809
1791426370761152390,10772,1849
1791426370781802183,10796,1910
1791426370802559059,10812,1950
1791426370823787397,10836,2012
1791426370845497604,10860,2073
1791426370865939819,10876,2114
1791426370887042256,10892,2155
1791426370908496515,10916,2217
1791426370929620759,10932,2259
1791426370950405375,10956,2322
1791426370971589605,10972,2364
1791426370993130954,10996,2427
1791426371013925892,11012,2469
1791426371034980199,11036,2533
1791426371056557525,11052,2576
1791426371077696729,11076,2640
1791426371098367422,11092,2683
1791426371119533790,11116,2747
1791426371141121215,11140,2812
1791426371161961375,11156,2855
1791426371182659537,11172,2899
1791426371203863037,11196,2965
1791426371225486145,11212,3008
1791426371246061070,11236,3074
1791426371267089567,11252,3117
1791426371288157156,11276,3182
1791426371310899874,11300,3246
1791426371330272991,11316,3289
1791426371351958610,11340,3353
1791426371372955035,11356,3396
1791426371393677771,11372,3439
1791426371414577378,11396,3503
1791426371435571743,11412,3546
1791426371456893135,11436,3609
1791426371477775476,11452,3651
1791426371498660743,11476,3715
1791426371519961097,11492,3757
1791426371541269574,11516,3821
1791426371561946947,11532,3863
1791426371582799098,11556,3926
1791426371604137761,11572,3969
1791426371625435072,11596,4033
1791426371646081208,11612,4075
1791426371667112526,11636,4139
1791426371688570531,11652,4181
1791426371709716271,11676,4245
1791426371730624122,11692,4287
1791426371751904977,11716,4351
1791426371773816621,11732,4393
1791426371794612391,11756,4457
1791426371816039447,11772,4499
1791426371837954377,11796,4563
1791426371858288091,11812,4605
1791426371879343658,11836,4669
1791426371901121507,11852,4712
1791426371922074360,11876,4775
1791426371943235323,11892,4818
1791426371965504969,11916,4882
1791426371986163105,11932,4925
1791426372007243337,11956,4989
1791426372028918923,11972,6355
1791426372049819289,11996,6420
1791426372070648878,12012,6463
1791426372092006171,12036,6528
1791426372113542676,12052,6572
1791426372134079123,12076,6638
1791426372155029289,12092,6682
1791426372176492396,12116,5576
1791426372197742200,12132,5620
1791426372218491573,12156,5685
1791426372239803360,12172,5728
1791426372261430833,12196,5793
1791426372282304981,12220,5859
1791426372303660115,12236,5902
1791426372325473279,12252,5946
1791426372346686237,12276,6011
1791426372368020611,12292,6054
1791426372389437318,12316,6120
1791426372410380390,12332,6163
1791426372431592094,12356,6229
1791426372453241459,12372,6273
1791426372473989466,12396,6339
1791426372494977392,12412,6383
1791426372516375136,12436,6448
1791426372537543391,12452,6492
1791426372558489629,12476,6558
1791426372580583711,12492,6601
1791426372601848365,12516,6667
1791426372622692470,12532,6711
1791426372643975079,12556,6777
1791426372665407166,12572,6821
1791426372686088032,12596,6888
1791426372707178195,12612,6933
1791426372728643962,12636,7000
1791426372749904209,12652,7044
1791426372770858027,12676,7111
1791426372792027433,12692,7156
1791426372813647262,12716,7223
1791426372835706910,12732,7268
1791426372857221505,12756,7335
1791426372878030722,12772,7380
1791426372899074719,12796,7447
1791426372920843435,12812,7492
1791426372941843306,12836,7559
1791426372962726917,12852,7604
1791426372983915431,12876,7672
1791426373005474710,12892,7718
1791426373026311443,12916,7786
1791426373048229725,12932,7832
1791426373069599598,12956,7901
1791426373090482142,12972,7947
1791426373111443577,12996,8016
1791426373133149821,13012,8062
1791426373156858285,13036,8131
1791426373177827154,13052,8176
1791426373198902183,13076,8245
1791426373220427623,13092,8290
1791426373241689668,13116,8358
1791426373262474740,13132,8403
1791426373283443708,13156,8471
1791426373304852316,13172,8516
1791426373325750204,13196,8584
1791426373346552285,13212,8629
1791426373370390113,13236,8696
1791426373391523089,13252,8741
1791426373412521696,13276,8809
1791426373433707354,13292,8854
1791426373454596769,13316,8922
1791426373475858792,13332,8968
1791426373497169153,13356,9035
1791426373517709092,13372,9080
1791426373538556653,13396,9148
1791426373559938162,13412,9193
1791426373581091793,13436,9261
1791426373602101592,13452,9305
1791426373623055903,13476,9373
1791426373644543267,13492,9417
1791426373665686296,13516,9485
1791426373686556601,13532,9530
1791426373707869035,13556,9597
1791426373729459095,13572,9642
1791426373750184379,13596,9710
1791426373771194383,13612,9755
1791426373792854453,13636,9823
1791426373813947419,13652,9868
1791426373834829952,13676,9936
1791426373856130768,13692,9982
1791426373877416542,13716,10050
1791426373898087557,13732,10095
1791426373919156934,13756,10164
1791426373940672711,13772,10209
1791426373961725913,13796,10278
1791426373982686329,13812,10325
1791426374004119779,13836,10394
1791426374025669873,13852,10440
1791426374046467872,13876,10510
1791426374067717857,13892,10556
1791426374089298374,13916,10625
1791426374110125157,13932,10672
1791426374131113349,13956,10741
1791426374152334997,13972,10787
1791426374173354408,13996,10856
1791426374194116649,14012,10902
1791426374215229031,14036,10970
1791426374236747315,14052,11016
1791426374257843107,14076,11084
1791426374278765162,14092,11130
1791426374299897069,14116,11199
1791426374321394848,14132,11244
1791426374342225669,14156,11312
1791426374363186673,14172,11358
1791426374384881996,14196,11427
1791426374405934937,14212,11473
1791426374426944146,14236,11542
1791426374448457192,14252,11588
1791426374469522558,14276,11657
1791426374490423129,14292,11702
1791426374511775218,14316,11771
1791426374533007396,14332,11817
1791426374553666595,14356,11886
1791426374574580099,14372,11932
1791426374595837103,14396,12001
1791426374617364120,14412,12047
1791426374638136119,14436,12116
1791426374659045565,14452,12163
1791426374680704839,14476,12233
1791426374701831624,14492,12279
1791426374722673778,14516,12347
1791426374743962323,14532,12393
1791426374765526947,14556,12462
1791426374786405636,14572,12508
1791426374807588243,14596,12577
1791426374829267704,14612,12624
1791426374850065216,14636,12693
1791426374871129762,14652,12739
1791426374892763134,14676,12808
1791426374913592981,14692,12855
1791426374934349122,14716,12923
1791426374955865716,14732,12969
1791426374977523813,14756,13037
1791426374998140927,14772,13083
1791426375019396740,14796,13151
1791426375041255804,14812,13196
1791426375062183142,14836,13265
1791426375083188143,14852,13310
1791426375104859694,14876,13379
1791426375125690428,14892,13425
1791426375146634549,14916,13495
1791426375167964520,14932,13541
1791426375189398384,14956,13611
1791426375210213415,14972,13657
1791426375231273093,14996,13727
1791426375252811498,15012,13774
1791426375273790643,15036,13845
1791426375294874204,15052,13893
1791426375316169930,15076,13964
1791426375337511470,15092,14012
1791426375358297186,15116,14083
1791426375379348701,15132,14130
1791426375400806893,15156,14201
1791426375421851619,15172,14248
1791426375442724566,15196,14317
1791426375463739679,15212,14364
1791426375485369624,15236,14433
1791426375506136998,15252,14478
1791426375527257620,15276,14546
1791426375548841688,15292,14592
1791426375569685094,15316,14661
1791426375590573635,15332,14707
1791426375611782237,15356,14776
1791426375632949672,15372,14822
1791426375653805818,15396,14891
1791426375674735522,15412,14938
1791426375695834863,15436,15007
1791426375717151361,15452,15054
1791426375737957799,15476,15123
1791426375759041611,15492,15169
1791426375779935813,15516,15237
1791426375801250268,15532,15283
1791426375821987327,15556,15351
1791426375843024508,15572,15397
1791426375864388713,15596,13922
1791426375885863942,15612,13968
1791426375906607493,15636,14035
1791426375927851159,15652,14080
1791426375949449785,15676,14148
1791426375970087238,15692,14193
1791426375991055201,15716,14261
1791426376012581077,15732,15836
1791426376034069991,15756,15906
1791426376055121832,15772,15953
1791426376076518327,15796,16024
1791426376097646790,15812,16072
1791426376118406967,15836,16143
1791426376139524230,15852,16190
1791426376160977304,15876,16260
1791426376181873234,15900,16330
1791426376202390609,15916,16376
1791426376223291825,15932,16423
1791426376244844062,15956,16493
1791426376265859745,15972,16540
1791426376286840208,15996,16609
1791426376308298386,16012,16655
1791426376329744878,16036,16723
1791426376350595239,16052,16768
1791426376371730422,16076,16838
1791426376393368545,16092,16884
1791426376414274541,16116,16953
1791426376436051422,16140,17023
1791426376456947242,16156,17070
1791426376477954673,16172,17117
1791426376500662288,16196,17187
1791426376521941742,16212,17233
1791426376543064056,16236,17303
1791426376605467888,16292,17463
1791426376622943372,16308,17509
1791426376644358698,16332,17578
1791426376665490785,16348,17623
1791426376686169948,16372,17692
1791426376707416569,16388,17738
1791426376728935763,16412,17807
1791426376749779211,16428,17853
1791426376770681929,16452,17922
1791426376792198338,16468,17968
1791426376813654968,16492,18038
1791426376834384617,16508,18084
1791426376855576780,16532,18153
1791426376877160337,16548,18199
1791426376897856788,16572,18267
1791426376918755696,16588,18313
1791426376940080459,16612,18383
1791426376961606970,16628,18428
1791426376982405680,16652,18497
1791426377003618945,16668,18542
1791426377025209441,16692,18611
1791426377046072486,16708,18657
1791426377066857757,16732,18726
1791426377088527333,16748,18772
1791426377109675528,16772,18841
1791426377130517957,16788,18887
1791426377152026960,16812,18957
1791426377173678787,16828,19004
1791426377194115376,16852,19074
1791426377215266924,16868,19120
1791426377236693877,16892,19190
1791426377257523905,16908,19237
1791426377278215035,16932,19307
1791426377299452414,16948,19353
1791426377321007619,16972,19422
1791426377342125489,16988,19469
1791426377362853035,17012,19538
1791426377384468127,17028,19584
1791426377405672143,17052,19652
1791426377426579146,17068,19698
1791426377447749518,17092,19767
1791426377469462061,17108,19813
1791426377490196655,17132,19881
1791426377511414853,17148,19927
1791426377532629317,17172,19994
1791426377553940343,17188,20040
1791426377574782129,17212,20108
1791426377596157184,17228,20153
1791426377617508995,17252,20221
1791426377638578068,17268,20267
1791426377659633880,17292,20334
1791426377681512214,17308,20380
1791426377702144490,17332,20447
1791426377723173445,17348,20492
1791426377744829306,17372,20559
1791426377765942002,17388,20605
1791426377786752433,17412,20674
1791426377808314786,17428,20720
1791426377829638394,17452,20789
1791426377850570542,17468,20835
1791426377872104601,17492,19723
1791426377893655202,17508,19768
1791426377914409069,17532,19837
1791426377935593530,17548,19882
1791426377957065093,17572,19951
1791426377977959752,17588,19996
1791426377998902315,17612,21857
1791426378019985646,17628,21905
1791426378041588713,17652,21975
1791426378062322582,17668,22023
1791426378083477888,17692,22094
1791426378104850091,17708,22142
1791426378127586893,17732,22212
1791426378146584140,17748,22258
1791426378167583532,17772,22325
1791426378189181877,17788,22371
1791426378209705128,17812,22438
1791426378230786230,17828,22484
1791426378252013461,17852,22551
1791426378273290138,17868,22596
1791426378293884539,17892,22660
1791426378314773323,17908,22704
1791426378335877275,17932,22768
1791426378357556416,17956,22833
1791426378377870077,17972,22877
1791426378398738379,17988,22920
1791426378420020858,18012,22985
1791426378441538090,18028,23028
1791426378462145947,18052,23092
1791426378483720780,18068,23135
1791426378505047606,18092,23201
1791426378525937069,18108,23244
1791426378546827295,18132,23308
1791426378568086768,18148,23350
1791426378589361221,18172,23415
1791426378610085445,18188,23458
1791426378630976085,18212,23523
1791426378652251916,18228,23566
1791426378673296951,18252,23633
1791426378693904658,18268,23678
1791426378714790775,18292,23745
1791426378736046337,18308,23791
1791426378757553268,18332,23859
1791426378778264426,18348,23905
1791426378799259280,18372,23974
1791426378820750369,18388,24021
1791426378841693862,18412,24090
1791426378862506547,18428,24135
1791426378883587921,18452,24204
1791426378905287945,18468,24250
1791426378925841245,18492,24319
1791426378946808648,18508,24365
1791426378968022520,18532,24435
1791426378989447250,18548,24482
1791426379010076841,18572,24551
1791426379031127212,18588,24598
1791426379052375829,18612,23481
1791426379073519127,18628,23525
1791426379094223141,18652,23591
1791426379115359894,18668,23635
1791426379136664948,18692,23701
1791426379157902002,18708,23746
1791426379179218668,18732,23812
1791426379201629953,18756,23880
1791426379222129139,18772,23926
1791426379243238533,18788,23972
1791426379264314817,18812,24041
1791426379285592859,18828,24087
1791426379306466932,18852,24156
1791426379327263264,18868,24202
1791426379348581904,18892,24272
1791426379369649908,18908,24319
1791426379390332345,18932,24388
1791426379411764817,18948,24434
1791426379433367139,18972,24503
1791426379454074505,18988,24549
1791426379474979630,19012,24614
1791426379496456809,19028,24657
1791426379517898216,19052,24722
1791426379539297396,19068,24765
1791426379560685548,19092,24830
1791426379581845110,19108,24872
1791426379602551919,19132,24934
1791426379623655760,19148,24975
1791426379645636858,19172,25036
1791426379666225346,19188,25077
1791426379687389518,19212,25137
1791426379708812719,19228,25177
1791426379729814411,19252,25235
1791426379750908394,19268,25273
1791426379772036350,19292,25330
1791426379793321962,19308,25367
1791426379813984963,19332,25422
1791426379834911390,19348,25458
1791426379856130633,19372,25511
1791426379877451091,19388,25545
1791426379898070169,19412,25597
1791426379919118827,19428,25631
1791426379940346473,19452,25681
1791426379961820391,19468,25714
1791426379982469511,19492,25763
1791426380003955295,19516,25811
1791426380025363258,19532,25842
1791426380046286515,19548,25872
1791426380067155212,19572,25918
1791426380088978051,19588,25948
1791426380110106377,19612,25993
1791426380131035567,19628,26021
1791426380152287473,19652,26064
1791426380173372184,19668,26092
1791426380193994000,19692,26134
1791426380214954873,19708,26162
1791426380236185287,19732,26203
1791426380257382155,19756,26242
1791426380277950398,19772,26267
1791426380299057793,19788,26292
1791426380320274711,19812,26330
1791426380341529036,19828,26354
1791426380362150657,19852,26390
1791426380383205245,19868,26413
1791426380404768808,19892,26445
1791426380425598222,19908,26467
1791426380446177372,19932,26499
1791426380467167521,19948,26520
1791426380488282291,19972,26552
1791426380509565116,19988,26574
1791426380529919477,20012,26604
1791426380551081887,20028,26624
1791426380571781854,20052,26654
1791426380593505515,20068,26674
1791426380613939812,20092,26703
1791426380634889243,20108,26723
1791426380655883396,20132,26750
1791426380677065917,20148,26767
1791426380697776968,20172,26794
1791426380718711328,20188,26812
1791426380739811707,20212,26838
1791426380761038516,20228,26856
1791426380781980349,20252,26882
1791426380802768278,20268,26900
1791426380823726836,20292,26926
1791426380845099131,20308,26944
1791426380865950059,20332,26970
1791426380886924839,20348,26987
1791426380907930290,20372,27013
1791426380929274119,20388,27030
1791426380953276511,20412,27056
1791426380974073116,20428,27072
1791426380994532453,20452,27097
1791426381015700990,20468,27114
1791426381037017161,20492,28306
1791426381061509007,20508,28324
1791426381082173454,20532,28349
1791426381103218754,20548,28365
1791426381124627260,20572,28390
1791426381145481071,20588,28406
1791426381166135862,20612,28430
1791426381187004666,20628,28443
1791426381208308515,20652,28462
1791426381229504175,20668,28475
1791426381250204509,20692,28494
1791426381271277071,20708,28507
1791426381292075522,20732,28525
1791426381313088399,20748,28536
1791426381334010461,20772,28552
1791426381355065104,20788,28563
1791426381375879381,20812,28580
1791426381401387974,20828,28591
1791426381422075122,20852,28608
1791426381443151755,20868,28619
1791426381464153589,20892,28635
1791426381485510401,20908,28645
1791426381506129673,20932,28660
1791426381526998009,20948,28670
1791426381548301225,20972,28685
1791426381569527726,20988,28696
1791426381590323772,21012,28707
1791426381610994443,21028,28715
1791426381632096961,21052,28728
1791426381653708290,21068,28737
1791426381674184271,21092,28751
1791426381695379976,21108,27512
1791426381716425826,21132,27524
1791426381737611310,21148,27531
1791426381758261126,21172,27543
1791426381779279248,21188,27550
1791426381800594897,21212,27561
1791426381821638476,21228,29097
1791426381842385388,21252,29108
1791426381863397333,21268,29116
1791426381884800416,21292,29127
1791426381905750833,21308,29135
1791426381926415229,21332,29147
1791426381947627329,21348,29154
1791426381969265388,21372,29165
1791426381989881591,21388,29170
1791426382012165852,21412,29178
1791426382039037408,21428,29183
1791426382060522397,21452,29192
1791426382081468905,21468,29197
1791426382102103411,21492,29206
1791426382123010003,21508,29211
1791426382146048657,21532,29218
1791426382165542158,21548,29224
1791426382186261858,21572,29232
1791426382207248422,21588,29238
1791426382228590738,21612,29247
1791426382249644756,21628,29252
1791426382270405543,21652,29260
1791426382291606206,21668,29265
1791426382313208770,21692,29274
1791426382333929227,21708,29280
1791426382354792260,21732,29289
1791426382376217168,21748,29293
1791426382397393935,21772,29301
1791426382418124631,21788,29306
1791426382439113505,21812,29314
1791426382460529390,21828,29319
1791426382481961045,21852,28136
1791426382502363074,21868,28140
1791426382523404593,21892,28143
1791426382544566120,21908,28145
1791426382565652129,21932,28148
1791426382586413395,21948,28151
1791426382607793027,21972,28157
1791426382629284786,21988,28161
1791426382649883929,22012,28166
1791426382670768626,22028,28170
1791426382691883028,22052,28177
1791426382714209276,22068,28182
1791426382735134922,22092,28190
1791426382756356654,22108,28195
1791426382779073440,22132,28201
1791426382800196005,22148,28206
1791426382821518932,22172,28212
1791426382842552098,22196,28218
1791426382863273988,22212,28223
1791426382885109453,22228,28227
1791426382905823455,22252,28232
1791426382926713225,22268,28236
1791426382947855855,22292,28241
1791426382969187358,22308,28245
1791426382990119365,22332,28250
1791426383011153062,22348,28254
1791426383032791769,22372,28260
1791426383053797149,22388,28264
1791426383074645922,22412,28271
1791426383095847908,22428,28276
1791426383117441249,22452,28282
1791426383138046860,22468,28287
1791426383158920322,22492,28293
1791426383180118089,22508,28297
1791426383201497853,22532,28302
1791426383224273397,22548,28306
1791426383245789556,22572,28312
1791426383267108127,22588,28316
1791426383289929015,22612,28322
1791426383311732875,22628,28325
1791426383333384507,22652,28330
1791426383354902054,22676,28335
1791426383375826610,22692,28339
1791426383399763988,22716,28345
1791426383418382898,22732,28349
1791426383439330325,22748,28353
1791426383461901889,22772,28359
1791426383482446059,22788,28363
1791426383503611636,22812,28369
1791426383525340263,22828,28373
1791426383545944499,22852,28380
1791426383566931352,22868,28383
1791426383588385520,22892,28388
1791426383609460506,22908,28392
1791426383630316435,22932,28398
1791426383651337212,22948,28402
1791426383672689882,22972,28408
1791426383693774093,22988,28413
1791426383714532000,23012,28417
1791426383735622633,23028,28419
1791426383757002554,23052,28424
1791426383777938516,23068,28427
1791426383799053353,23092,28431
1791426383820275284,23108,28434
1791426383841537499,23132,28436
1791426383863626858,23148,28438
1791426383886465603,23172,28441
1791426383907616528,23188,28443
1791426383929073729,23212,28447
1791426383950347638,23228,28449
1791426383971688129,23252,28452
1791426383993059453,23268,28455
1791426384013972039,23292,28459
1791426384034938308,23316,28463
1791426384056392728,23332,28466
1791426384077572421,23348,28469
1791426384098390634,23372,28474
1791426384119576535,23388,28477
1791426384140745180,23412,28481
1791426384161849512,23428,28484
1791426384182943688,23452,28487
1791426384204376310,23468,28490
1791426384225601070,23492,28493
1791426384246830945,23516,28494
1791426384267360316,23532,28494
1791426384288971683,23548,28495
1791426384309773182,23572,28497
1791426384330731096,23596,28499
1791426384351865716,23612,28500
1791426384373449330,23628,28501
1791426384394070625,23652,28503
1791426384415210289,23668,28504
1791426384436767295,23692,28506
1791426384457764130,23708,28508
1791426384478425438,23732,28511
1791426384499533666,23748,28511
1791426384520864261,23772,28512
1791426384541759025,23788,28513
1791426384562852914,23812,28514
1791426384583940878,23828,28514
1791426384605664998,23852,28515
1791426384626411107,23868,28515
1791426384647470709,23892,28515
1791426384669294926,23908,28515
1791426384689777832,23932,28516
1791426384710790285,23948,28516
1791426384732082316,23972,28517
1791426384753377840,23988,28519
1791426384774176448,24012,28521
1791426384795061685,24028,28523
1791426384816286695,24052,28525
1791426384837551389,24068,28527
1791426384858939942,24092,28531
1791426384880139049,24108,28533
1791426384901400587,24132,28533
1791426384922181124,24148,28534
1791426384943235235,24172,28536
1791426384964327809,24188,28538
1791426384985621279,24212,28540
1791426385006263000,24228,28542
1791426385027304898,24252,28544
1791426385048764444,24268,28545
1791426385069669587,24292,28546
1791426385090466122,24308,28548
1791426385111641395,24332,28550
1791426385133287841,24348,28552
1791426385153975529,24372,28554
1791426385174949901,24388,28555
1791426385196308225,24412,28556
1791426385217505958,24428,28556
1791426385238337919,24452,28557
1791426385259270865,24468,29981
1791426385280615364,24492,29983
1791426385301853849,24508,29984
1791426385322781445,24532,29987
1791426385343867444,24556,29989
1791426385365113460,24572,29992
1791426385385868029,24588,29994
1791426385406926223,24612,28727
1791426385428155311,24628,28726
1791426385449432203,24652,28726
1791426385470202546,24668,28726
1791426385490866284,24692,28726
1791426385512349639,24708,28726
1791426385533571079,24732,28726
1791426385554216567,24748,28725
1791426385575304848,24772,28724
1791426385596504963,24788,28724
1791426385617662685,24812,28723
1791426385638468994,24828,28723
1791426385659537918,24852,28723
1791426385680900753,24868,28723
1791426385701622215,24892,28724
1791426385722222124,24908,28724
1791426385743094268,24932,28725
1791426385764241810,24948,28725
1791426385785206429,24972,28726
1791426385805637673,24988,28727
1791426385826347990,25012,28725
1791426385847304371,25028,28724
1791426385870584244,25052,28723
1791426385891422980,25068,28722
1791426385913029586,25092,28722
1791426385933849297,25108,28723
1791426385954637624,25132,28723
1791426385975962394,25148,28724
1791426385997660747,25172,28726
1791426386018187994,25188,28728
1791426386039243655,25212,28733
1791426386060478471,25228,28737
1791426386081673344,25252,28741
1791426386102511051,25268,28743
1791426386123756072,25292,28747
1791426386145442467,25308,28750
1791426386166052452,25332,28754
1791426386187042062,25348,28757
1791426386208447817,25372,28761
1791426386229836783,25388,28762
1791426386250571680,25412,28765
1791426386271794760,25428,28766
1791426386293501029,25452,28768
1791426386314201879,25468,28769
1791426386335505941,25492,28769
1791426386356686491,25508,28769
1791426386377809355,25532,28767
1791426386398720976,25548,28766
1791426386419893399,25572,28763
1791426386441436719,25588,28762
1791426386462214715,25612,28759
1791426386483252204,25628,28756
1791426386504720963,25652,28752
1791426386525796575,25668,28749
1791426386546553262,25692,28744
1791426386567840487,25708,28742
1791426386589479295,25732,28738
1791426386610447097,25748,28733
1791426386631576534,25772,28726
1791426386653078427,25788,28722
1791426386673959358,25812,28715
1791426386694883492,25828,28711
1791426386716301239,25852,30218
1791426386737621569,25868,30214
1791426386758345104,25892,30206
1791426386779484705,25908,30201
1791426386801029824,25932,30195
1791426386821982711,25948,30190
1791426386842908475,25972,30184
1791426386865015216,25996,30177
1791426386885724009,26012,30170
1791426386906499104,26028,30163
1791426386927623689,26052,30154
1791426386949094554,26068,30148
1791426386969917734,26092,28624
1791426386990719024,26108,28619
1791426387012025416,26132,28607
1791426387033580097,26148,28600
1791426387054299441,26172,28589
1791426387075243641,26188,28583
1791426387096597671,26212,28574
1791426387117727396,26228,28568
1791426387138484215,26252,28557
1791426387159475947,26268,28550
1791426387181193288,26292,28541
1791426387201976384,26308,28535
1791426387222872373,26332,28526
1791426387244245834,26348,28520
1791426387265720407,26372,28510
1791426387286325814,26388,28503
1791426387307386897,26412,28492
1791426387328930495,26428,28485
1791426387349910162,26452,28475
1791426387370726319,26468,28469
1791426387392091492,26492,28460
1791426387413444048,26508,28453
1791426387434185017,26532,28443
1791426387455190818,26548,28437
1791426387476639001,26572,28428
1791426387497937282,26588,28423
1791426387518487970,26612,28415
1791426387539676793,26628,28409
1791426387561016617,26652,28400
1791426387581832364,26668,28395
1791426387602652463,26692,28388
1791426387623739046,26708,28383
1791426387645542242,26732,28376
1791426387666176011,26748,28370
1791426387687164164,26772,28362
1791426387708717191,26788,28356
1791426387729734473,26812,28348
1791426387750473593,26828,28343
1791426387771580560,26852,28336
1791426387793332039,26868,28331
1791426387813947514,26892,28322
1791426387834797238,26908,28317
1791426387855983363,26932,28309
1791426387877722456,26948,28304
1791426387898103225,26972,28297
1791426387918896906,26988,28293
1791426387940264439,27012,28286
1791426387961793471,27036,28279
1791426387982029856,27052,28275
1791426388002844810,27068,28271
1791426388023786723,27092,28265
1791426388045433040,27108,28261
1791426388066077731,27132,28252
1791426388086998636,27148,28247
1791426388108494879,27172,28240
1791426388129531654,27188,28237
1791426388150176933,27212,28231
1791426388171270258,27228,28228
1791426388193828155,27252,28221
1791426388213711071,27268,28216
1791426388234533242,27292,28209
1791426388256079262,27316,28202
1791426388277201537,27332,28198
1791426388298035566,27348,28194
1791426388319686303,27372,28186
1791426388340855094,27388,28180
1791426388361745162,27412,28171
1791426388382474245,27428,28165
1791426388403461600,27452,28157
1791426388424786973,27468,28152
1791426388445723828,27492,28144
1791426388466471669,27508,28137
1791426388487508475,27532,28127
1791426388508779945,27548,28121
1791426388529658154,27572,28112
1791426388550455966,27588,28107
1791426388571309760,27612,28100
1791426388592284271,27628,28092
1791426388613545172,27652,28080
1791426388634290705,27668,28073
1791426388655333476,27692,28063
1791426388677126217,27708,28057
1791426388697864049,27732,28047
1791426388718844653,27748,28039
1791426388740659111,27772,28028
1791426388761501036,27788,28021
1791426388782661568,27812,28010
1791426388805976232,27828,28004
1791426388827137898,27852,29322
1791426388848131898,27868,29315
1791426388873523115,27892,29304
1791426388894206904,27908,29296
1791426388915351222,27932,29286
1791426388936048692,27948,29279
1791426388957573788,27972,29269
1791426388978093919,27988,27844
1791426388998870823,28012,27830
1791426389019661696,28028,27821
1791426389040805843,28052,27808
1791426389066158854,28076,27796
1791426389086373095,28092,27789
1791426389107663599,28108,28868
1791426389129027942,28132,28857
1791426389153508887,28148,28850
1791426389188713815,28172,28840
1791426389209795735,28196,28831
1791426389230550960,28212,28826
1791426389251842732,28228,28820
1791426389273467487,28252,28809
1791426389294144782,28268,28800
1791426389315088830,28292,28789
1791426389336173243,28308,28782
1791426389357463786,28332,28771
1791426389378014541,28348,28765
1791426389399050402,28372,28755
1791426389420062898,28388,28747
1791426389441428855,28412,28736
1791426389461938395,28428,28729
1791426389482866657,28452,28718
1791426389504166486,28468,28712
1791426389525641877,28492,28702
1791426389546391888,28508,28694
1791426389567375161,28532,28682
1791426389588879085,28548,28675
1791426389609886054,28572,28664
1791426389630959670,28588,28658
1791426389652020393,28612,28648
1791426389673054364,28628,28637
1791426389693766817,28652,28621
1791426389714421926,28668,28611
1791426389735395647,28692,28597
1791426389756902052,28708,28588
1791426389777839923,28732,28576
1791426389798672402,28748,28565
1791426389819657829,28772,28550
1791426389840870333,28788,28540
1791426389861931194,28812,28526
1791426389882681002,28828,28517
1791426389904017046,28852,27413
1791426389925343258,28868,27405
1791426389946035369,28892,27392
1791426389966969210,28908,27384
1791426389988184056,28932,27373
1791426390009440176,28948,27366
1791426390030179281,28972,27355
1791426390051007177,28988,27348
1791426390072116021,29012,27336
1791426390093610454,29028,27329
1791426390114245473,29052,27318
1791426390135356680,29068,27312
1791426390156544332,29092,28496
1791426390177592962,29108,28490
1791426390198414581,29132,28479
1791426390219437837,29148,28473
1791426390240578118,29172,28464
1791426390261620526,29188,28458
1791426390282416702,29212,28450
1791426390303430593,29228,28445
1791426390324429178,29252,28435
1791426390345690024,29268,28428
1791426390366344252,29292,28417
1791426390387199532,29308,28410
1791426390408730195,29332,28401
1791426390429592796,29348,28395
1791426390450473640,29372,28386
1791426390471715979,29388,28379
1791426390492846558,29412,28369
1791426390513810022,29428,28363
1791426390534682101,29452,28354
1791426390555648961,29468,28348
1791426390577159416,29492,28340
1791426390597811270,29508,28334
1791426390618610608,29532,28326
1791426390639650752,29548,28322
1791426390661011827,29572,28315
1791426390682028058,29588,28311
1791426390703189430,29612,28305
1791426390724238578,29628,28301
1791426390745335795,29652,28295
1791426390765976699,29668,28291
1791426390786708885,29692,28286
1791426390807980789,29716,28282
1791426390829303572,29732,28280
1791426390849855731,29748,28277
1791426390870842891,29772,28273
1791426390891628866,29788,28270
1791426390912787287,29812,28266
1791426390933670436,29828,28263
1791426390954411929,29852,28259
1791426390975399331,29868,28255
1791426390996565351,29892,28246
1791426391017873839,29916,28239
1791426391038546271,29932,28234
1791426391059417372,29948,28229
1791426391080676367,29972,26881
1791426391101684124,29988,26877
1791426391122426029,30012,26871
1791426391143341980,30028,26867
1791426391164741805,30052,26862
1791426391185725778,30068,26859
1791426391206552340,30092,26855
1791426391227904560,30108,26852
1791426391249043928,30132,26850
1791426391269818166,30148,26849
1791426391290631049,30172,26847
1791426391311721163,30188,26847
1791426391332876995,30212,26845
1791426391353624892,30228,26844
1791426391374322551,30252,26843
1791426391395343815,30268,26842
1791426391416565349,30292,26841
1791426391437641158,30308,26841
1791426391458414521,30332,26840
1791426391479366876,30348,26839
1791426391500601150,30372,26838
1791426391522007946,30388,26838
1791426391542942959,30412,26837
1791426391564266766,30428,26836
1791426391585294971,30452,26836
1791426391606032446,30468,26835
1791426391626865260,30492,26835
1791426391647971699,30508,26835
1791426391669380139,30532,26835
1791426391689640487,30548,26835
1791426391710368365,30572,26835
1791426391731428304,30588,28088
1791426391752893651,30612,28088
1791426391773872546,30636,28088
1791426391794772501,30652,28087
1791426391816072973,30668,28087
1791426391837486297,30692,28086
1791426391858439704,30708,28086
1791426391880294452,30732,28085
1791426391902579614,30748,28085
1791426391923225297,30772,28085
1791426391944747004,30788,28084
1791426391965814580,30812,28084
1791426391986495677,30828,28083
1791426392007660260,30852,28083
1791426392029069132,30868,28083
1791426392049939719,30892,28082
1791426392070659407,30908,28082
1791426392091870005,30932,28082
1791426392113169340,30948,28082
1791426392133939344,30972,28082
1791426392154863192,30988,26313
1791426392176092811,31012,26312
1791426392197259015,31028,26312
1791426392217900366,31052,26311
1791426392238698193,31068,26311
1791426392259883618,31092,26310
1791426392280898485,31108,27707
1791426392301966641,31132,27714
1791426392323097655,31148,27717
1791426392344388273,31172,27723
1791426392365479638,31188,27726
1791426392386345076,31212,27732
1791426392407274809,31228,27735
1791426392432233020,31252,27740
1791426392453383195,31268,27743
1791426392474010338,31292,27747
1791426392494635193,31308,27750
1791426392515401248,31332,27754
1791426392536142817,31348,27757
1791426392557669130,31372,27759
1791426392578399556,31388,27760
1791426392599584317,31412,27761
1791426392621230721,31428,27762
1791426392641872350,31452,27763
1791426392662836585,31468,27764
1791426392684212375,31492,27766
1791426392705555237,31508,27769
1791426392726370994,31532,27772
1791426392747244928,31548,27774
1791426392768720794,31572,27776
1791426392789714447,31588,27778
1791426392810569958,31612,27780
1791426392831902441,31628,27781
1791426392853438288,31652,27781
1791426392874172576,31668,27782
1791426392895100595,31692,27782
1791426392916553739,31708,27782
1791426392937716432,31732,26610
1791426392958531666,31748,26610
1791426392979973440,31772,26610
1791426393001483613,31788,26610
1791426393022004907,31812,26610
1791426393042986682,31828,26610
1791426393064222613,31852,26610
1791426393085646401,31868,26612
1791426393106269523,31892,26616
1791426393127152810,31908,26619
1791426393148323893,31932,26624
1791426393169726243,31948,26627
1791426393190383471,31972,26631
1791426393211642645,31988,26633
1791426393232402832,32012,26642
1791426393253603260,32028,26648
1791426393274294728,32052,26657
1791426393295379330,32068,26662
1791426393316646543,32092,26669
1791426393337544141,32108,26674
1791426393358264450,32132,26684
1791426393379383778,32148,26689
1791426393401003312,32172,26697
1791426393421857593,32188,26702
1791426393442650257,32212,26710
1791426393463862103,32228,26714
1791426393485415864,32252,26724
1791426393506233676,32268,26732
1791426393527146210,32292,26742
1791426393548541895,32308,26748
1791426393569420602,32332,26757
1791426393590100263,32348,28268
1791426393611270979,32372,28277
1791426393632471389,32388,28285
1791426393653599305,32412,28295
1791426393674278843,32428,28302
1791426393695446859,32452,28311
1791426393716737113,32468,28317
1791426393737749325,32492,28324
1791426393758555230,32508,28328
1791426393779733870,32532,28334
1791426393800735532,32548,28338
1791426393821907189,32572,28343
1791426393842716408,32588,28346
1791426393863641632,32612,28350
1791426393884887440,32628,28353
1791426393905780926,32652,28356
1791426393926693420,32668,28358
1791426393947864972,32692,28362
1791426393969417593,32708,28364
1791426393990427456,32732,27046
1791426394011381032,32748,27048
1791426394032895548,32772,27050
1791426394053977223,32788,27051
1791426394074893994,32812,27053
1791426394096508957,32828,27054
1791426394117861244,32852,27056
1791426394138792698,32868,27059
1791426394160167117,32892,27066
1791426394181728771,32908,27070
1791426394202347031,32932,27076
1791426394223340351,32948,27080
1791426394244786625,32972,27085
1791426394265810071,32988,27089
1791426394286678684,33012,27097
1791426394307756300,33028,27102
1791426394329226068,33052,27109
1791426394350173482,33068,27113
1791426394371141935,33092,27119
1791426394392744391,33108,28299
1791426394413964616,33132,28305
1791426394434834954,33148,28308
1791426394456101714,33172,28313
1791426394477759073,33188,28316
1791426394498522761,33212,28320
1791426394519524726,33228,28324
1791426394541074292,33252,28328
1791426394562196188,33268,28330
1791426394583142720,33292,28333
1791426394604630105,33308,28334
1791426394625687039,33332,28338
1791426394646468842,33348,26652
1791426394667687822,33372,26655
1791426394689178452,33388,26656
1791426394710148968,33412,26658
1791426394731089058,33428,26659
1791426394752517985,33452,26660
1791426394773753325,33468,28514
1791426394794713093,33492,28517
1791426394816165628,33508,28520
1791426394837673301,33532,28525
1791426394858495445,33548,28529
1791426394882037112,33572,28534
1791426394902906582,33588,28537
1791426394924375376,33612,28541
1791426394945768505,33628,28543
1791426394966578783,33652,28545
1791426394987926157,33668,28547
1791426395009559104,33692,28549
1791426395030094165,33708,28550
1791426395051126401,33732,28551
1791426395072759020,33756,28553
1791426395093788202,33772,28554
1791426395114612005,33788,28555
1791426395135722261,33812,28557
1791426395160822707,33836,28559
1791426395178146559,33852,28560
1791426395198997685,33868,28562
1791426395220508060,33892,28565
1791426395241800489,33908,28567
1791426395262480103,33932,28570
1791426395283624250,33948,28572
1791426395304982082,33972,28575
1791426395325737319,33988,28578
1791426395346581475,34012,28582
1791426395367815695,34028,28585
1791426395389849403,34052,28590
1791426395410831829,34068,28592
1791426395432932264,34092,28596
1791426395453773272,34108,27569
1791426395474756119,34132,27571
1791426395496158504,34148,27572
1791426395517725785,34172,27574
1791426395538773255,34188,27575
1791426395559623651,34212,27577
1791426395580996481,34228,27578
1791426395601971706,34252,27581
1791426395622829335,34268,27583
1791426395644153614,34292,27586
1791426395665724705,34308,27587
1791426395686451904,34332,27590
1791426395707775534,34348,27592
1791426395729537266,34372,27594
1791426395750412348,34388,27596
1791426395771367950,34412,27598
1791426395792794701,34428,27600
1791426395813968345,34452,27602
1791426395835043982,34468,27603
1791426395856274397,34492,27605
1791426395877768095,34508,27607
1791426395898480010,34532,27609
1791426395920152004,34548,27611
1791426395941322770,34572,27613
1791426395962898631,34588,27614
1791426395985455777,34612,27617
1791426396005474659,34628,27619
1791426396026174189,34652,27620
1791426396047326285,34668,27622
1791426396068835723,34692,27623
1791426396089738567,34716,27625
1791426396110484935,34732,27626
1791426396131530803,34748,27627
1791426396152985368,34772,27628
1791426396174008596,34788,27629
1791426396194984022,34812,27631
1791426396216358813,34828,27632
1791426396237656157,34852,27633
1791426396258448788,34868,27633
1791426396279776740,34892,27633
1791426396301503125,34908,27633
1791426396322287252,34932,27634
1791426396343396353,34948,27634
1791426396364942090,34972,27635
1791426396385964302,34988,27635
1791426396406934540,35012,27638
1791426396428282041,35028,27640
1791426396449503998,35052,27642
1791426396470309736,35068,27644
1791426396491499403,35092,27647
1791426396512677072,35108,27648
1791426396533815545,35132,27650
1791426396554750891,35148,27652
1791426396576414132,35172,27653
1791426396597822407,35188,27654
1791426396618785417,35212,27656
1791426396640005545,35228,27657
1791426396661425423,35252,27660
1791426396682287049,35268,27662
1791426396703402612,35292,27664
1791426396725123379,35308,27666
1791426396746138603,35332,27668
1791426396767186419,35348,27670
1791426396788495293,35372,27673
1791426396809679858,35388,27677
1791426396830397364,35412,27682
1791426396851739356,35428,27686
1791426396873479315,35452,27691
1791426396894289384,35468,27694
1791426396915456108,35492,28879
1791426396937329023,35508,28884
1791426396958084293,35532,28892
1791426396978815942,35548,28896
1791426397000179170,35572,28902
1791426397021645891,35588,28906
1791426397042405146,35612,27827
1791426397063638076,35628,27830
1791426397085714150,35652,27833
1791426397106432504,35668,27835
1791426397127628205,35692,27838
1791426397149568593,35708,27840
1791426397170277472,35732,27843
1791426397191459934,35748,27846
1791426397213210079,35772,27850
1791426397234227939,35788,27852
1791426397255044839,35812,27856
1791426397276743621,35828,27858
1791426397298094121,35852,27861
1791426397319315186,35868,27863
1791426397340892635,35892,27867
1791426397362067318,35908,27869
1791426397383097613,35932,27872
1791426397404636960,35948,27874
1791426397425869196,35972,27877
1791426397446707483,35988,27878
1791426397468020434,36012,27883
1791426397489510830,36028,27886
1791426397510137984,36052,27891
1791426397531256227,36068,27893
1791426397552733504,36092,27898
1791426397573674668,36108,27900
1791426397594468854,36132,27905
1791426397615666314,36148,27909
1791426397637354741,36172,27914
1791426397658101311,36188,27917
1791426397679047723,36212,27922
1791426397700561090,36228,27925
1791426397721632874,36252,27930
1791426397742389511,36268,27934
1791426397763596013,36292,27940
1791426397785519890,36308,27943
1791426397806172288,36332,27948
1791426397827208561,36348,27951
1791426397848952335,36372,27955
1791426397869735242,36388,27959
1791426397890549983,36412,27964
1791426397911905321,36428,27967
1791426397933569753,36452,27971
1791426397954382332,36468,27973
1791426397975570934,36492,27976
1791426397997219052,36508,27978
1791426398017797405,36532,27981
1791426398038699032,36548,27982
1791426398060244775,36572,27984
1791426398081318041,36588,27985
1791426398101954791,36612,27987
1791426398122958394,36628,27987
1791426398143851447,36652,27988
1791426398165518341,36676,27988
1791426398186366902,36692,27988
1791426398207416092,36708,27988
1791426398228551193,36732,27988
1791426398249630766,36748,27990
1791426398270760673,36772,27992
1791426398291763407,36788,27994
1791426398314589511,36812,27995
1791426398335702787,36828,27997
1791426398371604369,36852,27998
1791426398401270388,36876,28002
1791426398421645452,36892,28005
1791426398445439943,36916,28009
1791426398473828380,36932,28012
1791426398494617070,36948,28015
1791426398515990838,36972,28019
1791426398537719557,36988,28021
1791426398558654163,37012,28025
1791426398579789593,37028,28028
1791426398601158669,37052,28032
1791426398622085185,37068,28034
1791426398643311823,37092,28038
1791426398664156844,37108,28041
1791426398685723388,37132,28048
1791426398706672974,37148,28053
1791426398727812206,37172,28060
1791426398749573254,37188,28065
1791426398770309052,37212,28071
1791426398791335904,37228,28075
1791426398812899795,37252,28083
1791426398833957833,37268,28089
1791426398854947484,37292,28097
1791426398877243305,37308,28102
1791426398898222523,37332,28110
1791426398919469671,37348,28114
1791426398940978780,37372,28122
1791426398961872663,37388,28128
1791426398982620404,37412,28136
1791426399003888105,37428,28141
1791426399025451614,37452,28148
1791426399046186316,37468,28153
1791426399067505916,37492,28160
1791426399088975980,37508,28165
1791426399111518840,37532,28172
1791426399133023816,37548,28177
1791426399153754002,37572,28184
1791426399174987930,37588,28188
1791426399196376318,37612,28193
1791426399218372159,37636,28199
1791426399238483969,37652,28203
1791426399260189554,37668,28207
1791426399281260912,37692,28213
1791426399302242081,37708,28216
1791426399323317249,37732,28221
1791426399344967587,37748,28224
1791426399365723499,37772,28228
1791426399386658530,37788,28231
1791426399407775844,37812,28234
1791426399429610518,37836,28237
1791426399450218945,37852,28238
1791426399471235387,37868,28240
1791426399492866346,37892,28242
1791426399513942074,37908,28244
1791426399534806300,37932,28246
1791426399556053728,37948,28247
1791426399577679903,37972,28248
1791426399599098053,37988,28249
1791426399620746915,38012,28253
1791426399641648567,38028,28256
1791426399662946375,38052,28260
1791426399684327892,38068,28263
1791426399705721750,38092,28266
1791426399726443495,38108,28269
1791426399747947357,38132,28273
1791426399768948616,38148,28276
1791426399789838805,38172,28280
1791426399811363128,38196,28284
1791426399831994398,38212,28286
1791426399853425269,38236,28289
1791426399873824474,38252,28293
1791426399901446241,38276,28298
1791426399950351475,38292,28302
1791426399971737478,38308,28305
1791426399993398288,38332,28310
1791426400013980328,38348,28312
1791426400034886308,38372,28317
1791426400056090980,38388,28321
1791426400077683316,38412,28327
1791426400098510127,38428,28331
1791426400119395936,38452,28336
1791426400140752554,38468,28339
1791426400161997521,38492,28344
1791426400182964585,38508,28347
1791426400204279070,38532,28352
1791426400225772864,38548,28355
1791426400246796730,38572,28359
1791426400268218371,38588,28361
1791426400289510030,38612,28365
1791426400310048309,38628,28368
1791426400330989975,38652,28372
1791426400352419159,38668,28374
1791426400373632272,38692,28377
1791426400394434004,38708,28378
1791426400415696534,38732,28381
1791426400437503681,38748,28384
1791426400458283365,38772,28389
1791426400479468719,38788,28392
1791426400501193496,38812,28395
1791426400522032125,38828,28398
1791426400543081510,38852,28402
1791426400564593085,38868,28404
1791426400585763386,38892,28407
1791426400606691694,38908,28408
1791426400628216751,38932,28411
1791426400649497943,38948,28412
1791426400670228386,38972,28414
1791426400691432941,38988,28415
1791426400713279694,39012,28416
1791426400734110063,39028,28417
1791426400755325023,39052,28418
1791426400776749123,39068,28419
1791426400797963725,39092,28420
1791426400818929788,39108,28421
1791426400840541928,39132,28424
1791426400861776001,39148,28426
1791426400882894370,39172,28428
1791426400903995857,39188,28430
1791426400925475970,39212,28432
1791426400946226813,39228,28433
1791426400967326889,39252,28437
1791426400988883863,39268,28440
1791426401009814197,39292,28443
1791426401030740091,39308,28445
1791426401052068396,39332,28449
1791426401073430304,39348,28451
1791426401094255129,39372,28456
1791426401115320210,39388,28460
1791426401136986242,39412,28467
1791426401157853546,39428,28471
1791426401178538167,39452,28476
1791426401199996717,39468,28479
1791426401221392624,39492,28485
1791426401242066769,39508,28490
1791426401263261945,39532,28497
1791426401284903180,39548,28501
1791426401305905627,39572,28508
1791426401326594268,39588,28512
1791426401347813191,39612,28519
1791426401369526855,39628,28526
1791426401390220612,39652,28536
1791426401411730605,39668,28542
1791426401433054946,39692,28550
1791426401454065327,39708,28555
1791426401474808804,39732,28562
1791426401496147296,39748,28568
1791426401517665574,39772,28576
1791426401538472059,39788,28580
1791426401559612455,39812,28587
1791426401581581479,39828,28592
1791426401602200667,39852,28598
1791426401623386355,39868,28604
1791426401645278982,39892,28614
1791426401665884223,39908,28620
1791426401686809226,39932,28628
1791426401708158488,39948,28634
1791426401729585148,39972,28641
1791426401750354308,39988,28646
1791426401771595699,40012,28655
1791426401793513154,40028,28661
1791426401814266637,40052,28670
1791426401835359256,40068,28675
1791426401857311402,40092,28683
1791426401878029583,40108,28687
1791426401899160895,40132,28695
1791426401920756510,40148,28699
1791426401941902121,40172,28705
1791426401962862204,40188,28709
1791426401984362987,40212,28714
1791426402005550845,40228,28717
1791426402026353081,40252,28722
1791426402047537524,40268,28725
1791426402068978386,40292,28730
1791426402089977508,40308,28733
1791426402110949998,40332,28736
1791426402132186733,40348,28739
1791426402153622480,40372,28742
1791426402174526943,40396,28746
1791426402195545626,40412,28748
1791426402217016077,40428,28750
1791426402238017435,40452,28752
1791426402259017198,40468,28754
1791426402280319569,40492,28757
1791426402301657204,40508,28759
1791426402322589595,40532,28763
1791426402343664769,40548,28766
1791426402365451998,40572,28768
1791426402386156856,40588,28770
1791426402407216575,40612,28772
1791426402428548679,40628,28775
1791426402449692375,40652,28778
1791426402470540773,40668,28780
1791426402491686556,40692,28783
1791426402513030738,40708,28784
1791426402533830597,40732,28786
1791426402554722325,40748,28789
1791426402575969721,40772,28794
1791426402597566286,40788,28796
1791426402618419029,40812,28800
1791426402639537883,40836,28804
1791426402661080367,40852,28806
1791426402682431018,40868,28808
1791426402703393549,40892,28811
1791426402724866265,40908,28813
1791426402745637553,40932,28816
1791426402766416459,40948,28818
1791426402787529760,40972,28820
1791426402809010284,40988,28822
1791426402829772208,41012,28825
1791426402850592017,41028,28827
1791426402871641964,41052,28830
1791426402893386221,41068,28832
1791426402914312212,41092,28835
1791426402935169681,41108,28836
1791426402956334041,41132,28842
1791426402977160292,41148,28846
1791426402997756702,41172,28851
1791426403019322065,41188,28855
1791426403040135693,41212,28860
1791426403061395725,41228,28863
1791426403082087808,41252,28867
1791426403102937279,41268,28870
1791426403123982486,41292,28874
1791426403145044467,41308,28876
1791426403165790358,41332,28879
1791426403186785713,41348,28881
1791426403207821779,41372,28885
1791426403229041149,41388,28889
1791426403249680285,41412,28894
1791426403270603940,41428,28898
1791426403291385787,41452,28902
1791426403312525612,41468,28905
1791426403333533953,41492,28910
1791426403354444314,41508,28915
1791426403375459787,41532,28921
1791426403397287292,41548,28925
1791426403418510870,41572,28930
1791426403439861850,41588,28934
1791426403462264916,41612,28940
1791426403483230123,41628,28946
1791426403504453075,41652,28954
1791426403525506593,41668,28960
1791426403546255330,41692,28967
1791426403567217539,41708,28971
1791426403588874777,41732,28978
1791426403609469098,41748,28985
1791426403630496955,41772,28995
1791426403651505578,41788,29001
1791426403672598371,41812,29009
1791426403693631821,41828,29014
1791426403714520708,41852,29021
1791426403735643244,41868,29026
1791426403756549281,41892,29036
1791426403777540789,41908,29041
1791426403798821628,41932,29049
1791426403820076867,41948,29054
1791426403841351005,41972,29061
1791426403861908828,41988,29065
1791426403882605784,42012,29073
1791426403903638984,42028,29078
1791426403924627193,42052,29085
1791426403945711969,42068,29090
1791426403966458371,42092,29095
1791426403987370126,42108,29099
1791426404008695527,42132,29105
1791426404029639246,42148,29109
1791426404050581176,42172,29114
1791426404071978987,42188,29117
1791426404093483834,42212,29122
1791426404114207044,42228,29125
1791426404135144962,42252,29129
1791426404156447765,42268,29133
1791426404177503205,42292,29137
1791426404198198400,42308,29140
1791426404219059099,42332,29145
1791426404240485241,42348,29148
1791426404261508167,42372,29153
1791426404282287655,42388,29158
1791426404303458119,42412,29163
1791426404325232697,42428,29167
1791426404346054812,42452,29172
1791426404367181315,42468,29175
1791426404388611415,42492,29178
1791426404409702410,42508,29180
1791426404430499778,42532,29183
1791426404451748601,42548,29185
1791426404473661577,42572,29187
1791426404494111584,42588,29189
1791426404515017940,42612,29191
1791426404536050111,42628,29192
1791426404557251962,42652,29192
1791426404577950331,42668,29193
1791426404598842220,42692,29194
1791426404620044017,42708,29195
1791426404641471612,42732,29196
1791426404662091278,42748,29198
1791426404683092597,42772,29200
1791426404704547825,42796,29202
1791426404725452869,42812,29203
1791426404746130061,42828,29205
1791426404767317863,42852,29206
1791426404788635255,42868,29208
1791426404809424296,42892,29210
1791426404830194993,42908,29211
1791426404851072815,42932,29212
1791426404873711219,42948,29213
1791426404894596033,42972,29213
1791426404915575596,42988,29214
1791426404936768790,43012,29216
1791426404957781946,43028,29218
1791426404978794124,43052,29219
1791426405000019405,43068,29220
1791426405021403826,43092,29221
1791426405042072509,43108,29222
1791426405063124328,43132,29224
1791426405084681794,43148,29226
1791426405105937735,43172,29228
1791426405126802920,43188,29229
1791426405148100575,43212,29231
1791426405169760369,43228,29232
1791426405190251874,43252,29234
1791426405211171769,43268,29235
1791426405232803855,43292,29237
1791426405253656212,43308,29237
1791426405274507534,43332,29238
1791426405295815804,43348,29239
1791426405317383805,43372,29241
1791426405338202433,43388,29242
1791426405359095888,43412,29244
1791426405380603206,43428,29246
1791426405401661670,43452,29247
1791426405422485147,43468,29248
1791426405443651911,43492,29250
1791426405465156237,43508,29251
1791426405485779285,43532,29254
1791426405506834811,43548,29255
1791426405527932191,43572,29257
1791426405549175258,43588,29259
1791426405569926173,43612,29261
1791426405590809334,43628,29264
1791426405611908808,43652,29268
1791426405633410197,43668,29271
1791426405653882842,43692,29275
1791426405675139925,43708,29277
1791426405696503061,43732,29280
1791426405717745767,43748,29283
1791426405738397394,43772,29287
1791426405759554036,43788,29289
1791426405781191053,43812,29292
1791426405801904645,43828,29295
1791426405822836182,43852,29298
1791426405844307026,43868,29300
1791426405865661870,43892,29304
1791426405886380744,43908,29306
1791426405907497783,43932,29311
1791426405928629995,43948,29314
1791426405949563603,43972,29317
1791426405970266950,43988,29320
1791426405991338363,44012,29324
1791426406012551527,44028,29327
1791426406033782792,44052,29331
1791426406054701469,44068,29333
1791426406075614637,44092,29336
1791426406097377016,44108,29338
1791426406117967666,44132,29340
1791426406138959461,44148,29341
1791426406160364585,44172,29343
1791426406181572790,44188,29344
1791426406202301140,44212,29346
1791426406223438305,44228,29347
1791426406245222104,44252,29349
1791426406266065364,44276,29351
1791426406286901181,44292,29353
1791426406308222775,44308,29354
1791426406329635695,44332,29356
1791426406350249101,44348,29357
1791426406371348188,44372,29358
1791426406393036206,44388,29357
1791426406413812078,44412,29357
1791426406434637439,44428,29356
1791426406455907190,44452,29356
1791426406477762255,44468,29355
1791426406498821538,44492,29355
1791426406519831880,44508,29355
1791426406541197231,44532,29356
1791426406563414757,44548,29356
1791426406585556086,44572,29356
1791426406606594335,44588,29356
1791426406628012255,44612,29356
1791426406649756070,44636,29354
1791426406670418793,44652,29353
1791426406691704832,44668,29352
1791426406713328980,44692,29350
1791426406734152933,44708,29349
1791426406754862688,44732,29347
1791426406776201955,44748,29348
1791426406797554151,44772,29347
1791426406818447700,44788,29347
1791426406839372815,44812,29347
1791426406861660161,44828,29347
1791426406882289449,44852,29348
1791426406903284738,44868,29349
1791426406924737071,44892,29351
1791426406945829560,44908,29352
1791426406966932234,44932,29353
1791426406988087628,44948,29354
1791426407009633269,44972,29355
1791426407030262141,44988,29356
1791426407051367494,45012,29358
1791426407072746223,45028,29359
1791426407094838781,45052,29361
1791426407116346518,45076,29362
1791426407137316256,45092,29364
1791426407158196772,45108,29365
1791426407179363063,45132,29369
1791426407200628541,45148,29371
1791426407221820045,45172,29376
1791426407242487154,45196,29380
1791426407263585468,45212,29382
1791426407285145093,45228,29385
1791426407306025987,45252,29389
1791426407327292233,45268,29392
1791426407348571118,45292,29396
1791426407369612049,45308,29398
1791426407390302933,45332,29401
1791426407411499437,45348,29402
1791426407432884090,45372,29405
1791426407453905475,45388,29408
1791426407474964491,45412,29411
1791426407496604381,45428,29413
1791426407517556217,45452,29415
1791426407538260833,45468,29417
1791426407559315020,45492,29419
1791426407580422664,45508,29419
1791426407601718739,45532,29418
1791426407622523779,45548,29418
1791426407643559860,45572,29418
1791426407665015172,45588,29418
1791426407685924587,45612,29418
1791426407706893129,45628,29418
1791426407727952016,45652,29419
1791426407749461358,45668,29419
1791426407770292829,45692,29420
1791426407791191580,45708,29420
1791426407812528516,45732,29420
1791426407833709352,45748,29422
1791426407854653857,45772,29426
1791426407875805332,45788,29427
1791426407897163109,45812,29430
1791426407917981148,45828,29431
1791426407938886257,45852,30469
1791426407960187503,45868,30470
1791426407981564080,45892,30471
1791426408002329104,45908,30472
1791426408023443822,45932,30472
1791426408045186913,45948,30473
1791426408066046116,45972,29252
1791426408087323480,45988,29252
1791426408108611918,46012,29251
1791426408129707992,46028,29250
1791426408150553680,46052,29249
1791426408171948903,46068,29248
1791426408193094242,46092,29248
1791426408214289522,46108,30785
1791426408235187249,46132,30787
1791426408256646313,46148,30789
1791426408277917605,46172,30792
1791426408298888763,46188,30793
1791426408320132912,46212,30796
1791426408341769165,46228,30797
1791426408362498773,46252,30797
1791426408383546089,46268,30797
1791426408405397846,46292,30796
1791426408426084400,46308,30796
1791426408447217544,46332,30795
1791426408468794828,46348,30795
1791426408489774977,46372,30795
1791426408510676364,46388,30794
1791426408531822489,46412,30792
1791426408553484205,46428,30791
1791426408574163682,46452,30790
1791426408595290859,46468,30789
1791426408616775383,46492,29567
1791426408637730457,46508,29565
1791426408658533241,46532,29563
1791426408679768973,46548,29562
1791426408701489638,46572,29561
1791426408722046696,46588,29560
1791426408743027083,46612,29558
1791426408764252023,46628,29557
1791426408785512246,46652,29555
1791426408806327521,46668,29553
1791426408827652347,46692,29551
1791426408848809568,46708,29550
1791426408869758171,46732,29548
1791426408890573490,46748,29547
1791426408911482861,46772,29547
1791426408932857853,46788,29546
1791426408953844531,46812,29546
1791426408974682161,46828,29545
1791426408995865041,46852,29544
1791426409017465288,46868,29543
1791426409038212553,46892,29541
1791426409059071855,46908,29540
1791426409080363156,46932,29538
1791426409101529391,46948,29536
1791426409122242165,46972,29535
1791426409143344703,46988,29533
1791426409164506989,47012,29533
1791426409185640899,47028,29532
1791426409206402173,47052,29531
1791426409227221048,47068,29531
1791426409248220759,47092,29531
1791426409269338569,47108,29531
1791426409290083920,47132,29528
1791426409311030616,47148,29526
1791426409332479457,47172,29522
1791426409353480502,47188,29520
1791426409374266314,47212,29516
1791426409395313994,47228,29514
1791426409416782371,47252,29511
1791426409437684529,47268,29509
1791426409458477239,47292,29507
1791426409479679550,47308,29505
1791426409501027466,47332,29502
1791426409521895673,47348,29500
1791426409542934544,47372,29498
1791426409564030466,47388,29497
1791426409585353260,47412,29495
1791426409605926719,47428,29494
1791426409626839186,47452,29493
1791426409647927309,47468,29492
1791426409669437865,47492,29491
1791426409690000970,47508,29491
1791426409710881270,47532,29490
1791426409731813405,47548,29490
1791426409752821582,47572,29489
1791426409773936413,47588,29489
1791426409794694369,47612,29488
1791426409815883992,47628,29489
1791426409836859680,47652,29490
1791426409857555023,47668,29491
1791426409878228761,47692,29492
1791426409899247094,47708,29493
1791426409920428636,47732,29493
1791426409941557616,47748,29492
1791426409962418264,47772,29490
1791426409983441348,47788,29488
1791426410004767688,47812,29487
1791426410025526978,47828,29486
1791426410046234272,47852,29484
1791426410067246030,47868,29483
1791426410088298445,47892,29480
1791426410109560357,47908,29479
1791426410130166191,47932,29475
1791426410151154499,47948,29474
1791426410172514160,47972,29471
1791426410193560119,47988,29470
1791426410214341781,48012,29466
1791426410235289121,48028,29464
1791426410256496141,48052,29461
1791426410277687520,48068,29459
1791426410298454387,48092,29456
1791426410319524725,48108,29455
1791426410340787515,48132,29453
1791426410361663281,48148,29451
1791426410382434290,48172,29449
1791426410403472169,48188,29448
1791426410424679749,48212,29447
1791426410445823784,48228,29446
1791426410466685267,48252,29446
1791426410487715464,48268,29446
1791426410508816260,48292,29446
1791426410529568819,48308,29446
1791426410550278956,48332,29446
1791426410571240400,48348,29446
1791426410592439450,48372,29445
1791426410613498214,48388,29444
1791426410634191663,48412,29443
1791426410655092677,48428,29443
1791426410675929442,48452,29442
1791426410697481706,48476,29441
1791426410718136574,48492,29441
1791426410740237075,48516,29440
1791426410761503197,48532,29440
1791426410782327905,48548,29440
1791426410803238960,48572,29439
1791426410824376523,48596,29439
1791426410845606919,48612,29439
1791426410866213282,48628,29439
1791426410887047278,48652,29437
1791426410907981794,48668,29437
1791426410928860619,48692,29435
1791426410949600290,48708,29435
1791426410970464242,48732,29434
1791426410991356282,48748,29434
1791426411012586119,48772,29434
1791426411033497341,48788,29435
1791426411054132923,48812,29436
1791426411075245181,48828,29436
1791426411096366118,48852,29437
1791426411117300187,48868,29437
1791426411137943002,48892,29436
1791426411158884638,48908,29436
1791426411179915741,48932,29435
1791426411201081038,48956,29434
1791426411221752929,48972,29433
1791426411242376718,48988,29432
1791426411263501792,49012,29430
1791426411284048015,49028,29429
1791426411305531199,49052,29427
1791426411326301483,49068,29425
1791426411347066319,49092,29423
1791426411368056843,49108,29421
1791426411389259215,49132,29418
1791426411409629684,49148,29417
1791426411430386448,49172,29414
1791426411451465097,49188,29413
1791426411472550317,49212,29411
1791426411493360237,49228,29410
1791426411514042656,49252,29409
1791426411534845935,49268,29408
1791426411555832181,49292,29408
1791426411577147406,49308,29408
1791426411597867903,49332,29408
1791426411618724040,49348,29409
1791426411639767026,49372,29409
1791426411660608682,49388,29409
1791426411681476441,49412,29409
1791426411702101898,49428,29410
1791426411722931524,49452,29411
1791426411744174955,49468,29411
1791426411765170277,49492,29411
1791426411785977605,49508,29411
1791426411806830326,49532,29411
1791426411827936982,49548,29411
1791426411849362278,49572,29412
1791426411870024393,49588,29412
1791426411891039806,49612,29412
1791426411911960969,49628,29410
1791426411933422653,49652,29407
1791426411954182304,49668,29405
1791426411975111025,49692,29402
1791426411996125509,49708,29400
1791426412017197936,49732,29398
1791426412037847106,49748,29395
1791426412058710077,49772,29393
1791426412079501627,49788,29392
1791426412100653767,49812,29390
1791426412121606637,49828,29388
1791426412142244145,49852,29387
1791426412163015648,49868,29386
1791426412184114368,49892,29386
1791426412205121624,49908,29385
1791426412225644721,49932,29385
1791426412246753539,49948,29385
1791426412267281003,49972,29384
1791426412288057439,49988,29384
1791426412309020724,50012,29383
1791426412329808214,50028,29382
1791426412350721449,50052,29381
1791426412371702197,50068,29381
1791426412392640377,50092,29380
1791426412413594483,50108,29380
1791426412434417129,50132,29378
1791426412455315892,50148,29376
1791426412476661995,50172,29375
1791426412497754022,50188,29374
1791426412518295367,50212,29372
1791426412539170174,50228,29371
1791426412560199732,50252,29370
1791426412581328398,50268,29369
1791426412602012609,50292,29367
1791426412622923760,50308,29366
1791426412644279754,50332,29365
1791426412665767043,50356,29363
1791426412686190499,50372,29361
1791426412707139546,50388,29359
1791426412727966245,50412,29356
1791426412749242100,50428,29354
1791426412770156053,50452,29351
1791426412790946406,50468,29349
1791426412811959193,50492,29347
1791426412833020992,50516,29345
1791426412853792938,50532,29344
1791426412874873698,50556,29342
1791426412896192162,50572,29341
1791426412917125743,50588,29341
1791426412937859118,50612,29341
1791426412958449720,50628,29341
1791426412979559455,50652,29341
1791426413000770707,50668,29342
1791426413021630983,50692,29342
1791426413042453642,50708,29342
1791426413063212044,50732,29342
1791426413084154113,50748,29342
1791426413105168820,50772,29342
1791426413125889006,50788,29342
1791426413146725266,50812,29342
1791426413167783209,50828,29342
1791426413188825643,50852,29343
1791426413209832458,50868,29343
1791426413230369045,50892,29345
1791426413251491879,50908,29346
1791426413272952913,50932,29348
1791426413293939917,50948,29349
1791426413314712642,50972,29350
1791426413335882083,50996,29352
1791426413357211352,51012,29352
1791426413377929988,51028,29352
1791426413398886230,51052,29352
1791426413420293721,51068,29352
1791426413441357428,51092,29352
1791426413462048378,51108,29353
1791426413482803954,51132,29351
1791426413503810008,51148,29349
1791426413524938126,51172,29348
1791426413545943016,51188,29346
1791426413566604670,51212,29344
1791426413587512706,51228,30361
1791426413608373215,51252,30359
1791426413629597602,51268,30359
1791426413650021668,51292,30357
1791426413670949583,51308,30357
1791426413692097687,51332,30356
1791426413713144153,51348,29225
1791426413733801372,51372,29223
1791426413754638461,51388,29219
1791426413775668771,51412,29214
1791426413797320168,51428,29211
1791426413818073771,51452,29207
1791426413839258431,51476,29204
1791426413859986232,51492,29201
1791426413880921612,51508,29198
1791426413901773336,51532,29194
1791426413923667198,51548,29191
1791426413944498037,51572,29187
1791426413965515281,51588,29185
1791426413989429798,51612,29182
1791426414008079261,51628,29179
1791426414029342156,51652,29175
1791426414053545208,51676,29172
1791426414070911582,51692,29170
1791426414092004360,51708,29168
1791426414113169062,51732,29165
1791426414134046688,51748,29162
1791426414154708038,51772,29158
1791426414175990024,51788,29155
1791426414197538248,51812,29152
1791426414218320606,51828,29149
1791426414239278516,51852,29145
1791426414260344322,51868,29143
1791426414281558916,51892,29138
1791426414302234040,51908,29135
1791426414323134527,51932,29130
1791426414344637612,51948,29128
1791426414365681482,51972,29124
1791426414386513224,51988,29122
1791426414407535622,52012,29119
1791426414429288954,52028,29117
1791426414450434098,52052,29114
1791426414471259432,52068,29112
1791426414493332773,52092,29110
1791426414513881560,52108,29108
1791426414534408100,52132,29105
1791426414555438801,52148,29104
1791426414580346722,52172,29102
1791426414601505842,52188,29100
1791426414622305996,52212,29099
1791426414643253498,52228,29097
1791426414664437954,52252,29094
1791426414702161186,52268,29091
1791426414723241435,52292,29087
1791426414744563447,52308,29085
1791426414765658895,52332,29082
1791426414786504684,52348,29080
1791426414807660894,52372,29077
1791426414829289381,52388,29073
1791426414849854790,52412,29068
1791426414870674285,52428,29065
1791426414891927730,52452,29061
1791426414913422250,52468,29058
1791426414934009040,52492,29053
1791426414954884414,52508,29049
1791426414976094938,52532,29043
1791426414997344732,52548,29039
1791426415018265440,52572,29034
1791426415038903731,52588,29030
1791426415060023735,52612,30090
1791426415081201846,52628,30083
1791426415101680788,52652,30074
1791426415122360582,52668,30069
1791426415143374536,52692,30062
1791426415164425041,52708,30057
1791426415185541506,52732,28747
1791426415206441771,52748,28739
1791426415227092224,52772,28729
1791426415247956426,52788,28723
1791426415269351423,52812,28715
1791426415290034131,52828,28710
1791426415310936317,52852,28702
1791426415332302238,52868,28697
1791426415353581865,52892,28689
1791426415374323561,52908,28684
1791426415395383254,52932,28677
1791426415417266715,52948,28673
1791426415437767210,52972,28667
1791426415458735935,52988,28662
1791426415480130167,53012,28655
1791426415501431184,53028,28650
1791426415522213275,53052,28644
1791426415543070878,53068,28640
1791426415564536638,53092,28634
1791426415585706455,53108,28631
1791426415606681811,53132,28624
1791426415627727017,53148,28619
1791426415649379997,53172,28613
1791426415669949933,53188,28609
1791426415690922681,53212,28603
1791426415712256765,53228,28599
1791426415733614649,53252,28593
1791426415754250926,53268,28589
1791426413459109708,53292,28583
1791426413480566659,53308,28579
1791426413501684936,53332,28574
1791426413522540748,53348,29681
1791426413543774973,53372,29676
1791426413565464144,53388,29671
1791426413586050717,53412,29665
1791426413607796823,53428,29662
1791426413629359594,53452,29656
1791426413650043864,53468,28583
1791426413671167333,53492,28577
1791426413692541339,53508,28573
1791426413713463487,53532,28567
1791426413734290388,53548,28563
1791426413755388950,53572,28557
1791426413777288011,53596,29852
1791426413798098214,53612,29849
1791426413818855825,53628,29846
1791426413840524554,53652,29843
1791426413861487391,53668,29840
1791426413882324148,53692,29837
1791426413903312943,53708,29834
1791426413924862789,53732,29831
1791426413945654435,53748,29825
1791426413966808743,53772,29819
1791426413988203804,53796,29813
1791426414009262942,53812,29809
1791426414029902443,53828,29805
1791426414050695615,53852,29800
1791426414072006265,53868,29797
1791426414093602796,53892,29792
1791426414114222606,53908,29789
1791426414135053427,53932,29784
1791426414156179767,53948,29781
1791426414177311748,53972,29777
1791426414197931114,53988,29774
1791426414218872943,54012,29765
1791426414240177870,54028,29759
1791426414261393987,54052,29751
1791426414282027245,54068,29746
1791426414303117250,54092,27983
1791426414324430903,54108,27979
1791426414345494976,54132,27972
1791426414366321506,54148,27968
1791426414387626741,54172,27962
1791426414408865536,54188,27958
1791426414429645938,54212,27953
1791426414450550762,54228,27949
1791426414471724112,54252,27945
1791426414493190731,54268,27942
1791426414513875479,54292,27939
1791426414534399590,54308,27937
1791426414555448775,54332,27934
1791426414576829468,54348,27932
1791426414597618903,54372,27929
1791426414618565559,54388,27928
1791426414639554272,54412,27926
1791426414662777230,54428,27924
1791426414684292536,54452,27922
1791426414705561498,54468,29129
1791426414726302035,54492,29127
1791426414747347541,54508,29125
1791426414769022053,54532,29122
1791426414789841714,54548,29120
1791426414810761459,54572,29118
1791426414832358384,54588,29116
1791426414853395394,54612,29115
1791426414874119183,54628,29112
1791426414895365719,54652,29109
1791426414916501985,54668,29107
1791426414939351606,54692,29105
1791426414960760964,54708,29103
1791426414994045476,54732,29101
1791426415033033222,54756,29096
1791426415050395088,54772,29093
1791426415071750285,54796,29089
1791426415094905480,54812,29086
1791426415116226839,54828,29084
1791426415137439019,54852,29081
1791426415158420985,54876,29075
1791426415178921015,54892,29071
1791426415199999000,54916,29065
1791426415221461027,54932,29061
1791426415242355334,54956,29056
1791426415263161145,54972,27677
1791426415284193240,54988,27674
1791426415305519416,55012,27667
1791426415326653066,55036,27660
1791426415347177159,55052,27656
1791426415368574880,55068,27653
1791426415389581330,55092,27648
1791426415410512811,55116,28993
1791426415432200642,55132,28991
1791426415455113589,55156,28986
1791426415474438673,55172,28983
1791426415495520393,55196,28979
1791426415516408324,55212,28977
1791426415537881185,55228,28976
1791426415558829000,55252,28974
1791426415579825478,55268,28974
1791426415601077522,55292,28975
1791426415621598924,55308,28976
1791426415642499121,55332,28979
1791426415663918425,55348,27496
1791426415684992683,55372,27499
1791426415705763769,55388,27501
1791426415726370041,55412,27504
1791426415747641246,55428,27507
1791426415768748107,55452,27510
1791426415789600270,55468,27512
1791426415810644394,55492,28599
1791426415831497904,55508,28603
1791426415852850781,55532,28609
1791426415873610108,55556,28613
1791426415894820308,55572,28616
1791426415915894793,55588,28618
1791426415937274844,55612,28621
1791426415958064409,55628,28621
1791426415979085883,55652,28621
1791426416002315475,55668,28621
1791426416023500873,55692,28620
1791426416044686736,55708,28619
1791426416065611685,55732,28618
1791426416086256494,55748,28615
1791426416107371943,55772,28611
1791426416128412555,55788,28609
1791426416149725159,55812,28606
1791426416170851817,55828,28604
1791426416191802015,55852,28601
1791426416212869128,55868,28598
1791426416233772117,55892,28594
1791426416254600664,55908,28592
1791426416275822766,55932,28589
1791426416297422541,55948,28587
1791426416317981292,55972,28584
1791426416339127474,55988,28582
1791426416361804895,56012,28575
1791426416382781755,56028,28571
1791426416403807972,56052,28564
1791426416425265062,56068,28559
1791426416445946870,56092,28552
1791426416466955442,56108,28549
1791426416488353978,56132,28541
1791426416509864106,56156,28534
1791426416538567169,56172,28530
1791426416559653825,56188,28526
1791426416581343880,56212,28520
1791426416601865097,56228,28517
1791426416622789482,56252,28511
1791426416644172271,56268,28506
1791426416665548005,56292,28500
1791426416686051480,56308,28496
1791426416706998643,56332,28491
1791426416728381766,56348,28487
1791426416749493127,56372,28482
1791426416770268503,56388,28478
1791426416791220543,56412,28472
1791426416812767463,56428,28468
1791426416833645630,56452,28463
1791426416854453725,56468,28459
1791426416875564518,56492,28453
1791426416896848456,56508,28449
1791426416917801415,56532,28443
1791426416938762516,56548,28439
1791426416960009759,56572,28432
1791426416981268201,56588,28428
1791426417001827955,56612,28423
1791426417022911621,56628,28419
1791426417043971825,56652,28413
1791426417066479186,56668,28409
1791426417089398041,56692,28405
1791426417110009174,56708,28402
1791426417130868203,56732,28398
1791426417152070998,56748,28394
1791426417173387572,56772,28388
1791426417194220344,56788,28385
1791426417215222401,56812,28380
1791426417236631391,56828,28377
1791426417257708545,56852,28372
1791426417278482480,56868,28368
1791426417299716870,56892,28361
1791426417321000938,56908,28356
1791426417341566484,56932,28349
1791426417362372235,56948,28345
1791426417383588563,56972,28338
1791426417405086769,56988,28334
1791426417425633910,57012,28326
1791426417446302458,57028,28321
1791426417467356913,57052,28314
1791426417488900428,57068,28310
1791426417509905116,57092,28303
1791426417530755290,57108,28300
1791426417551886431,57132,28296
1791426417573344501,57148,28293
1791426417593862979,57172,28290
1791426417615393063,57196,28286
1791426417636137701,57212,28285
1791426417657356213,57228,28283
1791426417678248669,57252,28279
1791426417699419086,57268,28276
1791426417720912773,57292,28271
1791426417741697658,57308,28269
1791426417765400673,57332,28265
1791426417786426068,57348,28262
1791426417807502458,57372,28258
1791426417828937619,57388,28254
1791426417849533923,57412,28248
1791426417870315492,57428,28245
1791426417891657656,57452,28240
1791426417913097705,57468,28237
1791426417933698365,57492,28232
1791426417954460860,57508,28228
1791426417975678053,57532,28224
1791426417996976291,57548,28221
1791426418017683791,57572,28216
1791426418038524105,57588,28213
1791426418059481306,57612,28209
1791426418080843533,57628,28204
1791426418101660790,57652,28197
1791426418122498054,57668,28193
1791426418143811277,57692,28187
1791426418165148052,57708,28183
1791426418185749344,57732,28178
1791426418206536301,57748,28175
1791426418227652145,57772,28171
1791426418249180620,57788,28169
1791426418269772830,57812,28165
1791426418290675588,57828,28163
1791426418312161463,57852,28160
1791426418333389550,57868,28157
1791426418354364459,57892,28151
1791426418375306411,57908,28147
1791426418396827663,57932,28140
1791426418417654025,57948,28136
1791426418438503428,57972,29228
1791426418459635544,57988,29224
1791426418481253051,58012,29217
1791426418501901260,58028,29212
1791426418522884310,58052,29206
1791426418544171006,58068,29202
1791426418565526896,58092,29196
1791426418586520248,58116,27245
1791426418607399914,58132,27238
1791426418629231813,58148,27233
1791426418649681365,58172,27224
1791426418670597640,58188,27218
1791426418691587411,58212,27210
1791426418713205139,58228,27205
1791426418733790923,58252,27198
1791426418754797971,58268,27194
1791426418777450533,58292,27189
1791426418806125677,58308,27185
1791426418827375613,58332,27180
1791426418849096304,58348,27177
1791426418873263547,58372,27172
1791426418892150552,58396,27169
1791426418913270221,58412,27166
1791426418933930400,58428,27164
1791426418954894274,58452,27161
1791426418976495601,58468,28300
1791426418997642011,58492,28297
1791426419018291006,58508,28294
1791426419039413963,58532,28291
1791426419060954343,58548,28289
1791426419081492574,58572,28285
1791426419102389870,58588,28283
1791426419123591296,58612,28280
1791426419144814293,58628,28276
1791426419165810371,58652,28270
1791426419186597881,58668,28267
1791426419207672870,58692,28261
1791426419229132272,58708,28258
1791426419249870418,58732,28253
1791426419270651673,58748,28247
1791426419292498194,58772,28240
1791426419313272039,58788,28236
1791426419334444341,58812,28229
1791426419356515768,58828,28224
1791426419377651887,58852,27035
1791426419399132287,58876,27027
1791426419420007276,58892,27022
1791426419441246232,58908,27017
1791426419461836565,58932,27009
1791426419482669736,58948,27004
1791426419503766749,58972,26997
1791426419525000548,58988,26992
1791426419545443168,59012,26988
1791426419566235937,59028,26985
1791426419587183238,59052,26981
1791426419608260906,59068,26979
1791426419629411457,59092,26976
1791426419650124915,59108,26974
1791426419671166407,59132,26971
1791426419692345234,59148,26969
1791426419714292626,59172,26966
1791426419734080996,59188,26965
1791426419754837719,59212,26963
1791426419776033115,59228,26961
1791426419797218415,59252,26960
1791426419817897000,59268,26959
1791426419839006481,59292,26959
1791426419860337319,59308,26958
1791426419881548895,59332,26958
1791426419902228033,59348,28340
1791426419923409755,59372,28340
1791426419944809873,59396,28340
1791426419965540439,59412,28340
1791426419986915313,59428,28340
1791426420008215308,59452,28339
1791426420029288876,59468,28339
1791426420050080111,59492,28338
1791426420071006640,59508,28337
1791426420091844175,59532,28336
1791426420113215517,59548,28335
1791426420133889845,59572,28335
1791426420155071991,59588,28334
1791426420176283555,59612,28333
1791426420197308287,59628,28332
1791426420218018125,59652,28331
1791426420238936421,59668,28330
1791426420260148719,59692,28330
1791426420281330281,59708,28329
1791426420301981159,59732,28328
1791426420322980259,59748,28328
1791426420343796457,59772,28328
1791426420365135413,59788,28328
1791426420385754796,59812,28328
1791426420406751874,59828,28328
1791426420427882837,59852,28328
1791426420448990055,59868,28329
1791426420469877436,59892,28330
1791426420490634350,59908,28331
1791426420511691208,59932,28332
1791426420533092339,59948,28333
1791426420553655656,59972,28334
1791426420574544566,59988,28335
1791426420595554033,60012,28336
1791426420616640927,60028,28336
1791426420637296965,60052,28337
1791426420658083982,60068,28338
1791426420679086086,60092,28339
1791426420700123772,60108,28339
1791426420721337583,60132,28336
1791426420742078494,60148,28335
1791426420763056870,60172,28333
1791426420784115433,60188,28332
1791426420805096443,60212,28330
1791426420825670453,60228,28329
1791426420846489256,60252,28328
1791426420867641000,60268,28327
1791426420889034039,60292,28325
1791426420909849339,60308,28324
1791426420931188080,60332,28322
1791426420952057788,60348,28321
1791426420973280336,60372,28320
1791426420993984532,60388,28319
1791426421014933027,60412,28320
1791426421035897607,60428,28320
1791426421057031477,60452,28320
1791426421078040871,60468,28320
1791426421098718059,60492,28320
1791426421119470416,60508,28320
1791426421140699718,60532,28320
1791426421161683842,60548,28321
1791426421182424558,60572,28322
1791426421203296305,60588,28322
1791426421224407981,60612,28323
1791426421245577261,60628,28324
1791426421267703876,60652,28325
1791426421288563393,60668,28326
1791426421309396914,60692,28328
1791426421330124599,60708,28329
1791426421351017558,60732,28331
1791426421371990692,60748,28333
1791426421392958132,60772,28336
1791426421413535888,60788,28338
1791426421434498696,60812,28341
1791426421456297454,60836,28344
1791426421476379590,60852,28346
1791426421497212358,60868,28348
1791426421517823934,60892,28353
1791426421547411063,60908,28356
1791426421569026159,60932,28361
1791426421589728441,60948,28363
1791426421610634611,60972,28367
1791426421631884108,60988,28369
1791426421653436449,61012,28370
1791426421674174828,61028,28371
1791426421695147196,61052,28372
1791426421716065387,61068,28372
1791426421737081210,61092,28373
1791426421757755786,61108,28373
1791426421778594843,61132,28374
1791426421799725530,61148,28374
1791426421821220812,61172,28374
1791426421841763224,61188,28374
1791426421862600073,61212,28374
1791426421883897048,61228,28374
1791426421905239537,61252,28375
1791426421925971871,61268,28375
1791426421946422225,61292,28376
1791426421967407006,61308,28377
1791426421988582462,61332,28378
1791426422009663204,61348,28378
1791426422030496638,61372,28379
1791426422051693283,61388,28380
1791426422073113032,61412,28382
1791426422093977189,61436,28385
1791426422114518054,61452,28387
1791426422135691290,61468,28388
1791426422156823397,61492,28392
1791426422177611299,61508,28396
1791426422198432912,61532,28400
1791426422219234821,61548,28403
1791426422240537762,61572,28407
1791426422261461590,61588,28409
1791426422282152920,61612,28413
1791426422303155079,61628,28416
1791426422324540622,61652,28420
1791426422345608476,61668,28423
1791426422366226020,61692,28428
1791426422387395220,61708,28430
1791426422409109014,61732,28434
1791426422429792422,61748,28438
1791426422450692306,61772,28443
1791426422472100064,61788,28445
1791426422493570572,61812,28449
1791426422514313471,61828,28451
1791426422535564438,61852,28455
1791426422558314224,61868,28457
1791426422579073759,61892,28462
1791426422600018417,61908,28465
1791426422621405009,61932,28468
1791426422641928887,61948,28471
1791426422662759940,61972,28475
1791426422683743479,61988,27454
1791426422704949282,62012,27457
1791426422725724904,62028,27459
1791426422746486523,62052,27462
1791426422767427232,62068,27464
1791426422788651591,62092,27467
1791426422809559826,62108,27469
1791426422830276192,62132,27475
1791426422851382662,62148,27480
1791426422873202362,62172,27486
1791426422893705217,62188,27489
1791426422914618672,62212,27495
1791426422935535859,62228,27498
1791426422956670240,62252,27504
1791426422977710713,62268,27507
1791426422998901600,62292,27513
1791426423019746269,62316,27518
1791426423042417779,62332,27521
1791426423061669887,62348,27524
1791426423082394227,62372,27528
1791426423103475276,62388,27532
1791426423125155241,62412,27538
1791426423145882643,62428,27542
1791426423166639101,62452,27547
1791426423187558532,62468,27550
1791426423208539009,62492,27555
1791426423229197933,62508,27558
1791426423249909234,62532,27563
1791426423270710036,62548,27567
1791426423291891602,62572,27572
1791426423313438552,62588,27575
1791426423334239744,62612,27580
1791426423355166226,62628,27583
1791426423377084492,62652,27588
1791426423397706447,62668,27590
1791426423418646056,62692,27594
1791426423439814324,62708,27597
1791426423461802459,62732,27601
1791426423482720983,62748,27608
1791426423504142264,62772,27619
1791426423525750106,62788,27625
1791426423546601713,62812,27634
1791426423567648741,62828,27640
1791426423589219165,62852,27649
1791426423610325365,62868,27654
1791426423631480689,62892,27663
1791426423652315242,62908,27668
1791426423673242828,62932,27675
1791426423693789514,62948,27680
1791426423714788382,62972,27686
1791426423735835486,62988,27690
1791426423757180000,63012,27699
1791426423778021021,63028,27705
1791426423798854043,63052,27714
1791426423820216560,63068,27719
1791426423841730986,63092,27727
1791426423862402190,63108,27731
1791426423883512056,63132,27740
1791426423904815047,63148,27746
1791426423925740000,63172,27753
1791426423946597777,63188,27759
1791426423967972240,63212,27766
1791426423989022183,63228,27772
1791426424009957987,63252,27779
1791426424030697625,63268,27784
1791426424051891693,63292,27791
1791426424073053474,63308,27795
1791426424093909121,63332,27801
1791426424114749195,63348,27805
1791426424135743230,63372,27811
1791426424157123178,63388,27815
1791426424177782093,63412,27819
1791426424198604675,63428,27823
1791426424219535812,63452,27828
1791426424240907415,63468,27831
1791426424261626616,63492,27836
1791426424282556701,63508,27840
1791426424303727346,63532,27846
1791426424324575714,63548,27850
1791426424345447968,63572,27856
1791426424366048071,63588,27859
1791426424386774837,63612,27863
1791426424407881834,63628,27865
1791426424429207962,63652,27867
1791426424449726881,63668,27868
1791426424470663240,63692,27869
1791426424491826146,63708,27869
1791426424513356954,63732,27870
1791426424533980443,63748,27872
1791426424555134303,63772,27874
1791426424576650838,63788,27876
1791426424597788236,63812,27878
1791426424618597534,63828,27880
1791426424639938113,63852,29331
1791426424661501504,63876,29335
1791426424682022696,63892,29337
1791426424703123797,63908,29339
1791426424724505071,63932,29342
1791426424745829704,63956,29345
1791426424766485223,63972,28101
1791426424787767185,63988,28104
1791426424809201696,64012,28106
1791426424829843945,64028,28108
1791426424850731918,64052,28111
1791426424872288571,64068,28113
1791426424893416874,64092,28115
1791426424914242741,64108,28117
1791426424935088531,64132,28123
1791426424955998382,64148,28127
1791426424977538701,64172,28132
1791426424998158490,64188,28136
1791426425019141656,64212,28141
1791426425040545046,64228,28144
1791426425061556632,64252,28150
1791426425082328639,64268,28155
1791426425103321921,64292,28161
1791426425124543921,64308,28166
1791426425145618185,64332,28172
1791426425166304010,64348,28176
1791426425187652322,64372,28182
1791426425208732557,64388,28187
1791426425229583214,64412,28193
1791426425250602422,64428,28197
1791426425271771705,64452,28202
1791426425293301657,64468,28205
1791426425314107191,64492,28210
1791426425335071877,64508,28215
1791426425356346412,64532,28221
1791426425377625058,64556,28227
1791426425398184216,64572,28230
1791426425419299279,64588,28234
1791426425441031357,64612,28238
1791426425461782319,64628,28242
1791426425482765348,64652,28247
1791426425504254383,64668,28251
1791426425525534924,64692,28255
1791426425546414301,64708,28258
1791426425567612809,64732,28263
1791426425589309402,64748,28268
1791426425609972717,64772,28274
1791426425631028776,64788,28278
1791426425652537383,64812,28284
1791426425673773721,64828,28288
1791426425694451385,64852,28293
1791426425715551220,64868,28297
1791426425736914509,64892,28303
1791426425757845560,64908,28307
1791426425778880347,64932,28312
1791426425800202918,64948,28316
1791426425821393277,64972,28320
1791426425842283959,64988,28323
1791426425863235663,65012,28327
1791426425884939772,65028,28329
1791426425905899032,65052,28331
1791426425926731653,65068,28332
1791426425948331818,65092,28333
1791426425969374579,65108,28333
1791426425990316663,65132,28335
1791426426011309909,65148,28336
1791426426033120608,65172,28338
1791426426053833395,65188,28339
1791426426074812056,65212,28341
1791426426096284151,65228,28341
1791426426119575321,65252,28345
1791426426141416515,65268,28347
1791426426161997229,65292,28351
1791426426183068157,65308,28353
1791426426204535742,65332,28356
1791426426225702564,65348,28359
1791426426246448007,65372,28362
1791426426267725620,65388,28365
1791426426288761432,65412,28370
1791426426309687929,65428,28372
1791426426330682707,65452,28376
1791426426351695347,65468,28379
1791426426373247033,65492,28383
1791426426393996720,65516,28388
1791426426415259916,65532,28391
1791426426436552712,65548,28394
1791426426457543607,65572,28399
1791426426478499085,65588,28402
1791426426499793031,65612,28406
1791426426521392857,65628,28409
1791426426542029646,65652,28412
1791426426563629008,65676,28415
1791426426585148479,65692,28416
1791426426606104045,65716,28419
1791426426626855206,65732,30005
1791426426648466470,65748,30008
1791426426669600062,65772,30012
1791426426690392709,65788,30015
1791426426711557074,65812,30018
1791426426732809908,65828,30021
1791426426753710290,65852,28945
1791426426774594632,65868,28946
1791426426795833785,65892,28947
1791426426817473693,65908,28947
1791426426838179653,65932,28948
1791426426859224662,65948,28948
1791426426880859107,65972,28948
1791426426901713764,65988,28948
1791426426922592593,66012,28949
1791426426943766727,66028,28950
1791426426965277292,66052,28951
1791426426985931947,66068,28952
1791426427006813265,66092,28954
1791426427029092360,66108,28955
1791426427049569096,66132,28959
1791426427070467860,66148,28962
1791426427091642509,66172,28965
1791426427113049428,66188,28968
1791426427133767018,66212,28971
1791426427154630760,66228,27635
1791426427175497386,66252,27638
1791426427197035028,66268,27640
1791426427217775274,66292,27643
1791426427238462144,66308,27645
1791426427259725112,66332,27648
1791426427281190762,66348,28742
1791426427301988365,66372,28746
1791426427323054518,66388,28752
1791426427344591598,66412,28760
1791426427365312935,66428,28765
1791426427386124610,66452,28772
1791426427407443983,66468,28777
1791426427428965177,66492,28784
1791426427449986489,66508,28789
1791426427470767603,66532,28796
1791426427492142090,66548,28801
1791426427513352982,66572,28807
1791426427534228611,66588,28811
1791426427555287623,66612,28817
1791426427576729535,66628,28820
1791426427597369447,66652,28826
1791426427618402460,66668,28829
1791426427639323826,66692,28833
1791426427660733950,66716,28836
1791426427681548537,66732,28838
1791426427702451322,66748,28843
1791426427724009107,66772,28851
1791426427745336487,66788,28855
1791426427766077963,66812,28861
1791426427786990647,66828,28864
1791426427808743674,66852,28869
1791426427829693976,66868,28872
1791426427850636348,66892,28878
1791426427871755568,66908,28882
1791426427893182629,66932,28887
1791426427913872833,66948,28890
1791426427934977877,66972,28895
1791426427956638157,66988,28898
1791426427977697180,67012,28902
1791426427998663950,67028,28904
1791426428020240049,67052,28908
1791426428041312984,67068,28910
1791426428061953983,67092,28913
1791426428083178959,67108,28915
1791426428104696053,67132,28921
1791426428125720423,67148,28924
1791426428146606330,67172,28930
1791426428167981747,67188,28933
1791426428189410232,67212,28938
1791426428210205562,67228,28941
1791426428231389743,67252,28946
1791426428253092529,67268,28949
1791426428273719785,67292,28954
1791426428294670008,67308,28957
1791426428315728078,67332,28962
1791426428336822910,67348,28965
1791426428357710626,67372,28970
1791426428378714000,67388,28974
1791426428399806124,67412,28980
1791426428421319924,67428,28983
1791426428442071563,67452,28988
1791426428462891070,67468,28990
1791426428484332497,67492,28993
1791426428505548975,67508,28993
1791426428526447455,67532,28992
1791426428547525041,67548,28992
1791426428569170918,67572,28992
1791426428589962084,67588,30076
1791426428610779181,67612,30075
1791426428632002706,67628,30077
1791426428653500052,67652,30078
1791426428674101194,67668,30079
1791426428695059074,67692,30081
1791426428715992668,67708,30083
1791426428737678141,67732,28755
1791426428757991592,67748,28756
1791426428778916073,67772,28758
1791426428800267729,67788,28758
1791426428821603452,67812,28759
1791426428842299705,67828,28760
1791426428863289917,67852,28761
1791426428884767121,67868,28763
1791426428905535722,67892,28767
1791426428926331527,67908,28770
1791426428947558394,67932,28774
1791426428969018678,67948,28777
1791426428989854042,67972,28780
1791426429010553536,67988,28782
1791426429031814450,68012,28787
1791426429053504774,68028,28789
1791426429074277724,68052,28793
1791426429095449806,68068,28795
1791426429116985338,68092,28797
1791426429137715925,68108,30399
1791426429158533921,68132,30403
1791426429179686902,68148,30405
1791426429201260986,68172,30408
1791426429221939404,68188,30411
1791426429243092511,68212,30414
1791426429264842427,68228,30416
1791426429285678764,68252,30417
1791426429306556546,68268,30418
1791426429327978652,68292,30419
1791426429349258035,68308,30420
1791426429369949200,68332,30421
1791426429390941199,68348,30421
1791426429412519353,68372,30421
1791426429433716834,68388,30422
1791426429454676137,68412,30423
1791426429476153336,68428,30425
1791426429497662221,68452,30427
1791426429518125514,68468,29110
1791426429539371895,68492,29112
1791426429561255776,68516,29112
1791426429581926943,68532,29112
1791426429602797685,68548,29112
1791426429624190758,68572,29112
1791426429645885345,68588,29111
1791426429666853640,68612,29111
1791426429688234791,68628,29112
1791426429709433085,68652,29115
1791426429730262398,68676,29116
1791426429751254841,68692,29118
1791426429772715349,68708,29119
1791426429793874163,68732,29120
1791426429814619799,68748,29122
1791426429836112950,68772,29125
1791426429857241491,68788,29127
1791426429877826897,68812,29131
1791426429898805308,68828,29132
1791426429920060526,68852,29135
1791426429941383122,68868,29137
1791426429962155057,68892,29142
1791426429983064093,68908,29145
1791426430004437298,68932,29149
1791426430025484069,68948,29151
1791426430046360949,68972,28145
1791426430067466256,68988,28147
1791426430088794453,69012,28150
1791426430109738187,69028,28152
1791426430131144392,69052,28155
1791426430152459411,69076,28158
1791426430177240276,69092,30122
1791426430194172100,69108,30124
1791426430215898703,69132,30132
1791426430241703293,69148,30138
1791426430262541513,69172,30144
1791426430283539643,69188,30148
1791426430304866594,69212,30154
1791426430325875846,69228,28856
1791426430346719731,69252,28861
1791426430367654937,69268,28864
1791426430389185154,69292,28869
1791426430409646251,69308,28872
1791426430430455546,69332,28876
1791426430451602484,69348,28878
1791426430473053201,69372,28882
1791426430493807796,69388,28886
1791426430515014112,69412,28892
1791426430535927212,69428,28896
1791426430557736626,69452,28901
1791426430578116444,69468,28904
1791426430599183348,69492,28910
1791426430620667887,69508,28916
1791426430641676466,69532,28925
1791426430662355851,69548,28930
1791426430683579886,69572,28936
1791426430704930571,69588,28941
1791426430725977264,69612,28946
1791426430746963330,69628,28950
1791426430768228678,69652,28956
1791426430789668423,69668,28960
1791426430810622931,69692,28965
1791426430831716206,69708,28968
1791426430853064253,69732,28973
1791426430873642217,69748,28976
1791426430894587771,69772,28981
1791426430915926072,69788,28984
1791426430937670505,69812,28987
1791426430958315712,69828,28989
1791426430979434391,69852,28993
1791426431000925255,69868,28996
1791426431022057312,69892,29003
1791426431042808575,69908,29008
1791426431064358319,69932,29014
1791426431085460501,69948,29017
1791426431106192791,69972,29022
1791426431127181496,69988,29024
1791426431148770722,70012,29030
1791426431169661215,70028,29033
1791426431190702174,70052,29038
1791426431211768140,70068,29041
1791426431233482010,70092,29046
1791426431254046732,70108,29049
1791426431275116608,70132,29057
1791426431296478711,70148,29062
1791426431317847099,70172,29069
1791426431338700409,70188,29074
1791426431359720307,70212,29081
1791426431380758152,70228,29085
1791426431401741966,70252,29092
1791426431422652333,70268,29096
1791426431443890395,70292,29102
1791426431465066708,70308,29106
1791426431485819083,70332,29110
1791426431506667816,70348,29113
1791426431527562638,70372,29116
1791426431549172345,70388,29118
1791426431570002089,70412,29120
1791426431590758549,70428,29122
1791426431611954842,70452,29125
1791426431633414452,70468,29126
1791426431654139112,70492,29128
1791426431675207447,70508,29130
1791426431696372536,70532,29132
1791426431717604049,70548,29134
1791426431738467924,70572,29135
1791426431759606498,70588,29136
1791426431781355244,70612,29138
1791426431802032171,70628,29140
1791426431823175947,70652,29144
1791426431844542222,70668,29146
1791426431865390141,70692,29149
1791426431886276146,70708,29151
1791426431907404473,70732,29154
1791426431928700514,70748,29156
1791426431949647839,70772,29160
1791426431970389692,70788,29161
1791426431991642302,70812,29164
1791426432013153910,70828,29166
1791426432033859432,70852,29169
1791426432054721530,70868,29170
1791426432076012033,70892,29173
1791426432097314109,70908,29175
1791426432118023534,70932,29177
1791426432139128541,70948,29178
1791426432160313501,70972,29179
1791426432181453415,70996,29180
1791426432202083377,71012,29182
1791426432223119848,71028,29183
1791426432244609452,71052,29184
1791426432265660279,71068,29185
1791426432286336312,71092,29185
1791426432307376726,71108,29186
1791426432328432936,71132,29189
1791426432349447783,71148,29190
1791426432370331917,71172,29192
1791426432391172404,71188,29193
1791426432412559623,71212,29194
1791426432433536324,71228,30474
1791426432454447255,71252,30478
1791426432475234950,71268,30480
1791426432496339816,71292,30483
1791426432517243801,71308,30486
1791426432537907128,71332,30490
1791426432558643915,71348,29313
1791426432579542113,71372,29316
1791426432600455127,71388,29318
1791426432621500239,71412,29321
1791426432642298197,71428,29322
1791426432663101797,71452,29324
1791426432685376052,71468,29326
1791426432707598829,71492,29330
1791426432729158755,71508,29333
1791426432750078807,71532,29337
1791426432771024353,71548,29340
1791426432792497833,71572,29343
1791426432813449357,71588,29345
1791426432834176874,71612,29348
1791426432855105694,71628,29351
1791426432876206642,71652,29355
1791426432897187882,71668,29357
1791426432917862220,71692,29362
1791426432938858074,71708,29364
1791426432960040837,71732,29368
1791426432981269763,71748,29372
1791426433001870494,71772,29378
1791426433022607087,71788,29382
1791426433043770845,71812,29388
1791426433065084271,71828,29392
1791426433085942785,71852,29397
1791426433106741757,71868,29401
1791426433128128385,71892,29406
1791426433149260905,71908,29410
1791426433169935651,71932,29415
1791426433190859773,71948,29417
1791426433212157610,71972,30856
1791426433233505876,71988,30858
1791426433254295941,72012,30864
1791426433275512130,72028,30868
1791426433297266112,72052,30873
1791426433317671999,72068,30876
1791426433338783954,72092,30880
1791426433361656424,72108,30883
1791426433382435166,72132,30884
1791426433403308639,72148,30884
1791426433424638126,72172,30885
1791426433445699416,72188,30886
1791426433466461566,72212,30887
1791426433487493344,72228,30888
1791426433508563670,72252,30888
1791426433529661379,72268,30887
1791426433550473959,72292,30886
1791426433571552209,72308,30885
1791426433592779681,72332,30885
1791426433613500612,72348,29820
1791426433634574877,72372,29820
1791426433655613164,72388,29819
1791426433676829100,72412,29818
1791426433697909638,72428,29817
1791426433719180176,72452,29816
1791426433741331499,72468,29814
1791426433762079537,72492,29812
1791426433783213125,72508,29811
1791426433804327785,72532,29810
1791426433825451944,72548,29809
1791426433849357403,72572,29808
1791426433870023232,72588,29808
1791426433891069888,72612,29806
1791426433912203509,72628,29808
1791426433933325575,72652,29810
1791426433954143615,72668,29811
1791426433974960114,72692,29813
1791426433996128698,72708,29814
1791426434016941029,72732,29816
1791426434037837051,72748,29817
1791426434058623054,72772,29817
1791426434079741013,72788,29818
1791426434100960188,72812,29818
1791426434122484089,72828,29818
1791426434143583691,72852,29818
1791426434165165595,72868,29818
1791426434185884783,72892,29819
1791426434206782016,72908,29819
1791426434228571545,72932,29820
1791426434249499126,72948,29821
1791426434270198568,72972,29821
1791426434291102807,72988,29821
1791426434312584242,73012,29824
1791426434333357607,73028,29826
1791426434354129912,73052,29828
1791426434375245953,73068,29830
1791426434396392072,73092,29832
1791426434417702311,73108,29834
1791426434438652143,73132,29839
1791426434460228237,73148,29842
1791426434481624726,73172,29846
1791426434502297791,73188,29849
1791426434523466344,73212,29854
1791426434545096593,73228,29857
1791426434565803852,73252,29861
1791426434586759956,73268,29864
1791426434608319416,73292,29868
1791426434629414745,73308,29870
1791426434650215606,73332,29875
1791426434671585625,73348,29877
1791426434693271998,73372,29881
1791426434713767253,73388,29883
1791426434734899611,73412,29886
1791426434756144662,73428,29888
1791426434777588093,73452,29890
1791426434798095016,73468,29891
1791426434819188931,73492,29894
1791426434840819892,73508,29896
1791426434861716652,73532,29900
1791426434882568796,73548,29902
1791426434903940470,73572,29905
1791426434925242764,73588,29907
1791426434945984372,73612,29908
1791426434966851709,73628,29912
1791426434988133705,73652,29917
1791426435009551296,73668,29920
1791426435030388459,73692,29925
1791426435051673816,73708,29927
1791426435073336060,73732,29931
1791426435093964573,73748,29935
1791426435115011571,73772,29942
1791426435136493859,73788,29946
1791426435157699714,73812,29953
1791426435178356295,73828,29956
1791426435199520330,73852,31021
1791426435221230112,73868,31025
1791426435241848915,73892,31031
1791426435262774898,73908,31035
1791426435284196868,73932,31042
1791426435305534319,73948,31046
1791426435326202274,73972,31051
1791426435347279331,73988,29472
1791426435368993479,74012,29474
1791426435389849088,74028,29476
1791426435410817866,74052,29478
1791426435432352244,74068,29479
1791426435453460235,74092,29480
1791426435474233142,74108,29481
1791426435495432846,74132,29482
1791426435516723031,74148,29484
1791426435537592002,74172,29486
1791426435558507001,74188,29487
1791426435579868176,74212,29489
1791426435601172121,74228,30951
1791426435621934317,74252,30954
1791426435642909976,74268,30956
1791426435664042944,74292,30958
1791426435685448137,74308,30959
1791426435706219417,74332,30961
1791426435727507699,74348,30962
1791426435748858011,74372,30963
1791426435769782844,74388,30963
1791426435790542521,74412,30962
1791426435811851153,74428,30962
1791426435833445566,74452,30962
1791426435854165123,74468,29132
1791426435875274859,74492,29132
1791426435896517124,74508,29131
1791426435917580664,74532,29130
1791426435938429270,74548,29129
1791426435959555786,74572,29128
1791426435980783843,74588,29128
1791426436001399197,74612,29127
1791426436022175880,74628,29129
1791426436043529243,74652,29132
1791426436064882617,74668,29133
1791426436085653264,74692,29136
1791426436106616180,74708,29137
1791426436128016032,74732,29139
1791426436149289761,74748,29141
1791426436170209109,74772,29143
1791426436191133245,74788,29145
1791426436212355220,74812,29147
1791426436233389341,74828,29149
1791426436254346897,74852,30166
1791426436275489653,74868,30168
1791426436297049826,74892,30171
1791426436317892204,74908,30173
1791426436338750766,74932,30176
1791426436359992144,74948,30178
1791426436381393347,74972,30181
1791426436402078685,74988,30183
1791426436423182103,75012,30187
1791426436444528877,75028,30189
1791426436465680403,75052,30192
1791426436486470151,75068,30194
1791426436507956882,75092,30196
1791426436529192365,75108,30198
1791426436550035659,75132,30198
1791426436570875961,75148,30199
1791426436592415043,75172,30199
1791426436613510355,75188,30199
1791426436634335319,75212,30199
1791426436655330356,75228,30199
1791426436676721765,75252,30199
1791426436697453862,75268,30198
1791426436718198125,75292,30198
1791426436739204852,75308,30198
1791426436760673389,75332,30197
1791426436781589395,75348,30196
1791426436802386394,75372,30196
1791426436823523067,75388,30197
1791426436845212118,75412,30198
1791426436866520515,75436,30199
1791426436887150803,75452,30199
1791426436908533953,75468,30199
1791426436929983072,75492,30200
1791426436950836851,75508,30200
1791426436972097063,75532,30200
1791426436993411693,75548,30200
1791426437014150125,75572,30200
1791426437035056903,75588,30200
1791426437056454228,75612,30200
1791426437077545390,75628,30200
1791426437098327299,75652,30200
1791426437119466860,75668,30200
1791426437141234749,75692,30200
1791426437161737177,75708,30200
1791426437182567703,75732,30200
1791426437203822370,75748,30200
1791426437225174656,75772,30200
1791426437246061083,75788,30200
1791426437267099931,75812,30199
1791426437288793655,75828,30199
1791426437309713961,75852,30198
1791426437332433633,75868,30197
1791426437353705001,75892,30197
1791426437374756100,75916,30196
1791426437395471837,75932,30196
1791426437417508430,75948,30196
1791426437438199460,75972,30196
1791426437459029581,75988,30195
1791426437480425671,76012,30195
1791426437501508275,76028,30195
1791426437522321506,76052,30194
1791426437543456827,76068,30194
1791426437564985807,76092,30193
1791426437585804318,76108,30192
1791426437606718977,76132,30191
1791426437628122602,76148,30190
1791426437649440166,76172,30188
1791426437670245493,76188,30187
1791426437691294536,76212,30185
1791426437713292003,76228,30184
1791426437735688364,76252,30184
1791426437755298858,76268,30184
1791426437777185612,76292,30185
1791426437797830101,76308,30185
1791426437818799961,76332,30186
1791426437840043366,76348,30186
1791426437861392287,76372,30187
1791426437882272813,76388,30187
1791426437903119301,76412,30187
1791426437924533446,76428,30187
1791426437945522588,76452,30186
1791426437967226832,76476,30186
1791426437987374526,76492,30185
1791426438009033492,76508,30184
1791426438029881941,76532,30184
1791426438050895795,76548,30184
1791426438072349746,76572,30184
1791426438093642829,76588,30185
1791426438114459689,76612,30185
1791426438135995623,76628,30184
1791426438157383905,76652,30183
1791426438178159712,76668,30183
1791426438199328820,76692,30181
1791426438220914783,76708,30180
1791426438241720093,76732,30179
1791426438262627593,76748,30177
1791426438284146725,76772,30175
1791426438305463789,76788,30174
1791426438326102018,76812,30171
1791426438347129598,76828,30170
1791426438368557564,76852,31403
1791426438389547532,76868,31401
1791426438410567605,76892,31397
1791426438431821750,76908,31394
1791426438453260169,76932,31391
1791426438473814340,76948,31389
1791426438494794888,76972,31386
1791426438516149361,76988,29367
1791426438537406271,77012,29363
1791426438558249433,77028,29361
1791426438579397916,77052,29358
1791426438601075572,77068,29356
1791426438621754918,77092,29354
1791426438642530698,77108,29352
1791426438663490341,77132,29352
1791426438684861467,77148,29353
1791426438705778866,77172,29354
1791426438726541422,77188,29355
1791426438747571283,77212,29357
1791426438769057213,77228,29359
1791426438789744499,77252,29362
1791426438810534984,77268,29365
1791426438831506158,77292,29368
1791426438853024705,77308,29371
1791426438873818225,77332,29374
1791426438894512612,77348,29376
1791426438915936026,77372,29380
1791426438937455451,77388,29383
1791426438958179948,77412,29388
1791426438979256026,77428,29390
1791426439001041901,77452,29395
1791426439021849586,77468,29397
1791426439042979914,77492,29400
1791426439064312704,77508,29402
1791426439085588111,77532,29404
1791426439106300601,77548,29406
1791426439127537180,77572,29410
1791426439149272758,77588,29412
1791426439169945484,77612,29414
1791426439190992711,77628,29414
1791426439212474800,77652,29414
1791426439233818281,77668,29414
1791426439254617371,77692,29414
1791426439275691869,77708,29414
1791426439297322498,77732,29414
1791426439318017871,77748,29413
1791426439339079943,77772,29410
1791426439360007710,77788,29408
1791426439381238679,77812,29407
1791426439401866566,77828,29405
1791426439423007512,77852,29403
1791426439444420886,77868,29402
1791426439465497861,77892,29399
1791426439486323133,77908,29396
1791426439507426361,77932,29393
1791426439528877107,77948,29390
1791426439549717853,77972,29387
1791426439570465725,77988,30420
1791426439591734378,78012,30415
1791426439613174096,78028,30412
1791426439633856623,78052,30408
1791426439654799211,78068,30405
1791426439676109300,78092,30402
1791426439697678609,78108,30400
1791426439718359145,78132,30395
1791426439739468542,78148,30392
1791426439760839779,78172,30387
1791426439781664026,78188,30384
1791426439802506647,78212,30380
1791426439823754418,78228,30378
1791426439845326842,78252,30374
1791426439866025992,78268,30371
1791426439886943752,78292,30367
1791426439908146581,78308,30365
1791426439929255459,78332,30361
1791426439949768275,78348,30360
1791426439970743949,78372,30357
1791426439992031721,78388,30355
1791426440013587170,78412,30353
1791426440034361568,78428,30351
1791426440055490417,78452,30348
1791426440076840596,78468,30347
1791426440097824422,78492,30343
1791426440118700525,78508,30340
1791426440139974410,78532,30335
1791426440161408499,78548,30332
1791426440182154591,78572,30328
1791426440203091079,78588,30325
1791426440224597765,78612,30321
1791426440245679444,78628,30316
1791426440266509745,78652,30310
1791426440287531150,78668,30305
1791426440309013934,78692,30299
1791426440329805036,78708,30295
1791426440350801402,78732,30289
1791426440371943459,78748,30284
1791426440393343438,78772,30277
1791426440413999898,78788,30273
1791426440435021467,78812,30266
1791426440456683555,78828,30262
1791426440477768166,78852,30256
1791426440498486522,78868,30252
1791426440519579249,78892,30246
1791426440541175953,78908,30243
1791426440561853728,78932,30237
1791426440582687293,78948,30234
1791426440603894446,78972,30229
1791426440625050869,78988,30226
1791426440645856519,79012,30221
1791426440666801922,79028,30217
1791426440688140434,79052,30212
1791426440709257350,79068,30209
1791426440729999025,79092,30204
1791426440751025639,79108,30200
1791426440772173664,79132,30194
1791426440793317200,79148,30190
1791426440813952818,79172,30185
1791426440835133199,79188,30181
1791426440856185698,79212,30176
1791426440877942700,79228,29056
1791426440899399088,79252,29050
1791426440920441001,79268,29046
1791426440941711591,79292,29040
1791426440962385010,79308,29036
1791426440983696248,79332,29031
1791426441004596719,79348,29028
1791426441025719407,79372,29024
1791426441046289916,79388,29023
1791426441067377393,79412,29020
1791426441088642447,79428,29018
1791426441109579071,79452,29014
1791426441130282697,79468,29012
1791426441151232178,79492,29009
1791426441172724443,79508,29008
1791426441193640215,79532,29007
1791426441214424354,79548,29006
1791426441235530285,79572,29005
1791426441256873982,79588,29004
1791426441278274364,79612,29004
1791426441299575623,79636,29002
1791426441321750776,79652,29000
1791426441342814135,79668,28999
1791426441364945121,79692,28998
1791426441385530865,79708,28997
1791426441406285924,79732,28996
1791426441427447833,79748,28994
1791426441448917366,79772,28993
1791426441473675181,79788,28992
1791426441494217609,79812,28990
1791426441514905412,79828,28988
1791426441536303067,79852,30424
1791426441557677646,79868,30422
1791426441578344001,79892,30421
1791426441599496573,79908,30421
1791426441620955084,79932,30420
1791426441641595160,79948,30420
1791426441662709868,79972,30419
1791426441684113098,79988,30418
1791426441705335437,80012,30414
1791426441726003011,80028,30412
1791426441747144379,80052,30408
1791426441768467020,80068,30406
1791426441789691833,80092,30403
1791426441810660642,80108,29235
1791426441831863649,80132,29231
1791426441853892903,80148,29229
1791426441874182841,80172,29226
1791426441895347496,80188,29225
1791426441917015191,80212,29223
1791426441937923153,80228,29221
1791426441959035959,80252,29220
1791426441980544465,80268,29219
1791426442001657998,80292,29218
1791426442022505139,80308,29217
1791426442043766461,80332,29216
1791426442065312995,80348,29215
1791426442085886471,80372,29215
1791426442107042240,80388,29215
1791426442128543523,80412,29215
1791426442149702839,80428,29215
1791426442170591419,80452,29215
1791426442191940696,80468,29214
1791426442213318517,80492,29214
1791426442234022264,80508,29213
1791426442255067535,80532,29214
1791426442276574664,80548,29214
1791426442297682473,80572,29214
1791426442318351891,80588,29214
1791426442339552059,80612,29214
1791426442361098069,80628,29214
1791426442381895318,80652,29215
1791426442402884480,80668,29215
1791426442424198766,80692,29216
1791426442445459886,80708,29217
1791426442466297794,80732,29218
1791426442487225273,80748,29219
1791426442508753744,80772,29219
1791426442529647352,80788,29220
1791426442550606460,80812,29221
1791426442571915456,80828,29222
1791426442593329872,80852,29223
1791426442614012133,80868,29224
1791426442635023350,80892,29224
1791426442656294414,80908,29224
1791426442677654415,80932,29223
1791426442699449900,80956,29222
1791426442720168039,80972,29221
1791426442741942545,80988,29220
1791426442762916655,81012,29217
1791426442784249804,81028,29215
1791426442806299312,81052,29214
1791426442828181702,81076,29213
1791426442847475579,81092,29213
1791426442868970836,81108,30554
1791426442890325347,81132,30553
1791426442911377122,81148,30552
1791426442932816338,81172,30552
1791426442953519311,81188,30553
1791426442974256499,81212,30553
1791426442995438114,81228,30553
1791426443016684333,81252,30551
1791426443037730312,81268,30550
1791426443058603903,81292,30547
1791426443079905540,81308,30546
1791426443101734140,81332,30543
1791426443121944924,81348,28812
1791426443142961303,81372,28810
1791426443164274157,81388,28810
1791426443185439179,81412,28809
1791426443206326440,81428,28810
1791426443227519789,81452,28810
1791426443248705944,81468,28810
1791426443269577158,81492,28811
1791426443290407599,81508,28812
1791426443311755151,81532,28814
1791426443333247937,81548,28815
1791426443354136458,81572,28816
1791426443375354018,81588,28817
1791426443396260750,81612,29895
1791426443417301697,81628,29895
1791426443438067495,81652,29893
1791426443459176897,81668,29892
1791426443480722999,81692,29890
1791426443501400464,81708,29889
1791426443522227500,81732,29888
1791426443543400986,81748,29886
1791426443564652047,81772,29884
1791426443585531533,81788,29882
1791426443606497482,81812,29880
1791426443627402033,81828,29879
1791426443649016939,81852,29878
1791426443669910021,81868,29877
1791426443690964580,81892,29876
1791426443712304453,81908,29876
1791426443733351318,81932,29876
1791426443754184213,81948,29876
1791426443775025138,81972,29877
1791426443796340070,81988,29877
1791426443817467416,82012,29878
1791426443838035485,82028,29878
1791426443859046357,82052,29879
1791426443880397944,82068,29880
1791426443901619836,82092,29882
1791426443922159119,82108,29883
1791426443943269224,82132,29883
1791426443964553931,82148,29884
1791426443985508469,82172,29884
1791426444006286672,82188,29885
1791426444027460767,82212,29886
1791426444048988131,82228,29886
1791426444069599038,82252,29886
1791426444090500575,82268,29886
1791426444111564355,82292,29885
1791426444133525844,82308,29885
1791426444154150648,82332,29885
1791426444175126194,82348,29885
1791426444196773881,82372,28848
1791426444217852070,82388,28848
1791426444238594735,82412,28848
1791426444259965541,82428,28847
1791426444281469416,82452,28846
1791426444302185326,82468,28846
1791426444323405631,82492,29904
1791426444344616301,82508,29905
1791426444365732837,82532,29906
1791426444386555482,82548,29906
1791426444407941724,82572,29907
1791426444429291669,82588,29907
1791426444450179796,82612,29908
1791426444471284755,82628,29908
1791426444492318027,82652,29907
1791426444513757147,82676,29906
1791426444534064645,82692,29905
1791426444555466444,82708,29905
1791426444576929940,82732,29905
1791426444597808451,82748,29903
1791426444618596513,82772,29901
1791426444639719918,82788,29900
1791426444661167491,82812,29899
1791426444681874931,82828,29898
1791426444702845976,82852,29897
1791426444724139029,82868,29895
1791426444745190134,82892,29892
1791426444766003013,82908,29891
1791426444787157278,82932,29888
1791426444808190351,82948,29886
1791426444829211875,82972,29884
1791426444849877585,82988,29882
1791426444870770760,83012,29875
1791426444891931171,83028,29871
1791426444913243031,83052,29864
1791426444933972442,83068,29860
1791426444955084821,83092,29855
1791426444976114152,83108,29851
1791426444997780717,83132,29844
1791426445018601932,83156,29838
1791426445039424291,83172,29834
1791426445060724838,83196,29828
1791426445081671777,83212,29825
1791426445102416892,83228,29821
1791426445123409795,83252,29815
1791426445144777786,83268,29811
1791426445165676256,83292,29805
1791426445186686319,83308,29802
1791426445207854074,83332,29797
1791426445229338996,83348,29794
1791426445249905902,83372,29790
1791426445271053393,83388,29787
1791426445292466302,83412,29784
1791426445313729224,83428,29782
1791426445334508795,83452,29779
1791426445355700733,83468,29777
1791426445377437756,83492,29773
1791426445397877298,83508,29769
1791426445418834228,83532,29763
1791426445440070720,83548,29760
1791426445461513366,83572,29755
1791426445482165969,83588,29752
1791426445503254017,83612,29747
1791426445524436056,83628,29742
1791426445545771915,83652,29735
1791426445566824040,83668,29731
1791426445587613923,83692,29725
1791426445611941650,83708,29722
1791426445633547361,83732,29717
1791426445654307741,83748,29711
1791426445675431123,83772,29702
1791426443432030150,83788,29696
1791426443453147899,83812,29688
1791426443474282333,83828,29683
1791426443496016937,83852,30698
1791426443517130787,83868,30692
1791426443538053311,83892,30683
1791426443559535831,83908,30677
1791426443580775498,83932,30669
1791426443601540380,83948,30664
1791426443622833824,83972,30656
1791426443644365817,83988,29247
1791426443665079135,84012,29236
1791426443685939786,84028,29229
1791426443707447208,84052,29220
1791426443728800593,84068,29215
1791426443749479582,84092,29207
1791426443770639593,84108,29203
1791426443792474303,84132,29196
1791426443812988968,84148,29192
1791426443833861952,84172,29187
1791426443855223152,84188,29184
1791426443876745276,84212,29180
1791426443897492248,84228,29178
1791426443918707443,84252,29174
1791426443940430425,84268,29170
1791426443960954018,84292,29166
1791426443981885047,84308,29163
1791426444003261643,84332,29159
1791426444024659513,84348,29157
1791426444045416849,84372,29153
1791426444066526971,84388,29148
1791426444088280354,84412,29142
1791426444109162070,84428,29138
1791426444130279035,84452,29132
1791426444151618149,84468,29128
1791426444172828552,84492,29122
1791426444193899527,84508,29116
1791426444214970792,84532,29109
1791426444236634104,84548,29105
1791426444257397688,84572,29100
1791426444278371743,84588,29097
1791426444299975236,84612,29093
1791426444321254688,84636,29087
1791426444341758280,84652,29084
1791426444363532935,84676,29079
1791426444384796314,84692,29077
1791426444405445449,84708,29074
1791426444426527254,84732,29071
1791426444448040316,84748,29068
1791426444468890770,84772,29063
1791426444489813395,84788,29061
1791426444511147727,84812,29057
1791426444532483697,84828,29055
1791426444553243945,84852,29051
1791426444574229278,84868,29048
1791426444595673555,84892,29044
1791426444616747826,84908,29041
1791426444637537397,84932,29036
1791426444658628038,84948,29033
1791426444680227320,84972,27448
1791426444701153283,84988,27445
1791426444722132110,85012,27440
1791426444743249462,85028,27436
1791426444764475650,85052,27431
1791426444785253685,85068,27427
1791426444806221971,85092,27423
1791426444827275301,85108,30515
1791426444848470894,85132,30514
1791426444869400147,85148,30513
1791426444890219768,85172,30511
1791426444911357379,85188,30510
1791426444932304484,85212,30510
1791426444952789096,85228,30510
1791426444973662314,85252,30507
1791426444995028318,85268,30505
1791426445016134986,85292,30504
1791426445036902974,85308,30504
1791426445057630313,85332,30506
1791426445078564433,85348,28814
1791426445099727570,85372,28816
1791426445120506965,85388,28816
1791426445141187610,85412,28816
1791426445162224412,85428,28817
1791426445183631335,85452,28818
1791426445204831333,85468,28819
1791426445225602163,85492,28820
1791426445246948626,85508,28820
1791426445267909587,85532,28819
1791426445288946418,85548,28818
1791426445310023891,85572,28817
1791426445331310069,85588,28816
1791426445352482204,85612,28814
1791426445373141394,85628,28811
1791426445394075107,85652,28805
1791426445415261573,85668,28801
1791426445436648295,85692,28795
1791426445457287337,85708,28791
1791426445478189815,85732,29900
1791426445499493388,85748,29892
1791426445520793111,85772,29881
1791426445541576616,85788,29874
1791426445562921182,85812,29864
1791426445584193885,85828,29857
1791426445604943436,85852,28618
1791426445625773421,85868,28610
1791426445646953278,85892,28597
1791426445668458365,85908,28589
1791426445689061434,85932,28577
1791426445709952694,85948,28569
1791426445731283840,85972,29634
1791426445752459442,85988,29627
1791426445773183326,86012,29616
1791426445794221948,86028,29609
1791426445815495747,86052,29600
1791426445836612846,86068,29594
1791426445857440072,86092,29585
1791426445878379553,86108,29579
1791426445899598672,86132,29566
1791426445920794495,86148,29558
1791426445941503646,86172,29547
1791426445962571543,86188,29539
1791426445983676501,86212,29529
1791426446004869000,86228,29522
1791426446025703565,86252,29510
1791426446046957172,86268,29502
1791426446068497849,86292,29490
1791426446089023506,86308,29483
1791426446109804225,86332,29472
1791426446130884668,86348,29465
1791426446152449831,86372,29453
1791426446173028493,86388,29443
1791426446193859083,86412,29428
1791426446215034293,86428,29419
1791426446236476417,86452,29406
1791426446257220864,86468,29397
1791426446278025285,86492,29384
1791426446299262671,86508,29373
1791426446320467161,86532,29358
1791426446341009143,86548,29348
1791426446361895674,86572,29334
1791426446383503656,86588,29326
1791426446404677206,86612,29313
1791426446425364154,86628,29304
1791426446447318265,86652,29291
1791426446468299169,86676,29279
1791426446493547054,86692,29271
1791426446514682111,86708,29263
1791426446536513028,86732,29253
1791426446557497818,86748,29245
1791426446578442462,86772,29233
1791426446602769541,86788,29226
1791426446624433004,86812,29216
1791426446645001143,86828,29210
1791426446665905093,86852,29201
1791426446687232984,86868,29195
1791426446708642286,86892,29185
1791426446728940352,86908,29179
1791426446749943334,86932,29170
1791426446771339098,86948,29164
1791426446792502117,86972,29156
1791426446813176085,86988,29151
1791426446834118854,87012,29140
1791426446855802653,87028,29134
1791426446876659233,87052,29124
1791426446897335995,87068,29118
1791426446918446647,87092,29109
1791426446940227473,87108,29104
1791426446960966287,87132,29094
1791426446984411983,87156,29085
1791426447004282313,87172,29080
1791426447025173667,87196,29072
1791426447048012377,87212,29067
1791426447068915668,87228,29063
1791426447089813679,87252,29056
1791426447110937643,87268,29052
1791426447132295379,87292,29046
1791426447152987325,87308,29042
1791426447173977948,87332,29036
1791426447195127070,87348,29033
1791426447216509811,87372,29027
1791426447237170788,87388,29021
1791426447258199938,87412,29013
1791426447279643920,87428,29008
1791426447301131982,87452,29001
1791426447321973509,87468,28997
1791426447343105677,87492,28991
1791426447364564829,87508,28987
1791426447385405800,87532,28980
1791426447406460575,87556,28975
1791426447428278182,87572,28972
1791426447449068674,87588,28969
1791426447470075719,87612,28965
1791426447491483679,87628,28960
1791426447512524107,87652,28953
1791426447533115733,87668,28949
1791426447554063802,87692,28943
1791426447575294213,87708,28939
1791426447596660008,87732,28933
1791426447617275928,87748,28928
1791426447638305564,87772,28920
1791426447659862684,87788,28915
1791426447680848758,87812,28907
1791426447701472068,87828,28903
1791426447722360801,87852,28896
1791426447743591070,87868,28891
1791426447764656093,87892,28884
1791426447785427909,87908,28880
1791426447806385768,87932,28873
1791426447827389104,87948,28869
1791426447848437564,87972,28864
1791426447868963504,87988,28860
1791426447889907922,88012,28854
1791426447911225953,88028,28850
1791426447932533714,88052,28845
1791426447953335901,88068,28841
1791426447974732977,88092,28836
1791426447995993638,88108,28834
1791426448016917534,88132,28827
1791426448037856919,88148,28823
1791426448059224369,88172,28817
1791426448080436202,88188,28813
1791426448101060136,88212,28808
1791426448122070792,88228,28804
1791426448143439852,88252,28798
1791426448164803326,88268,28794
1791426448185680702,88292,28788
1791426448206804669,88308,28785
1791426448228439702,88332,28780
1791426448248887993,88348,28777
1791426448269801056,88372,28773
1791426448290949730,88388,28768
1791426448311899408,88412,28763
1791426448332546389,88428,28759
1791426448353309394,88452,28754
1791426448374317645,88468,27718
1791426448395256765,88492,27714
1791426448416089588,88508,27711
1791426448436852841,88532,27708
1791426448457589756,88548,27706
1791426448478778467,88572,27703
1791426448500493171,88588,27702
1791426448521147782,88612,27700
1791426448542075298,88628,27699
1791426448563413120,88652,27697
1791426448584839588,88668,27696
1791426448605353134,88692,27695
1791426448626361926,88708,27694
1791426448647396275,88732,27692
1791426448668548427,88748,27691
1791426448689285534,88772,27688
1791426448710271322,88788,27687
1791426448731586651,88812,27684
1791426448752780500,88828,27683
1791426448773589860,88852,27680
1791426448794559117,88868,27679
1791426448815831243,88892,27676
1791426448836853547,88908,27674
1791426448857701561,88932,27671
1791426448878841285,88948,27669
1791426448900260882,88972,27666
1791426448920872540,88988,28851
1791426448941679605,89012,28847
1791426448962647691,89028,28845
1791426448983843093,89052,28842
1791426449004714455,89068,28839
1791426449025794678,89092,28837
1791426449046786646,89108,27812
1791426449067911372,89132,27807
1791426449088723795,89148,27804
1791426449109360470,89172,27799
1791426449130448012,89188,27796
1791426449151523299,89212,27792
1791426449172602799,89228,27789
1791426449193400664,89252,27785
1791426449214399059,89268,27782
1791426449235478272,89292,27779
1791426449256406826,89308,27777
1791426449276994771,89332,27775
1791426449297777854,89348,27773
1791426449318672495,89372,27770
1791426449339868102,89388,27767
1791426449360626683,89412,27763
1791426449381382990,89428,27760
1791426449402347009,89452,27757
1791426449423756217,89468,27755
1791426449444750584,89492,27751
1791426449465584241,89508,27747
1791426449486773087,89532,27742
1791426449508102136,89548,27738
1791426449529310549,89572,27733
1791426449550252217,89588,27730
1791426449571567068,89612,27726
1791426449592782996,89628,27724
1791426449613546409,89652,27720
1791426449634567705,89668,27718
1791426449656059998,89692,27714
1791426449676893042,89708,27712
1791426449697820081,89732,27708
1791426449718976268,89748,27704
1791426449740130403,89772,27698
1791426449761105232,89788,27694
1791426449782157517,89812,27688
1791426449803461341,89828,27684
1791426449824574288,89852,27679
1791426449845018362,89868,27675
1791426449866245981,89892,27668
1791426449887203221,89908,27664
1791426449908576956,89932,27657
1791426449929277811,89948,27653
1791426449950489645,89972,27647
1791426449971769187,89988,27644
1791426449992888681,90012,27637
1791426450013826407,90028,27633
1791426450035138303,90052,27627
1791426450056520273,90068,27623
1791426450077274194,90092,27617
1791426450098202440,90108,27614
1791426450119500447,90132,27610
1791426450140825464,90148,27607
1791426450161646254,90172,27604
1791426450182484199,90188,27602
1791426450204820565,90212,27599
1791426450225540068,90228,27597
1791426450246571169,90252,27592
1791426450268868361,90268,27589
1791426450289832724,90292,27584
1791426450311183989,90308,27581
1791426450332417061,90332,27577
1791426450353213787,90348,27574
1791426450374243676,90372,27570
1791426450395347003,90388,27567
1791426450416657239,90412,27563
1791426450437404560,90428,27561
1791426450458459842,90452,27558
1791426450479788692,90476,27555
1791426450500642807,90492,27554
1791426450521596924,90508,27552
1791426450542497868,90532,27548
1791426450563831570,90548,27546
1791426450584959051,90572,27543
1791426450605613719,90588,27541
1791426450626627645,90612,27538
1791426450648087638,90628,27536
1791426450669005200,90652,27533
1791426450689823962,90668,27531
1791426450710766172,90692,27528
1791426450732834819,90716,27526
1791426450753490096,90732,27524
1791426450774574359,90748,27520
1791426450796094551,90772,27515
1791426450817158698,90788,27512
1791426450838204154,90812,27507
1791426450859677184,90828,27504
1791426450880862237,90852,27501
1791426450901812004,90868,27498
1791426450976847482,90892,27495
1791426450997449633,90908,27493
1791426451018705581,90932,27490
1791426451040142134,90948,27488
1791426451061104480,90972,27486
1791426451081950939,90988,27485
1791426451103186622,91012,27480
1791426451124933292,91036,27475
1791426451145306691,91052,27472
1791426451166653095,91068,27469
1791426451187976059,91092,27466
1791426451208755238,91108,27463
1791426451229644386,91132,27459
1791426451250754354,91148,27456
1791426451272437495,91172,27452
1791426451293135726,91188,27449
1791426451314123767,91212,27446
1791426451335385657,91228,27443
1791426451356646272,91252,27440
1791426451377404096,91268,27437
1791426451398354200,91292,27434
1791426451419614656,91308,27432
1791426451440793119,91332,27428
1791426451461606925,91348,27425
1791426451482893458,91372,27420
1791426451504618762,91388,27416
1791426451525302460,91412,27411
1791426451546445554,91428,27407
1791426451567838314,91452,27402
1791426451588882237,91468,27399
1791426451609750796,91492,27395
1791426451630984447,91508,27391
1791426451652648658,91532,27387
1791426451673187858,91548,27384
1791426451694078315,91572,27380
1791426451715269135,91588,27377
1791426451736647416,91612,27373
1791426451757459665,91628,27370
1791426451778369793,91652,27366
1791426451799819244,91668,27364
1791426451820845863,91692,27360
1791426451841616604,91708,27358
1791426451862814641,91732,27355
1791426451884381877,91748,27352
1791426451904973553,91772,27348
1791426451925920174,91788,27345
1791426451947399267,91812,27342
1791426451968592963,91828,27340
1791426451989289130,91852,27337
1791426452010399199,91868,27334
1791426452031702317,91892,27330
1791426452052940415,91908,27327
1791426452073853727,91932,27323
1791426452094799221,91948,27320
1791426452116496452,91972,27316
1791426452137161543,91988,27314
1791426452158124191,92012,27309
1791426452179466585,92028,27305
1791426452200821033,92052,27300
1791426452221630657,92068,27297
1791426452242789430,92092,27292
1791426452264571815,92108,27289
1791426452285300535,92132,27284
1791426452306338395,92148,27280
1791426452327543618,92172,27276
1791426452348897950,92188,27273
1791426452372566761,92212,27268
1791426452393333995,92228,27266
1791426452414394945,92252,27262
1791426452435934137,92268,27260
1791426452457050967,92292,27257
1791426452477779164,92308,27255
1791426452498796834,92332,27253
1791426452520599077,92348,27251
1791426452541278250,92372,27251
1791426452562177114,92388,27251
1791426452583576270,92412,27252
1791426452604600278,92428,27253
1791426452625567951,92452,27254
1791426452646716213,92468,27254
1791426452667921389,92492,27254
1791426452688726187,92508,27254
1791426452709449411,92532,27253
1791426452730610179,92548,27252
1791426452752056672,92572,27251
1791426452773041585,92588,27250
1791426452793781045,92612,27249
1791426452815053426,92628,27248
1791426452836665418,92652,27247
1791426452857414865,92668,27247
1791426452878312158,92692,27246
1791426452899290892,92708,27245
1791426452920542809,92732,27244
1791426452941256934,92748,27243
1791426452962328790,92772,27241
1791426452983711937,92788,27240
1791426453004809279,92812,27239
1791426453025622178,92828,27238
1791426453046847832,92852,27237
1791426453068533427,92868,27237
1791426453089485433,92892,27238
1791426453110620672,92908,27239
1791426453132247926,92932,27239
1791426453153051161,92948,27239
1791426453174037855,92972,27239
1791426453195340945,92988,27239
1791426453216512957,93012,27241
1791426453237207957,93028,27243
1791426453258021934,93052,27245
1791426453280927684,93068,27247
1791426453302132943,93092,27249
1791426453323131084,93108,27250
1791426453346074785,93132,27254
1791426453367544893,93148,27257
1791426453388703855,93172,27261
1791426453410588521,93188,27264
1791426453431970005,93212,27268
1791426453453146405,93228,27270
1791426453473843710,93252,27276
1791426453496773089,93276,27282
1791426453517530451,93292,27286
1791426453538443196,93316,27291
1791426453560395467,93332,27295
1791426453581073659,93348,27298
1791426453602039009,93372,27302
1791426453623624599,93388,27306
1791426453644792468,93412,27312
1791426453665792864,93428,27316
1791426453686883626,93452,27321
1791426453708422276,93468,27324
1791426453729067980,93492,27329
1791426453749959269,93508,27332
1791426453771313207,93532,27337
1791426453792584513,93548,27340
1791426453813206271,93572,27344
1791426453834319201,93588,27346
1791426453855372478,93612,27349
1791426453876929501,93636,27354
1791426453897520142,93652,27356
1791426453918510982,93668,27359
1791426453939732065,93692,27363
1791426453960709493,93708,27366
1791426453984853090,93732,27369
1791426454005504707,93748,27373
1791426454027011714,93772,27380
1791426454048597186,93788,27384
1791426454069347955,93812,27390
1791426454090113449,93828,27394
1791426454111123667,93852,27399
1791426454132413208,93868,27402
1791426454153070423,93892,27407
1791426454173878132,93908,27410
1791426454195152971,93932,27415
1791426454216093679,93948,27418
1791426454237071005,93972,27423
1791426454257847415,93988,27426
1791426454279228087,94012,27430
1791426454300427005,94028,27432
1791426454320766557,94052,27436
1791426454341697337,94068,27438
1791426454362922894,94092,27442
1791426454383602428,94108,27445
1791426454405269258,94132,27450
1791426454425986992,94148,27453
1791426454448027480,94172,27457
1791426454468473958,94188,27460
1791426454489424427,94212,27464
1791426454510484446,94236,27467
1791426454531462353,94252,27470
1791426454552416634,94268,27473
1791426454574754446,94292,27478
1791426454596225058,94308,27480
1791426454617543781,94332,27484
1791426454638601429,94348,27486
1791426454660131937,94372,27489
1791426454682086636,94396,27491
1791426454705352308,94412,27493
1791426454729190083,94428,27494
1791426454750862641,94452,27496
1791426454772852399,94468,27498
1791426454793710958,94492,27501
1791426454814409184,94508,27504
1791426454835890719,94532,27509
1791426454858141607,94548,27512
1791426454880498154,94572,27516
1791426454901177844,94588,27519
1791426454922341205,94612,27522
1791426454943614627,94628,27526
1791426454964723351,94652,27531
1791426454985440667,94668,27535
1791426455006485194,94692,27540
1791426455027944289,94708,27543
1791426455048979070,94732,27548
1791426455069858866,94748,27551
1791426455091389273,94772,27555
1791426455112576765,94788,27557
1791426455133125441,94812,27561
1791426455154020572,94828,27563
1791426455175139767,94852,27566
1791426455196763584,94876,27569
1791426455217124304,94892,27571
1791426455238119341,94908,27573
1791426455260244628,94932,27576
1791426455281104338,94948,27578
1791426455302333592,94972,27581
1791426455324221525,94988,27582
1791426455345148062,95012,27587
1791426455366113409,95028,27590
1791426455387647679,95052,27594
1791426455408749823,95068,27596
1791426455429511598,95092,27598
1791426455450612155,95108,27599
1791426455472240261,95132,27601
1791426455493240179,95148,27602
1791426455514361405,95172,27604
1791426455536516330,95196,27606
1791426455560560611,95212,27607
1791426455577517673,95228,27608
1791426455598620296,95252,27613
1791426455620280406,95268,27616
1791426455641257287,95292,27621
1791426455661966434,95308,27625
1791426455683233067,95332,27629
1791426455704692957,95348,29162
1791426455725517887,95372,29168
1791426455746650695,95388,29173
1791426455768168065,95412,29180
1791426455789086021,95428,29185
1791426455809900408,95452,29193
1791426455831119804,95468,29198
1791426455852554197,95492,29205
1791426455873202264,95508,29208
1791426455894234609,95532,29212
1791426455915823876,95548,29214
1791426455936766195,95572,29217
1791426455957646188,95588,29219
1791426455978953710,95612,27417
1791426456000584342,95628,27418
1791426456021267516,95652,27420
1791426456042448531,95668,27421
1791426456063974793,95692,27422
1791426456084983806,95708,27423
1791426456106060200,95732,27424
1791426456127561235,95748,27426
1791426456148877470,95772,27428
1791426456169776427,95788,27429
1791426456191017425,95812,27430
1791426456212559108,95828,27431
1791426456233179669,95852,28662
1791426456254184568,95868,28663
1791426456275559048,95892,28665
1791426456296818420,95908,28666
1791426456317611449,95932,28667
1791426456338849370,95948,28668
1791426456360484582,95972,27667
1791426456381199904,95988,27668
1791426456402137131,96012,27668
1791426456423548003,96028,27668
1791426456444801148,96052,27668
1791426456465573290,96068,27668
1791426456486770929,96092,27668
1791426456508235206,96108,27668
1791426456529183471,96132,27670
1791426456550092870,96148,27671
1791426456571507866,96172,27672
1791426456592781285,96188,27673
1791426456613630732,96212,27674
1791426456634744957,96228,27675
1791426456656431190,96252,27678
1791426456677183968,96268,27680
1791426456698205097,96292,27684
1791426456719569719,96308,27686
1791426456740976196,96332,27689
1791426456761702673,96348,27691
1791426456782840772,96372,27695
1791426456805577306,96388,27698
1791426456827279526,96412,27702
1791426456847946480,96428,27705
1791426456868958351,96452,27710
1791426456889769357,96476,27713
1791426456910884621,96492,27716
1791426456932310751,96508,27719
1791426456953196297,96532,27724
1791426456975899150,96548,27727
1791426456997007811,96572,27732
1791426457024477337,96596,27736
1791426457041552988,96612,27738
1791426457062832613,96628,27741
1791426457084556455,96652,27746
1791426457105170658,96668,27748
1791426457126297725,96692,27752
1791426457147594413,96708,27755
1791426457168761067,96732,28772
1791426457189623238,96748,28775
1791426457210613285,96772,28780
1791426457232360151,96788,28783
1791426457253006217,96812,28788
1791426457273897855,96828,28791
1791426457295414318,96852,27762
1791426457328502116,96868,27765
1791426457356358568,96892,27767
1791426457380515872,96908,27769
1791426457400899359,96932,27772
1791426457421525424,96948,27773
1791426457442721838,96972,27776
1791426457464249704,96996,27778
1791426457484995524,97012,27780
1791426457505647730,97036,27782
1791426457526626828,97052,27784
1791426457548049679,97068,27785
1791426457568867407,97092,27787
1791426457589868363,97108,27789
1791426457610905787,97132,27792
1791426457632315534,97148,27794
1791426457653069850,97172,27797
1791426457674045877,97188,27799
1791426457695518557,97212,27802
1791426457717598876,97228,27803
1791426457738814485,97252,27807
1791426457761346807,97276,27812
1791426457781173508,97292,27815
1791426457802139162,97308,27818
1791426457823642283,97332,27822
1791426457846856852,97356,27825
1791426457867321029,97372,27828
1791426457890127130,97396,27831
1791426457910436793,97412,27834
1791426457932700616,97428,27837
1791426457953495230,97452,27841
1791426457974677359,97468,27844
1791426457996138492,97492,27848
1791426458016988109,97508,27850
1791426458037743940,97532,27853
1791426458058880666,97548,27855
1791426458080445052,97572,27857
1791426458101102802,97588,27858
1791426458121968705,97612,27860
1791426458143283620,97628,27861
1791426458164709119,97652,27862
1791426458185404245,97668,27863
1791426458206558500,97692,27864
1791426458228113804,97708,27865
1791426458249008809,97732,27866
1791426458270494278,97756,27866
1791426458291061920,97772,27866
1791426458312416159,97788,27866
1791426458333089018,97812,27865
1791426458354196756,97828,27865
1791426458375406541,97852,27865
1791426458400471767,97876,27864
1791426458424752043,97892,27863
1791426458448087858,97916,27861
1791426458468837264,97932,27860
1791426458494531665,97956,27858
1791426458516156801,97972,27857
1791426458540693387,97988,27856
1791426458564732764,98012,27854
1791426458587178202,98028,27853
1791426458609789045,98052,27851
1791426458633341423,98068,27850
1791426458653938359,98092,27848
1791426458675355628,98108,27848
1791426458696693254,98132,27847
1791426458717550931,98148,27846
1791426458738627799,98172,27845
1791426458759913565,98188,27845
1791426458780739852,98212,27845
1791426458803048761,98228,27845
1791426458824544625,98252,27846
1791426458845147385,98268,27846
1791426458866017190,98292,27848
1791426458887316769,98308,27848
1791426458908625993,98332,27850
1791426458929504533,98348,27851
1791426458950583239,98372,27853
1791426458971798154,98388,27855
1791426458992996978,98412,27858
1791426459014024563,98428,27860
1791426459035000522,98452,27863
1791426459056525810,98468,27865
1791426459077217823,98492,27869
1791426459098143454,98508,27873
1791426459119708527,98532,27878
1791426459140779415,98548,27882
1791426459162022465,98572,27886
1791426459183292721,98588,27889
1791426459204875874,98612,27893
1791426459225828334,98636,27897
1791426459248935670,98652,27899
1791426459269687904,98668,27902
1791426459292633196,98692,27905
1791426459313197083,98708,27907
1791426459334106125,98732,27911
1791426459357113185,98756,27914
1791426459377904142,98772,27916
1791426459398853267,98788,27918
1791426459420586267,98812,27921
1791426459441130625,98828,27922
1791426459462083548,98852,27924
1791426459484624105,98868,27924
1791426459505285760,98892,27924
1791426459526562841,98908,27924
1791426459547706722,98932,27925
1791426459570901152,98948,27925
1791426459592567540,98972,27925
1791426459613294246,98988,27926
1791426459634511308,99012,27928
1791426459655763930,99028,27929
1791426459676810984,99052,27932
1791426459697697006,99068,27933
1791426459718999552,99092,29029
1791426459740353522,99108,29030
1791426459760992035,99132,29033
1791426459781978034,99148,29034
1791426459803202660,99172,29036
1791426459824555311,99188,29038
1791426459845376292,99212,29040
1791426459866280451,99228,27368
1791426459887531152,99252,27367
1791426459908718311,99268,27366
1791426459929568508,99292,27364
1791426459950771789,99308,27363
1791426459972402400,99332,27362
1791426459993116875,99348,27361
1791426460014093716,99372,27362
1791426460035412539,99388,27365
1791426460056817445,99412,27369
1791426460077682172,99428,27372
1791426460098967932,99452,27375
1791426460120834130,99468,27378
1791426460141368298,99492,27381
1791426460162271108,99508,27383
1791426460183726122,99532,27385
1791426460205003729,99548,27387
1791426460225779285,99572,27389
1791426460246992364,99588,27391
1791426460269750259,99612,29112
1791426460291053125,99628,29114
1791426460312546498,99652,29117
1791426460333233654,99668,29118
1791426460354020283,99692,29120
1791426460375065135,99708,29121
1791426460396436862,99732,29123
1791426460417025919,99748,29123
1791426460437823649,99772,29123
1791426460458970758,99788,29123
1791426460480614818,99812,29124
1791426460501325619,99828,29124
1791426460522280240,99852,29125
1791426460543680653,99868,29125
1791426460564796934,99892,29125
1791426460585664171,99908,29124
1791426460606893734,99932,29123
1791426460627816153,99948,29123
1791426460648890180,99972,29123
1791426460669825025,99988,29122
1791426460690904598,100012,29121
1791426460712533200,100028,29119
1791426460733137248,100052,29118
1791426460754120751,100068,29117
1791426460775160363,100092,29115
1791426460796513718,100108,29114
1791426460817146238,100132,29112
1791426460840660224,100148,29111
1791426460861671762,100172,29109
1791426460882482661,100188,29108
1791426460903320788,100212,29107
1791426460924439804,100228,27894
1791426460945067584,100252,27890
1791426460965981179,100268,27887
1791426460989077265,100292,27884
1791426461009818303,100308,27882
1791426461031050061,100332,27879
1791426461052478148,100348,27877
1791426461073024707,100372,27875
1791426461093889073,100388,27874
1791426461115112588,100412,27873
1791426461136542580,100428,27873
1791426461157226561,100452,27872
1791426461180518539,100468,27871
1791426461200958123,100492,27870
1791426461222042670,100516,27870
1791426461243056463,100532,27870
1791426461264176938,100548,27870
1791426461285907819,100572,27869
1791426461308713742,100588,27869
1791426461329158239,100612,27869
1791426461350092493,100628,27867
1791426461371471736,100652,27864
1791426461392666589,100668,27862
1791426461415202159,100692,27859
1791426461436560629,100708,27858
1791426461457401445,100732,27855
1791426461478497204,100748,27852
1791426461499549804,100772,27849
1791426461520744463,100788,27846
1791426461541852185,100812,27843
1791426461562472375,100828,27841
1791426461583602616,100852,27838
1791426461604761060,100868,27836
1791426461625620176,100892,27835
1791426461647395685,100908,27834
1791426461668796563,100932,27832
1791426461690812154,100948,27831
1791426461717188697,100972,27829
1791426461741398107,100988,27828
1791426461762187705,101012,27826
1791426461783263600,101028,27825
1791426461804702300,101052,27824
1791426461824923598,101068,27823
1791426461846089414,101092,27822
1791426461867020459,101116,27821
1791426461888126288,101132,27820
1791426461909080905,101148,27820
1791426461929954678,101172,27818
1791426461950955883,101188,27817
1791426461972165092,101212,27816
1791426461993265281,101228,27815
1791426462013804816,101252,27813
1791426462034812310,101268,27811
1791426462056534499,101292,27809
1791426462077304202,101308,27807
1791426462098417895,101332,27805
1791426462119836173,101348,28876
1791426462141221898,101372,28873
1791426462162218175,101388,28869
1791426462183401268,101412,28865
1791426462205085905,101428,28862
1791426462225848501,101452,28858
1791426462247676711,101468,27190
1791426462268715964,101492,27187
1791426462289627657,101508,27184
1791426462310864466,101532,27181
1791426462332379092,101548,27179
1791426462353114876,101572,27176
1791426462374836993,101588,27175
1791426462397034445,101612,27172
1791426462426219983,101636,27172
1791426462445356485,101652,27172
1791426462469151157,101676,27171
1791426462488578688,101692,27171
1791426462509009083,101708,27171
1791426462530095386,101732,28326
1791426462551680749,101756,28327
1791426462572981833,101772,28327
1791426462594071749,101788,28327
1791426462615323054,101812,28328
1791426462636572377,101828,28328
1791426462657471422,101852,28329
1791426462680464126,101868,28329
1791426462701393442,101892,28329
1791426462722331488,101908,28329
1791426462743688175,101932,28329
1791426462764949521,101948,28329
1791426462785747877,101972,28330
1791426462807131116,101988,28330
1791426462828942345,102012,28328
1791426462852648202,102028,28328
1791426462873675699,102052,28326
1791426462895428628,102076,28325
1791426462916760842,102092,28324
1791426462937507827,102108,28324
1791426462958800887,102132,28322
1791426462980123532,102148,28320
1791426463001134376,102172,28318
1791426463022333982,102188,28317
1791426463045720000,102212,28314
1791426463067223874,102228,28313
1791426463089911473,102252,28309
1791426463111054963,102268,28307
1791426463132465812,102292,28303
1791426463153155445,102308,28301
1791426463174127164,102332,28298
1791426463196709810,102348,28296
1791426463217586666,102372,28293
1791426463238644242,102388,28290
1791426463260305298,102412,28286
1791426463280970224,102428,28283
1791426463301905413,102452,28280
1791426463322921663,102468,28277
1791426463344663850,102492,28273
1791426463365376369,102508,28269
1791426463386631614,102532,28263
1791426463409417746,102548,28260
1791426463430457453,102572,28254
1791426463451876649,102588,28251
1791426463472824799,102612,28246
1791426463493553002,102628,28244
1791426463514711350,102652,28241
1791426463536326399,102668,28238
1791426463556980374,102692,28235
1791426463577745319,102708,28233
1791426463598930452,102732,28231
1791426463620479117,102748,28228
1791426463641143791,102772,28225
1791426463662205079,102788,28223
1791426463683521870,102812,28219
1791426463704747008,102828,28217
1791426463725684303,102852,28214
1791426463746789154,102868,28212
1791426463768432289,102892,28208
1791426463789103253,102908,28206
1791426463810030331,102932,28204
1791426463831218518,102948,28202
1791426463852639691,102972,28200
1791426463873353758,102988,29493
1791426463894459423,103012,29492
1791426463916071332,103028,29491
1791426463936939453,103052,29490
1791426463957821036,103068,29489
1791426463979269107,103092,29488
1791426464000376035,103108,27883
1791426464021251226,103132,27879
1791426464042312203,103148,27876
1791426464063419942,103172,27872
1791426464084597510,103188,27869
1791426464105459480,103212,27866
1791426464126575770,103228,27863
1791426464148089612,103252,27860
1791426464168723493,103268,27858
1791426464189444870,103292,27856
1791426464210874432,103308,27855
1791426464232327541,103332,27853
1791426464253049325,103348,27852
1791426464273782530,103372,27851
1791426464294831828,103388,27850
1791426464316127552,103412,27848
1791426464336600563,103428,27847
1791426464357352612,103452,27845
1791426464378393985,103468,27845
1791426464399702086,103492,27843
1791426464420767911,103508,27843
1791426464441577253,103532,27841
1791426464462824009,103548,27840
1791426464484517708,103572,27838
1791426464505250635,103588,27837
1791426464526308234,103612,27835
1791426464547998692,103628,27834
1791426464568944942,103652,27832
1791426464589866860,103668,27831
1791426464611128181,103692,27830
1791426464632704290,103708,27829
1791426464653454846,103732,27828
1791426464676811049,103748,27826
1791426464697733223,103772,27824
1791426464718837979,103788,27822
1791426464740383928,103812,27819
1791426464761115885,103828,27818
1791426464782112839,103852,27815
1791426464803590329,103868,27813
1791426464824542744,103892,27810
1791426464845269180,103908,27808
1791426464866187526,103932,27806
1791426464887635697,103948,27804
1791426464908799747,103972,27803
1791426464929606490,103988,27801
1791426464950813068,104012,27799
1791426464972093548,104028,27797
1791426464993135245,104052,27795
1791426465014330862,104068,27794
1791426465035456132,104092,27792
1791426465056809978,104108,27791
1791426465077626883,104132,27788
1791426465098823659,104148,27786
1791426465120551945,104172,27783
1791426465141200131,104188,27782
1791426465162395616,104212,27780
1791426465183833932,104228,27778
1791426465204889546,104252,27777
1791426465225721877,104268,27777
1791426465247048359,104292,27776
1791426465268561592,104308,27776
1791426465289292024,104332,27776
1791426465310371169,104348,27776
1791426465332046084,104372,27776
1791426465353050134,104388,27775
1791426465373792737,104412,27773
1791426465395152281,104428,27772
1791426465416517924,104452,27770
1791426465437201969,104468,27769
1791426465458163125,104492,27767
1791426465479702468,104508,27766
1791426465501120984,104532,27764
1791426465522083920,104548,27762
1791426465544081469,104572,27760
1791426465565571651,104588,27759
1791426465587847678,104612,27757
1791426465609010530,104628,27756
1791426465629896895,104652,27755
1791426465652086453,104668,27754
1791426465673161866,104692,27752
1791426465693736282,104708,27751
1791426465715108073,104732,27750
1791426465736503262,104748,27750
1791426465757272895,104772,27748
1791426465778352268,104788,27747
1791426465799608708,104812,27745
1791426465820956191,104828,27744
1791426465841623279,104852,27743
1791426465862670917,104868,27742
1791426465884042930,104892,27741
1791426465905171457,104908,27741
1791426465926306867,104932,27740
1791426465946981727,104948,27739
1791426465968383047,104972,27738
1791426465989795046,104988,27738
1791426466011780224,105012,27736
1791426466032947485,105028,27736
1791426466053839457,105052,27735
1791426466075010293,105068,27735
1791426466096460746,105092,27734
1791426466117299511,105108,27734
1791426466138423607,105132,27733
1791426466160001449,105148,27733
1791426466180681143,105172,27733
1791426466202093533,105188,27733
1791426466223124911,105212,27734
1791426466243752247,105228,27735
1791426466264594256,105252,27734
1791426466285167624,105276,27734
1791426466306311399,105292,27733
1791426466327009974,105308,27733
1791426466348723534,105332,27732
1791426466369157794,105348,27731
1791426466390154952,105372,27730
1791426466411774949,105396,27730
1791426466432640263,105412,27730
1791426466453234145,105428,27730
1791426466474254954,105452,27730
1791426466495714897,105468,27730
1791426466516812243,105492,27729
1791426466537748294,105508,27730
1791426466559020233,105532,27729
1791426466580094668,105548,27729
1791426466600836111,105572,27729
1791426466621693860,105588,27729
1791426466642766890,105612,27729
1791426466664291407,105628,27728
1791426466684911475,105652,27726
1791426466705792580,105668,27725
1791426466727177786,105692,27724
1791426466748667742,105708,27723
1791426466769393802,105732,27722
1791426466790428067,105748,27722
1791426466812226032,105772,27722
1791426466832870340,105788,27723
1791426466853647207,105812,27723
1791426466877116105,105828,27724
1791426466898034484,105852,27724
1791426466921053093,105868,27725
1791426466941832725,105892,27725
1791426466963126412,105908,27725
1791426466984430565,105932,27726
1791426467005051525,105948,27726
1791426467025974426,105972,27726
1791426467047059271,105988,27726
1791426467068355285,106012,27725
1791426467088891740,106028,27724
1791426467109673817,106052,27724
1791426467130683930,106068,27723
1791426467152033743,106092,27723
1791426467172960583,106108,27723
1791426467193760112,106132,27721
1791426467214981721,106148,27720
1791426467236520645,106172,27719
1791426467257294577,106188,27718
1791426467278275303,106212,27717
1791426467299739328,106228,27716
1791426467320747905,106252,27715
1791426467341673516,106268,27715
1791426467362724157,106292,27714
1791426467384181141,106308,27713
1791426467405105975,106332,27712
1791426467426015292,106348,27712
1791426467447470482,106372,27711
1791426467468555000,106388,27710
1791426467489351298,106412,27710
1791426467510183676,106428,27710
1791426467531493356,106452,27710
1791426467552504214,106468,27710
1791426467573277113,106492,27709
1791426467594181567,106508,27708
1791426467615489956,106532,27707
1791426467636505807,106548,27706
1791426467657271863,106572,27704
1791426467678312858,106588,27703
1791426467699581999,106612,27701
1791426467720375351,106628,27699
1791426467740945891,106652,27696
1791426467761733254,106668,27695
1791426467782746008,106692,27693
1791426467803628300,106708,27691
1791426467824482800,106732,27690
1791426467845084153,106748,27688
1791426467865947826,106772,27686
1791426467886868075,106788,27685
1791426467907888811,106812,27682
1791426467928666943,106828,27681
1791426467949385017,106852,27678
1791426467971268573,106868,27676
1791426467992535295,106892,27673
1791426468013195396,106908,27671
1791426468034102457,106932,27668
1791426468055369975,106948,27667
1791426468076517365,106972,27665
1791426468097188839,106988,27664
1791426468118169352,107012,27661
1791426468139460395,107028,27659
1791426468160714650,107052,27656
1791426468181528605,107068,27655
1791426468202563768,107092,27652
1791426468223649386,107108,27651
1791426468244646966,107132,27650
1791426468265463498,107148,27648
1791426468286257810,107172,27646
1791426468307412553,107188,27644
1791426468328533750,107212,27643
1791426468349431588,107228,27642
1791426468370303152,107252,27641
1791426468391636865,107268,27640
1791426468412735883,107292,27640
1791426468433458808,107308,27640
1791426468454329727,107332,27639
1791426468475543002,107348,27638
1791426468499887308,107372,27639
1791426468524660653,107388,27640
1791426468547602187,107412,27642
1791426468572955356,107436,27643
1791426468596645530,107452,27644
1791426468617451063,107468,27645
1791426468638511379,107492,27646
1791426468661069803,107508,27647
1791426468681846749,107532,27648
1791426468703168454,107548,27649
1791426468724692835,107572,27651
1791426468745440511,107588,27651
1791426468766439661,107612,27653
1791426468787843831,107628,27654
1791426468809211847,107652,27656
1791426468830208665,107668,27657
1791426468851360184,107692,27658
1791426468872669362,107708,27659
1791426468893686294,107732,27660
1791426468915032150,107756,27661
1791426468936486862,107772,27661
1791426468956994548,107788,27661
1791426468977862262,107812,27662
1791426468999084552,107828,27663
1791426469032506376,107852,27664
1791426469064401186,107876,27664
1791426469088692298,107892,27664
1791426469120382622,107916,27665
1791426469137221654,107932,27665
1791426469158419812,107956,27666
1791426469179723127,107972,27666
1791426469200964794,107996,27667
1791426469221429179,108012,27667
1791426469242797547,108028,27667
1791426469263982530,108052,27667
1791426469285003466,108076,27667
1791426469305853594,108092,27666
1791426469327223401,108108,27666
1791426469348552192,108132,27663
1791426469369181813,108148,27661
1791426469390470627,108172,27658
1791426469412125450,108196,27656
1791426469433109778,108212,27655
1791426469453853954,108228,29056
1791426469474961576,108252,29054
1791426469496727880,108268,29053
1791426469517161398,108292,29051
1791426469538211760,108308,29050
1791426469559618878,108332,29048
1791426469580605680,108348,29047
1791426469601411256,108372,26221
1791426469622438735,108388,26219
1791426469643774550,108412,26215
1791426469664833976,108428,26213
1791426469685554495,108452,26209
1791426469706828425,108468,27920
1791426469727995106,108492,27917
1791426469748903851,108508,27917
1791426469771501173,108532,27916
1791426469792989593,108556,27915
1791426469813906192,108572,27915
1791426469834931729,108588,27914
1791426469856253257,108612,27912
1791426469880707232,108628,27910
1791426469901448226,108652,27908
1791426469922735270,108668,27907
1791426469944067647,108692,27905
1791426469964840996,108708,27904
1791426469985757228,108732,27903
1791426470006672090,108748,27900
1791426470027987350,108772,27896
1791426470049058502,108788,27893
1791426470069922640,108812,27890
1791426470091021156,108828,27888
1791426470112486266,108852,27885
1791426470133276033,108876,27882
1791426470154030597,108892,27880
1791426470175332875,108916,27876
1791426470196514023,108932,27874
1791426470217187023,108948,27872
1791426470238163766,108972,27869
1791426470259890949,108988,27867
1791426470280715492,109012,27866
1791426470302411142,109028,27865
1791426470323744215,109052,27864
1791426470345650965,109076,27863
1791426470369956733,109092,27862
1791426470391090994,109108,27862
1791426470412388291,109132,27859
1791426470433048382,109148,27857
1791426470455284680,109172,27855
1791426470476366450,109188,27853
1791426470497106714,109212,27852
1791426470518046395,109228,27851
1791426470539073641,109252,27849
1791426470560376204,109268,27848
1791426470583564740,109292,27847
1791426470604789777,109308,27846
1791426470625198754,109332,27844
1791426470646225983,109348,27842
1791426470667514547,109372,27840
1791426470688630548,109388,27838
1791426470709300431,109412,27834
1791426470730382731,109428,27832
1791426470752012059,109452,27829
1791426470772752102,109468,27828
1791426470793782917,109492,27826
1791426470814670657,109508,27826
1791426470836303229,109532,27826
1791426470857234182,109548,27825
1791426470878320590,109572,27825
1791426470899765862,109588,27824
1791426470920841604,109612,27824
1791426470941570050,109628,27822
1791426470962777768,109652,27818
1791426470984468669,109668,27816
1791426471005032953,109692,27812
1791426471025900224,109708,27810
1791426471047211705,109732,27806
1791426471068539951,109748,27802
1791426471089128039,109772,27796
1791426471110106690,109788,27793
1791426471131287644,109812,27789
1791426471152653257,109828,27786
1791426471173471833,109852,27781
1791426471194426458,109868,27779
1791426471216146124,109892,27777
1791426471236900574,109908,27776
1791426471257698584,109932,27774
1791426471278795555,109948,27773
1791426471300543143,109972,27770
1791426471321009892,109988,27769
1791426471341887575,110012,27763
1791426471362936201,110028,27760
1791426471385040624,110052,27756
1791426471405785275,110068,27753
1791426471431273898,110092,27749
1791426471448284273,110116,27746
1791426471469348496,110132,27742
1791426471490132972,110148,27739
1791426471511372867,110172,27734
1791426471532552918,110188,27731
1791426471553364689,110212,27727
1791426471574389692,110228,27725
1791426471595489224,110252,27721
1791426471616860187,110268,27719
1791426471637731280,110292,27716
1791426471658634300,110308,27714
1791426471680226778,110332,27711
1791426471701056341,110348,27709
1791426471721971171,110372,27707
1791426471743031917,110388,27706
1791426471764745657,110412,27705
1791426471785251447,110428,27704
1791426471806282267,110452,27703
1791426471827638890,110468,27702
1791426471848746808,110492,27699
1791426471869678200,110508,27697
1791426471890843133,110532,27693
1791426471912483734,110548,27691
1791426471933169398,110572,27688
1791426471954158763,110588,27686
1791426471975485679,110612,27684
1791426471996790751,110628,27682
1791426472017794111,110652,27681
1791426472039039951,110668,27680
1791426472060538223,110692,27678
1791426472081257825,110708,27678
1791426472102374922,110732,27677
1791426472123695693,110748,27676
1791426472144761474,110772,27674
1791426472165555740,110788,27673
1791426472186485825,110812,27672
1791426472207560969,110828,27671
1791426472228539918,110852,27670
1791426472249129223,110868,27669
1791426472269917085,110892,27667
1791426472290882060,110908,27666
1791426472311830736,110932,27664
1791426472332866896,110948,27663
1791426472353729789,110972,27661
1791426472375165997,110988,27659
1791426472396498165,111012,27655
1791426472417180972,111028,27653
1791426472438129261,111052,27649
1791426472459427898,111068,27646
1791426472480757639,111092,27643
1791426472501486016,111108,27641
1791426472522627891,111132,27635
1791426472544296266,111148,27631
1791426472565050028,111172,27625
1791426472585968079,111188,27622
1791426472607358238,111212,27617
1791426472628792738,111228,27614
1791426472649639772,111252,27609
1791426472670860301,111268,27606
1791426472692419757,111292,27601
1791426472713039169,111308,27598
1791426472734222998,111332,27593
1791426472755608381,111356,28744
1791426472776701769,111372,28741
1791426472797346795,111388,28738
1791426472818253615,111412,28734
1791426472840879502,111428,28730
1791426472862273226,111452,28726
1791426472888789907,111468,28723
1791426472919083097,111492,28718
1791426472957283824,111516,28710
1791426472978322092,111532,28706
1791426472999475397,111548,28702
1791426473020820356,111572,28697
1791426473042186072,111588,28694
1791426473063205251,111612,28689
1791426473084642417,111628,28684
1791426473105486115,111652,28676
1791426473126468519,111668,28671
1791426473149555410,111692,28664
1791426473170410042,111708,28660
1791426473191752816,111732,27252
1791426473212757860,111748,27247
1791426473234081942,111772,27241
1791426473254718332,111788,27237
1791426473276253478,111812,27230
1791426473296771514,111828,27227
1791426473317472802,111852,27221
1791426473338473177,111868,27218
1791426473360115689,111892,27214
1791426473380897491,111908,27211
1791426473401815695,111932,27208
1791426473423123585,111948,27205
1791426473444690968,111972,27201
1791426473465331016,111988,27199
1791426473486506601,112012,27194
1791426473508036637,112028,27191
1791426473528935536,112052,27187
1791426473552583503,112068,27185
1791426473573457094,112092,27182
1791426473594069215,112108,27180
1791426473615350001,112132,27177
1791426473637401344,112156,27174
1791426473658120342,112172,27172
1791426473679473586,112188,27170
1791426473700285171,112212,27167
1791426473721519101,112228,27166
1791426473741995265,112252,27163
1791426473763071091,112268,27161
1791426473784579025,112292,27158
1791426473805184380,112308,27156
1791426473826015079,112332,27153
1791426473847036308,112348,27151
1791426473868426370,112372,27148
1791426473889207734,112388,27146
1791426473910048098,112412,27144
1791426473931518638,112428,27143
1791426473952790032,112452,27141
1791426473973567372,112468,27139
1791426473994757098,112492,27138
1791426474016226906,112508,27137
1791426474037265537,112532,27136
1791426474057673149,112548,27136
1791426474078917347,112572,27135
1791426474100500449,112588,27135
1791426474121032577,112612,27135
1791426474141994980,112628,27136
1791426474163856334,112652,27138
1791426474184957408,112676,27139
1791426474205976649,112692,27139
1791426474227550736,112716,27140
1791426474248785232,112732,27140
1791426474269345571,112748,27138
1791426474290454282,112772,27136
1791426474311915948,112788,27134
1791426474332879096,112812,27132
1791426474354220263,112828,27131
1791426474376516876,112852,27129
1791426474396917626,112868,27127
1791426474420364757,112892,27125
1791426474445421970,112908,27124
1791426474469465366,112932,27122
1791426474490205193,112948,27121
1791426474511956923,112972,27120
1791426474533827218,112988,27119
1791426474554900670,113012,27117
1791426474576667277,113028,27115
1791426474598552333,113052,27113
1791426474620551697,113068,27111
1791426474642027668,113092,27109
1791426474668848080,113108,27108
1791426474689768370,113132,27106
1791426474711099640,113148,27104
1791426474732951704,113172,27102
1791426474753568145,113188,27101
1791426474774875544,113212,27099
1791426474796655136,113228,27098
1791426474817389039,113252,27095
1791426474838335993,113268,27094
1791426474861182462,113292,27091
1791426474881928836,113308,27089
1791426474903297432,113332,27087
1791426474924721095,113348,27086
1791426474945519505,113372,27085
1791426474969402031,113388,27083
1791426474991875490,113412,27081
1791426475012899899,113428,27080
1791426475034016268,113452,27078
1791426475055357551,113468,27076
1791426475076756688,113492,27074
1791426475097494140,113508,27073
1791426475118698586,113532,27071
1791426475140081713,113548,27070
1791426475161295928,113572,27069
1791426475182119358,113588,27069
1791426475203696787,113612,27068
1791426475224846217,113628,27067
1791426475245742521,113652,27066
1791426475267091722,113668,27065
1791426475288619411,113692,27065
1791426475309283903,113708,27065
1791426475330430727,113732,27065
1791426475352169078,113748,27064
1791426475373082537,113772,27063
1791426475394011871,113788,27062
1791426475415448296,113812,27062
1791426475436836140,113828,27061
1791426475457687945,113852,27061
1791426475478912745,113868,27060
1791426475500205128,113892,27058
1791426475521720523,113908,27057
1791426475543119032,113932,27055
1791426475564921519,113948,27053
1791426475585735132,113972,27051
1791426475607174429,113988,27049
1791426475633691154,114012,27048
1791426475658525736,114028,27046
1791426475679950790,114052,27045
1791426475700497354,114068,27044
1791426475722443724,114092,27043
1791426475744023895,114108,27042
1791426475765595563,114132,27040
1791426475787055257,114148,27039
1791426475808090720,114172,27038
1791426475829209917,114188,27036
1791426475850097266,114212,27035
1791426475871820848,114228,27034
1791426475892478482,114252,27032
1791426475913371792,114268,27030
1791426475934574018,114292,27028
1791426475955996891,114316,27026
1791426475976297428,114332,27025
1791426475997382776,114348,27024
1791426476018816867,114372,27023
1791426476040160522,114388,27022
1791426476060943797,114412,27022
1791426476082135220,114428,27022
1791426476104023366,114452,27022
1791426476124636034,114468,27022
1791426476145732885,114492,27021
1791426476167302433,114508,27021
1791426476188314168,114532,27021
1791426476209214592,114548,27021
1791426476230727525,114572,27021
1791426476252050510,114588,27021
1791426476272769507,114612,27021
1791426476293903530,114628,27022
1791426476315382783,114652,27023
1791426476336272718,114668,27023
1791426476357088037,114692,27024
1791426476378413358,114708,27025
1791426476400062513,114732,27026
1791426476420855503,114748,27027
1791426476442377015,114772,27028
1791426476463559619,114788,27029
1791426476484507652,114812,27030
1791426476505336139,114828,27031
1791426476526279936,114852,27032
1791426476547652927,114868,27033
1791426476568524046,114892,27032
1791426476589634917,114908,27031
1791426476611078656,114932,27031
1791426476632277340,114948,27031
1791426476653033349,114972,27031
1791426476674089751,114988,27031
1791426476695336261,115012,27032
1791426476716360210,115028,27033
1791426476737223949,115052,27034
1791426476758462021,115068,27035
1791426476779935522,115092,27036
1791426476800642033,115108,27036
1791426476821844760,115132,27037
1791426476843514751,115148,27038
1791426476864442589,115172,27039
1791426476885379876,115188,27039
1791426476906811713,115212,27040
1791426476928185249,115228,27040
1791426476948982202,115252,27041
1791426476970277450,115268,27043
1791426476991897461,115292,27047
1791426477012545016,115308,27050
1791426477033484570,115332,27056
1791426477055050576,115348,27061
1791426477076256330,115372,27068
1791426477097107626,115388,27074
1791426477118491277,115412,27082
1791426477140220455,115428,27088
1791426477160778201,115452,27096
1791426477181868558,115468,27102
1791426477203526208,115492,27108
1791426477224162096,115508,27111
1791426477244985736,115532,27114
1791426477266011721,115548,27115
1791426477287645301,115572,27117
1791426477308482738,115588,27118
1791426477329651732,115612,27118
1791426477350969398,115628,27117
1791426477372248510,115652,27116
1791426477393058053,115668,27115
1791426477414325267,115692,27114
1791426477435727698,115708,27113
1791426477456188086,115732,27111
1791426477477024677,115748,27109
1791426477498232516,115772,27106
1791426477519851619,115788,27103
1791426477540446211,115812,27099
1791426477561554025,115828,27097
1791426477583138475,115852,27093
1791426477604265945,115868,27090
1791426477625075431,115892,27085
1791426477646087500,115908,27082
1791426477667628988,115932,27077
1791426477688495628,115948,27074
1791426477709347663,115972,27070
1791426477730683427,115988,27067
1791426477752038488,116012,27062
1791426477772695040,116028,27059
1791426477793639263,116052,27055
1791426477815138665,116068,27052
1791426477836176712,116092,27048
1791426477856921657,116108,27046
1791426477877876419,116132,27041
1791426477899162281,116148,27038
1791426477920094585,116172,27034
1791426477940849881,116188,27032
1791426477961838736,116212,27028
1791426477983107308,116228,27027
1791426478004156214,116252,27025
1791426478025056421,116268,27024
1791426478046307417,116292,27023
1791426478067833434,116308,27022
1791426478088663776,116332,27021
1791426478109714622,116348,27021
1791426478131304293,116372,27021
1791426478152223838,116388,27021
1791426478172966600,116412,27022
1791426478193985222,116428,27022
1791426478215596688,116452,27023
1791426478236314954,116468,27023
1791426478257353789,116492,27023
1791426478278460211,116508,27022
1791426478300048330,116532,27021
1791426478320930342,116548,27020
1791426478341779221,116572,27019
1791426478363324561,116588,27018
1791426478384091073,116612,27017
1791426478405228739,116636,27018
1791426478426133115,116652,27019
1791426478447338344,116668,27019
1791426478468174151,116692,27020
1791426478489194897,116716,27021
1791426478510061944,116732,27021
1791426478531280126,116748,27020
1791426478552103564,116772,27019
1791426478572921339,116788,27018
1791426478594280959,116812,27016
1791426478615778075,116828,27015
1791426478636466736,116852,27014
1791426478657301282,116868,27013
1791426478678587029,116892,27011
1791426478700143492,116908,27010
1791426478720781706,116932,27009
1791426478741878878,116948,27008
1791426478763137338,116972,27006
1791426478784150934,116988,27005
1791426478805097424,117012,27004
1791426478826267385,117028,27003
1791426478847926102,117052,27003
1791426478868498780,117068,27002
1791426478890523449,117092,27002
1791426478911753345,117108,27002
1791426478932462761,117132,27002
1791426478953603367,117148,27002
1791426478975101773,117172,27001
1791426478996189549,117188,27001
1791426479017019002,117212,27000
1791426479038172919,117228,27000
1791426479059937107,117252,26998
1791426479080668980,117268,26997
1791426479101700882,117292,26995
1791426479123464131,117308,26993
1791426479144247973,117332,26992
1791426479165115829,117348,26991
1791426479186249254,117372,26990
1791426479207892656,117388,26991
1791426479228618013,117412,26991
1791426479249735276,117428,26991
1791426479271256711,117452,26991
1791426479292300111,117468,26991
1791426479313095416,117492,26992
1791426479333911305,117508,26993
1791426479355584524,117532,26994
1791426479376441170,117548,26995
1791426479397804472,117572,26997
1791426479419226062,117588,26997
1791426479441385116,117612,26998
1791426479462866553,117628,26998
1791426479484012052,117652,26998
1791426479504628558,117668,26998
1791426479526333615,117692,26998
1791426479547410551,117708,26998
1791426479569994861,117732,25993
1791426479591453366,117748,25995
1791426479612264626,117772,25999
1791426479633288797,117796,26002
1791426479654633663,117812,26005
1791426479675932067,117828,26007
1791426479696606943,117852,27812
1791426479717745522,117868,27816
1791426479739197544,117892,27823
1791426479760160862,117908,27827
1791426479781334928,117932,27834
1791426479802543791,117948,27838
1791426479823924304,117972,27844
1791426479844640930,117988,27849
1791426479867328137,118012,27854
1791426479887236417,118028,27857
1791426479908383727,118052,27861
1791426479929267668,118068,27863
1791426479950497801,118092,27867
1791426479971912182,118108,26860
1791426479992546865,118132,26862
1791426480013679718,118148,26864
1791426480035148809,118172,26866
1791426480056151614,118188,26867
1791426480076922928,118212,26868
1791426480098009315,118228,26869
1791426480119613717,118252,26869
1791426480140452841,118268,26870
1791426480161393965,118292,26871
1791426480182579223,118308,26872
1791426480203928417,118332,26872
1791426480224635830,118348,26872
1791426480245704044,118372,26872
1791426480267326813,118388,26871
1791426480288321586,118412,26871
1791426480309117376,118428,26871
1791426480330278065,118452,26870
1791426480351908746,118468,26870
1791426480372546170,118492,26870
1791426480393562452,118508,26869
1791426480414714640,118532,26869
1791426480435995071,118548,26868
1791426480456837467,118572,26868
1791426480477940070,118588,26867
1791426480499576064,118612,26866
1791426480520422889,118628,26865
1791426480541384286,118652,26865
1791426480563028289,118668,26864
1791426480584111939,118692,26864
1791426480604967010,118708,26863
1791426480626113811,118732,26862
1791426480647214415,118748,26861
1791426480668463235,118772,26859
1791426480689202765,118788,26857
1791426480710244281,118812,26855
1791426480731707284,118828,26853
1791426480752469325,118852,26851
1791426480773564116,118868,26849
1791426480794634201,118892,26847
1791426480815961046,118908,26845
1791426480836782099,118932,26842
1791426480857823660,118948,26841
1791426480879447228,118972,26839
1791426480900579313,118988,26837
1791426480921390503,119012,26833
1791426480942714634,119028,26831
1791426480963731866,119052,26827
1791426480984585314,119076,26823
1791426481005296219,119092,26821
1791426481026279500,119108,26819
1791426481048584451,119132,26819
1791426481069518209,119148,26819
1791426481091170262,119172,26819
1791426481112576728,119188,26819
1791426481132635627,119212,26819
1791426481153700771,119228,26819
1791426481174401444,119252,26818
1791426481195736856,119268,26818
1791426481216415214,119292,26817
1791426481237287191,119308,26817
1791426481258623109,119332,26816
1791426481280016663,119348,26816
1791426481300741542,119372,26816
1791426481321875622,119388,26816
1791426481343257639,119412,26815
1791426481364133465,119428,26815
1791426481384979286,119452,26815
1791426481406156649,119468,26815
1791426481427507704,119492,26816
1791426481448436297,119508,26818
1791426481469340037,119532,26820
1791426481490637158,119548,26822
1791426481512015399,119572,26823
1791426481532644120,119588,26825
1791426481553612719,119612,26826
1791426481575113584,119628,26826
1791426481596137131,119652,26826
1791426481616987323,119668,26826
1791426481642136937,119692,26826
1791426481663535022,119708,26826
1791426481684171500,119732,26826
1791426481705031552,119748,26825
1791426481726297946,119772,26824
1791426481748448343,119788,26823
1791426481769398590,119812,26822
1791426481790656827,119828,26821
1791426481816005307,119852,26819
1791426481836375506,119868,26818
1791426481857374615,119892,26816
1791426481878494839,119908,26815
1791426481900146818,119932,26813
1791426481920790951,119948,26812
1791426481941827658,119972,26810
1791426481963790843,119996,26809
1791426481984156266,120012,26810
1791426482005249759,120028,26811
1791426482026108182,120052,26812
1791426482047852936,120068,26812
1791426482068528796,120092,26812
1791426482091828362,120108,26812
1791426482112766783,120132,26812
1791426482136597752,120148,26812
1791426482157446449,120172,26811
1791426482179076225,120188,26811
1791426482200077198,120212,26810
1791426482221114901,120228,28292
1791426482242144501,120252,28291
1791426482263861055,120268,28291
1791426482284494705,120292,28290
1791426482305250298,120308,28289
1791426482326450682,120332,28289
1791426482347939303,120348,28289
1791426482368245435,120372,28288
1791426482389071917,120388,28286
1791426482410217686,120412,28284
1791426482431561445,120428,28283
1791426482452351989,120452,28281
1791426482473129861,120468,28280
1791426482494203251,120492,26955
1791426482515574384,120516,26949
1791426482536196501,120532,26945
1791426482557602201,120548,26941
1791426482578677592,120572,26936
1791426482599870482,120588,26932
1791426482621054666,120612,26928
1791426482642186295,120636,26924
1791426482663383795,120652,26921
1791426482684034903,120668,26918
1791426482705258334,120692,26915
1791426482726155393,120708,26912
1791426482747725359,120732,26909
1791426482768443631,120756,26908
1791426482789002195,120772,26908
1791426482810048530,120788,26907
1791426482831074453,120812,26906
1791426482852506865,120828,26906
1791426482880325454,120852,26905
1791426482902975739,120868,26905
1791426482924055658,120892,26907
1791426482944718358,120908,26909
1791426482965829795,120932,26911
1791426482987422234,120948,26912
1791426483008308693,120972,26914
1791426483029222123,120988,26916
1791426483050437143,121012,26916
1791426483072166706,121028,26917
1791426483093521913,121052,26917
1791426483116304465,121068,26917
1791426483137422419,121092,26918
1791426483158334982,121108,26918
1791426483181186601,121132,26918
1791426483202248706,121148,26919
1791426483223577436,121172,26919
1791426483244878183,121188,26920
1791426483265401867,121212,26921
1791426483286560492,121228,26921
1791426483307906311,121252,26923
1791426483330091636,121268,26924
1791426483351110348,121292,26926
1791426483372217541,121308,26927
1791426483393234270,121332,26928
1791426483414371773,121348,26929
1791426483435999972,121372,26931
1791426483456713357,121388,26933
1791426483477918287,121412,26935
1791426483499824009,121428,26937
1791426483520626740,121452,26939
1791426483541634246,121468,26940
1791426483563063135,121492,26943
1791426483584214062,121508,26944
1791426483604969899,121532,26947
1791426483626206718,121548,26948
1791426483647967127,121572,26950
1791426483668640150,121588,26951
1791426483689630560,121612,26953
1791426483711116179,121628,26958
1791426483732129177,121652,26965
1791426483753073508,121668,26969
1791426483774103728,121692,26976
1791426483795684190,121708,26980
1791426483816345899,121732,26986
1791426483837141452,121748,26991
1791426483858340093,121772,26997
1791426483879711158,121788,27000
1791426483900273711,121812,27004
1791426483921170666,121828,27007
1791426483942425743,121852,27010
1791426483964269512,121868,27012
1791426483985167708,121892,27015
1791426484006372302,121908,27016
1791426484028057281,121932,27018
1791426484048900473,121948,27018
1791426484070038977,121972,27019
1791426484091547759,121988,27020
1791426484112156393,122012,27017
1791426484132962063,122028,27016
1791426484154027762,122052,27014
1791426484175360589,122068,27012
1791426484196133002,122092,27010
1791426484216991973,122108,27009
1791426484238203028,122132,27008
1791426484259617570,122148,27007
1791426484280531856,122172,27006
1791426484301350759,122188,27005
1791426484322734861,122212,27005
1791426484344042879,122228,27004
1791426484364733349,122252,27004
1791426484386207998,122268,27003
1791426484407107398,122292,27001
1791426484428174920,122308,27000
1791426484449059270,122332,26999
1791426484470346126,122348,26998
1791426484491790577,122372,26998
1791426484512597663,122388,26999
1791426484533584676,122412,27000
1791426484555235981,122428,27001
1791426484576374088,122452,27002
1791426484596949368,122468,27002
1791426484618199285,122492,27004
1791426484639571514,122508,27006
1791426484660541294,122532,27008
1791426484681477302,122548,27010
1791426484702711102,122572,27012
1791426484723973781,122588,27013
1791426484744684559,122612,27014
1791426484765659827,122628,27016
1791426484786916000,122652,27018
1791426484808139072,122668,27020
1791426484828968835,122692,27022
1791426484850213692,122708,27023
1791426484870813458,122732,27024
1791426484892134743,122748,27026
1791426484912997987,122772,27029
1791426484934136588,122788,27030
1791426484955923455,122812,27032
1791426484976363582,122828,27033
1791426484997237740,122852,27035
1791426485018593353,122868,27036
1791426485039898346,122892,27038
1791426485060560976,122908,27040
1791426485081506510,122932,27042
1791426485102945342,122948,27043
1791426485124289399,122972,27045
1791426485145131136,122988,27047
1791426485166176226,123012,27049
1791426485187499320,123028,27050
1791426485208712919,123052,27052
1791426485232253425,123068,27053
1791426485253530679,123092,27055
1791426485274254695,123108,27055
1791426485295819807,123132,27057
1791426485316398902,123148,27058
1791426485340441157,123172,27059
1791426485361297928,123188,27060
1791426485382645021,123212,27060
1791426485403995299,123228,27061
1791426485424745820,123252,27062
1791426485445663829,123268,27062
1791426485467239509,123292,27062
1791426485488132067,123308,27062
1791426485508919298,123332,27062
1791426485529839851,123348,27062
1791426485551484940,123372,27062
1791426485572716249,123388,27064
1791426485593483391,123412,27067
1791426485615076773,123428,27069
1791426485636247338,123452,27072
1791426485657080553,123468,27073
1791426485678187800,123492,27077
1791426485699835013,123508,27080
1791426485720704223,123532,27085
1791426485741644397,123548,27087
1791426485764941308,123572,27092
1791426485786147663,123588,27095
1791426485807437428,123612,27099
1791426485828144728,123628,27101
1791426485849021258,123652,27105
1791426485870267101,123668,27107
1791426485891557026,123692,27110
1791426485912196465,123708,27111
1791426485932840740,123732,27113
1791426485953986089,123756,27119
1791426485974892095,123772,27122
1791426485995840563,123788,27126
1791426486016508396,123812,27130
1791426486037388438,123828,27133
1791426486058746753,123852,27137
1791426486080349275,123868,27140
1791426486100970283,123892,27144
1791426486121954911,123908,27147
1791426486143556141,123932,27151
1791426486164492046,123948,27154
1791426486185353341,123972,27158
1791426486206707153,123988,27161
1791426486227934839,124012,27168
1791426486248660200,124028,27173
1791426486269568187,124052,27180
1791426486291219072,124076,27186
1791426486313083943,124092,27190
1791426486334413782,124108,27194
1791426486356085113,124132,27205
1791426486377104716,124148,27211
1791426486398530603,124172,27221
1791426486420112658,124188,27227
1791426486440942459,124212,27235
1791426486462124208,124228,27240
1791426486483843314,124252,27250
1791426486504490448,124268,27257
1791426486525350675,124292,27268
1791426486546849433,124308,27274
1791426486568005147,124332,27284
1791426486588833408,124348,27290
1791426486609858669,124372,27300
1791426486631434620,124388,27306
1791426486652210232,124412,27315
1791426486673124716,124428,27320
1791426486694285891,124452,27327
1791426486716016318,124468,27331
1791426486736519689,124492,27338
1791426486757474920,124508,27344
1791426486779808161,124532,27352
1791426486800343910,124548,27357
1791426486821536678,124572,27364
1791426486843861046,124588,27369
1791426486867755665,124612,27375
1791426486886772163,124628,27380
1791426486907904512,124652,27386
1791426486928839277,124668,27390
1791426486951184719,124692,27395
1791426486972171891,124708,27398
1791426486992911345,124732,27402
1791426487014116321,124748,27405
1791426487035939259,124772,27409
1791426487056529624,124788,27412
1791426487078021501,124812,27415
1791426487099577632,124828,27418
1791426487122069958,124852,27421
1791426487147267813,124876,27427
1791426487168952205,124892,27430
1791426487190045850,124916,27435
1791426487214718265,124932,27438
1791426487241379845,124956,27442
1791426487259507943,124972,27445
1791426487280577494,124988,27447
1791426487301215573,125012,27454
1791426487322516591,125028,27459
1791426487344116983,125052,27465
1791426487364984220,125068,27468
1791426487388076277,125092,27473
1791426487408669539,125108,27475
1791426487429701758,125132,27480
1791426487453013533,125148,27482
1791426487473012415,125172,27486
1791426487494422258,125188,27488
1791426487515862046,125212,27491
1791426487537598455,125228,27493
1791426487559052018,125252,27496
1791426487580244628,125268,27498
1791426487601123287,125292,27501
1791426487622435774,125308,27503
1791426487643923837,125332,27506
1791426487664752440,125348,27507
1791426487685794921,125372,27509
1791426487707212558,125388,27510
1791426487728272915,125412,27512
1791426487749306873,125428,27514
1791426487770957476,125452,27515
1791426487792305720,125468,27517
1791426487813068094,125492,27520
1791426487834561957,125508,27524
1791426487856001237,125532,27529
1791426487876510228,125548,27533
1791426487897578996,125572,27539
1791426487918996783,125588,27542
1791426487939974055,125612,27548
1791426487960666952,125628,27553
1791426487981802072,125652,27560
1791426488003089715,125668,27564
1791426488024195499,125692,27570
1791426488045207438,125716,27575
1791426488066093727,125732,27579
1791426488087440140,125748,27584
1791426488108369285,125772,27591
1791426488129148911,125788,27596
1791426488150443319,125812,27602
1791426488171881974,125828,27606
1791426488192489509,125852,27612
1791426488213455570,125868,27617
1791426488235020613,125892,27623
1791426488256117705,125908,27627
1791426488276929851,125932,27633
1791426488298493559,125956,27638
1791426488319901933,125972,27641
1791426488340483379,125988,27644
1791426488361380430,126012,27651
1791426488382712996,126036,27657
1791426488404122676,126052,27661
1791426488429241812,126076,27667
1791426488450019052,126092,27670
1791426488471230211,126108,27673
1791426488492127746,126132,27678
1791426488512738194,126148,27681
1791426488533427261,126172,27685
1791426488554783937,126188,27688
1791426488575832400,126212,27692
1791426488596587303,126228,27695
1791426488617249257,126252,27698
1791426488637998986,126268,27700
1791426488659593442,126292,27702
1791426488680346217,126308,27704
1791426488701299963,126332,27707
1791426488721971041,126348,27708
1791426488743713440,126372,27713
1791426488764094025,126388,27717
1791426488784896681,126412,27722
1791426488806540265,126428,27726
1791426488827755595,126452,27732
1791426488848462490,126468,27735
1791426488869389238,126492,27741
1791426488890611867,126508,27746
1791426488911849961,126532,27752
1791426488932508447,126548,27757
1791426488967909265,126572,27761
1791426488996020145,126588,27764
1791426489024002457,126612,27768
1791426489052173930,126636,27775
1791426489072806202,126652,27779
1791426489093894820,126668,27783
1791426489115407472,126692,27789
1791426489136484838,126708,27793
1791426489157123296,126732,27799
1791426489179959175,126756,27807
1791426489200744719,126772,27812
1791426489223569645,126796,27819
1791426489245362810,126812,27823
1791426489273440754,126828,27828
1791426489300082173,126852,26820
1791426489325610310,126868,26823
1791426489359640621,126892,26828
1791426489380361931,126908,26831
1791426489401401724,126932,26836
1791426489422744996,126948,26840
1791426489444182030,126972,26844
1791426489465133266,126988,26847
1791426489486553293,127012,26856
1791426489508021492,127028,26862
1791426489528752270,127052,26870
1791426489550075299,127068,26875
1791426489571618702,127092,26882
1791426489596323178,127108,26886
1791426489617362906,127132,26894
1791426489638535945,127156,26902
1791426489659645119,127172,26907
1791426489680447291,127188,26911
1791426489701432993,127212,26917
1791426489722840901,127228,28935
1791426489744283385,127252,28942
1791426489764886918,127268,28948
1791426489786215382,127292,28955
1791426489807529954,127308,28960
1791426489832526160,127332,28967
1791426489852959777,127348,27432
1791426489874204473,127372,27439
1791426489895916960,127388,27442
1791426489916385441,127412,27448
1791426489937192733,127428,27452
1791426489958606975,127452,27456
1791426489979966141,127468,27459
1791426490000910272,127492,27465
1791426490021949607,127508,27469
1791426490043096207,127532,27476
1791426490064331894,127548,27480
1791426490085263756,127572,27486
1791426490106649068,127588,27489
1791426490127997165,127612,28552
1791426490148833373,127628,28558
1791426490169738173,127652,28565
1791426490191269553,127668,28570
1791426490212706024,127692,28576
1791426490233312981,127708,28580
1791426490254538884,127732,28585
1791426490276523244,127756,28591
1791426490296658162,127772,28595
1791426490317638730,127788,28599
1791426490338786038,127812,28603
1791426490359879616,127828,28606
1791426490380551528,127852,28610
1791426490401565242,127868,28612
1791426490423020264,127892,28615
1791426490444112635,127908,28617
1791426490464868491,127932,28619
1791426490485725553,127948,28621
1791426490506912335,127972,28623
1791426490528173905,127988,28624
1791426490549008926,128012,28631
1791426490571310118,128028,28635
1791426490592929353,128052,28642
1791426490613912307,128068,28646
1791426490635309251,128092,28652
1791426490656963444,128108,28656
1791426490678415717,128132,28664
1791426490699922677,128148,28669
1791426490720719211,128172,28675
1791426490741698333,128188,28680
1791426490763125735,128212,28686
1791426490784038394,128228,28689
1791426490804789891,128252,28695
1791426490825801272,128268,28699
1791426490847181930,128292,28705
1791426490867966116,128308,28708
1791426490888707069,128332,28714
1791426490909660994,128348,28717
1791426490930656775,128372,28723
1791426490951882952,128396,28731
1791426490972441772,128412,28736
1791426490993623730,128428,28741
1791426491015109827,128452,28748
1791426491036123981,128468,28752
1791426491057642497,128492,28758
1791426491078855955,128508,28762
1791426491100525920,128532,28767
1791426491122832930,128548,28770
1791426491144384453,128572,28774
1791426491164981563,128588,28777
1791426491188279067,128612,28780
1791426491209161649,128628,28784
1791426491230399817,128652,28790
1791426491251614061,128668,28794
1791426491272146892,128692,28798
1791426491292845235,128708,28801
1791426491313832893,128732,28805
1791426491336330519,128748,28809
1791426491357339097,128772,28814
1791426491378511764,128788,28817
1791426491401838745,128812,28821
1791426491423731431,128828,28824
1791426491444821739,128852,28827
1791426491465848112,128876,28831
1791426491487102692,128892,28834
1791426491508549957,128916,28839
1791426491529257505,128932,28841
1791426491550733656,128948,28844
1791426491572117574,128972,28847
1791426491592737392,128988,28849
1791426491613835196,129012,28854
1791426491635156522,129028,28857
1791426491656344792,129052,28861
1791426491677500691,129068,28864
1791426491698618525,129092,28868
1791426491720032402,129108,28871
1791426491740812786,129132,28877
1791426491761856595,129148,28881
1791426491783357995,129172,28887
1791426491804334636,129188,28891
1791426491825153063,129212,28897
1791426491846534584,129228,28901
1791426491867864852,129252,28910
1791426491888568697,129268,28917
1791426491909566390,129292,28926
1791426491930838830,129308,28932
1791426491952098837,129332,28941
1791426491976383957,129348,28947
1791426492002349753,129372,28955
1791426492023682645,129388,28961
1791426492044692979,129412,28968
1791426492065521708,129428,28973
1791426492086523328,129452,28980
1791426492108038210,129468,28985
1791426492128847164,129492,28991
1791426492149720766,129508,28995
1791426492171087087,129532,29001
1791426492192152498,129548,29004
1791426492212952631,129572,29009
1791426492234132995,129588,29012
1791426492255559271,129612,29016
1791426492276436312,129628,29020
1791426492297443418,129652,29025
1791426492318945816,129668,29028
1791426492340175259,129692,29033
1791426492361001725,129708,29036
1791426492382410939,129732,29040
1791426492403958408,129748,29044
1791426492424603570,129772,29049
1791426492445760742,129788,29053
1791426492467321903,129812,29058
1791426492488492786,129836,29064
1791426492508915337,129852,29067
1791426492530092276,129868,29071
1791426492551264978,129892,29080
1791426492572155591,129908,29085
1791426492592951855,129932,29093
1791426492614106715,129948,29097
1791426492635971264,129972,29103
1791426492656756793,129988,29107
1791426492677695526,130012,29113
1791426492699209700,130036,29119
1791426492720207045,130052,29122
1791426492741044378,130076,29126
1791426492762313283,130092,29129
1791426492784002281,130108,29131
1791426492804550617,130132,29138
1791426492825914767,130148,29143
1791426492846916963,130172,29148
1791426492868286393,130188,29151
1791426492889183591,130212,29155
1791426492910662157,130228,29158
1791426492932017001,130252,29163
1791426492952803191,130268,29167
1791426492973929177,130292,29173
1791426492995114303,130308,29176
1791426493016304415,130332,29181
1791426493037154854,130348,29185
1791426493058392284,130372,29191
1791426493079872230,130388,29195
1791426493100424513,130412,29202
1791426493121208093,130428,29207
1791426493142545881,130452,29213
1791426493164009148,130468,29217
1791426493184756951,130492,29223
1791426493205817352,130508,29229
1791426493227424531,130532,29236
1791426493248277815,130548,29241
1791426493269119208,130572,29248
1791426493290514988,130588,29253
1791426493311565022,130612,29260
1791426493332491721,130628,29266
1791426493353473717,130652,29275
1791426493375062771,130668,29281
1791426493396162643,130692,29289
1791426493416972635,130708,29294
1791426493438267184,130732,29300
1791426493459875055,130748,29306
1791426493480601030,130772,29314
1791426493501520274,130788,29318
1791426493522936058,130812,29324
1791426493544283918,130828,29329
1791426493565199748,130852,29335
1791426493586474102,130868,29339
1791426493607951909,130892,29346
1791426493628530129,130908,29350
1791426493649530500,130932,29356
1791426493671057014,130948,29360
1791426493692061255,130972,29366
1791426493712869448,130988,29369
1791426493734091834,131012,29375
1791426493755172977,131028,29379
1791426493776272896,131052,29384
1791426493797164902,131068,29388
1791426493818669979,131092,29393
1791426493840647491,131108,29396
1791426493861528121,131132,29402
1791426493882974924,131148,29406
1791426493905059356,131172,29412
1791426493926284257,131188,29415
1791426493947915166,131212,29420
1791426493968572903,131228,29423
1791426493989685001,131252,29431
1791426494011043850,131268,29436
1791426494032136471,131292,29444
1791426494052854662,131308,29449
1791426494073993061,131332,29457
1791426494095609731,131348,29462
1791426494116401812,131372,29471
1791426494137385329,131388,29477
1791426494158680451,131412,29486
1791426494179999161,131428,29491
1791426494200863627,131452,29498
1791426494222055515,131468,29502
1791426494243595146,131492,29508
1791426494264535601,131508,29512
1791426494285532621,131532,29517
1791426494307397112,131548,29520
1791426494328331945,131572,29524
1791426494349136569,131588,29527
1791426494370349941,131612,29529
1791426494391777958,131628,29534
1791426494412472530,131652,29539
1791426494433346677,131676,29545
1791426494454825200,131692,29549
1791426494475990844,131708,29552
1791426494496888175,131732,29557
1791426494518088812,131748,29561
1791426494539117737,131772,29566
1791426494560309930,131788,29569
1791426494581239410,131812,29572
1791426494602363361,131828,29575
1791426494624055039,131852,29577
1791426494644578927,131868,29580
1791426494665756793,131892,29587
1791426494687076125,131908,29591
1791426494708127385,131932,29596
1791426494728729766,131948,29599
1791426494749676770,131972,29604
1791426494770877148,131988,29607
1791426494792031058,132012,29612
1791426494812899014,132028,29616
1791426494834309988,132052,29621
1791426494855229072,132068,29624
1791426494876327737,132092,29628
1791426494897171964,132108,29630
1791426494918687421,132132,29635
1791426494940076735,132156,29640
1791426494961049467,132172,29643
1791426494981908190,132196,29647
1791426495003632362,132212,29649
1791426495024267317,132228,29651
1791426495045510453,132252,29655
1791426495066497394,132268,29659
1791426495087997165,132292,29665
1791426495108813998,132308,29668
1791426495130207720,132332,29673
1791426495152972085,132348,29676
1791426495174149257,132372,29680
1791426495195524481,132388,29685
1791426495216156542,132412,29691
1791426495236983785,132428,29696
1791426495258143354,132452,29702
1791426495279682577,132468,29706
1791426495300455750,132492,29712
1791426495321418076,132508,29716
1791426495342833375,132532,29721
1791426495364031728,132548,29725
1791426495384770487,132572,29730
1791426495406013792,132588,29733
1791426495427345780,132612,29736
1791426495448264192,132628,29741
1791426495469186553,132652,29746
1791426495490636879,132668,29749
1791426495511935842,132692,29753
1791426495532704021,132708,29756
1791426495553862168,132732,29760
1791426495575105255,132748,29764
1791426495596200782,132772,29771
1791426495617020700,132788,29775
1791426495638373200,132812,29780
1791426495659802594,132828,29784
1791426495680396864,132852,29788
1791426495701407758,132868,29793
1791426495722736487,132892,29802
1791426495744032520,132908,29807
1791426495764755157,132932,29815
1791426495785834726,132948,29819
1791426495807197701,132972,29826
1791426495828265486,132988,29830
1791426495849267984,133012,29837
1791426495870234567,133028,29842
1791426495891747207,133052,29848
1791426495912463299,133068,29852
1791426495933477803,133092,29858
1791426495955070408,133108,29862
1791426495976168029,133132,29870
1791426495997008217,133148,29876
1791426496018316811,133172,29884
1791426496039908018,133188,29888
1791426496060573808,133212,29894
1791426496081627938,133228,29898
1791426496103066462,133252,29905
1791426496124261949,133268,29909
1791426496145238825,133292,29915
1791426496166412440,133308,29919
1791426496187858939,133332,29924
1791426496208678106,133348,29928
1791426496229723087,133372,29933
1791426496251472837,133388,29937
1791426496272373615,133412,29943
1791426496293326056,133428,29946
1791426496314363662,133452,29950
1791426496335870087,133468,29953
1791426496356639523,133492,29959
1791426496377737410,133508,29964
1791426496399162224,133532,29972
1791426496420257530,133548,29977
1791426496441155510,133572,29983
1791426496462485529,133588,29987
1791426496483931501,133612,29992
1791426496504628084,133628,29998
1791426496525758547,133652,30006
1791426496547496168,133668,30011
1791426496568154590,133692,30018
1791426496589021590,133708,30023
1791426496610409848,133732,30029
1791426496632049476,133756,30037
1791426496652650224,133772,30043
1791426496673760868,133788,30048
1791426496695579871,133812,30057
1791426496716373308,133828,30062
1791426496737472990,133852,30070
1791426496759010279,133868,30075
1791426496780259572,133892,30082
1791426496801104066,133908,30086
1791426496822102644,133932,30092
1791426496843907505,133948,30095
1791426496864800800,133972,30100
1791426496885820758,133988,30103
1791426496907315406,134012,30108
1791426496928289524,134028,30112
1791426496949181911,134052,30117
1791426496970676752,134068,30121
1791426496992015277,134092,30126
1791426497012880114,134108,30129
1791426497033976038,134132,30136
1791426497055441461,134148,30140
1791426497076571438,134172,30146
1791426497097441442,134188,30149
1791426497118624472,134212,30154
1791426497140156707,134228,30157
1791426497160830338,134252,30162
1791426497182027210,134268,30166
1791426497203903734,134292,30171
1791426497224426207,134308,30175
1791426497245374687,134332,30180
1791426497266894722,134348,30184
1791426497288118929,134372,30189
1791426497308918042,134388,30194
1791426497329983911,134412,30200
1791426497351320354,134428,30204
1791426497372284562,134452,30209
1791426497393393557,134468,30212
1791426497414540352,134492,30217
1791426497435778972,134508,30222
1791426497456532895,134532,30229
1791426497477434069,134548,30234
1791426497498876035,134572,30241
1791426497520273637,134588,30246
1791426497541158024,134612,30252
1791426497562525272,134628,30258
1791426497583843101,134652,30266
1791426497604438315,134668,30271
1791426497625200178,134692,30278
1791426497646429181,134708,30282
1791426497667868062,134732,30288
1791426497688411739,134748,30293
1791426497709427079,134772,30299
1791426497730524468,134788,30304
1791426497752009909,134812,30309
1791426497772897925,134828,30313
1791426497793947627,134852,30319
1791426497814907055,134868,30323
1791426497835902917,134892,30329
1791426497857409252,134908,30333
1791426497878878880,134932,30338
1791426497899833868,134948,30342
1791426497920515478,134972,30346
1791426497942364151,134996,30350
1791426497962728119,135004,30352
1791426497983893254,135032,30355
1791426498004670717,135048,30358
1791426498025564891,135072,30360
1791426498046749167,135088,30362
1791426498067784965,135112,30364
1791426498088479710,135128,30367
1791426498109331879,135152,30371
1791426498130366755,135168,30374
1791426498151511547,135192,30379
1791426498172472842,135208,30381
1791426498193445490,135232,30385
1791426498214601934,135248,30388
1791426498236020332,135272,30391
1791426498256935949,135288,30393
1791426498277940860,135312,30396
1791426498299059415,135328,30398
1791426498329199696,135360,30402
1791426498340806034,135368,30403
1791426498361786431,135392,30406
1791426498382989319,135408,30408
1791426498405692171,135432,30411
1791426498426503525,135448,30413
1791426498447818975,135472,30414
1791426498468463096,135488,30415
1791426498489922601,135512,30420
1791426498513146916,135528,30422
1791426498534175029,135552,30426
1791426498556087599,135576,30429
1791426498576327403,135592,30431
1791426498597122060,135608,30433
1791426498618643129,135632,30437
1791426498639703624,135648,30440
1791426498660684247,135672,30444
1791426498681535658,135688,30446
1791426498702753337,135712,30450
1791426498723993353,135728,30453
1791426498744825778,135752,30457
1791426498765924098,135768,30460
1791426498787620043,135792,30465
1791426498808687239,135816,30470
1791426498829244533,135832,30473
1791426498850258861,135848,30476
1791426498871926238,135872,30479
1791426498892601373,135888,30481
1791426498913605739,135912,30484
1791426498934857461,135928,30486
1791426498956033509,135952,30488
1791426498976842517,135968,30489
1791426498997956785,135992,30492
1791426499019632622,136008,30496
1791426499040617001,136032,30501
1791426499061368901,136048,30504
1791426499083002890,136072,30509
1791426499104026093,136088,30512
1791426499124659383,136112,30516
1791426499145803869,136128,30520
1791426499167213417,136152,30526
1791426499188155387,136168,30529
1791426499208996311,136192,30535
1791426499230030710,136208,30538
1791426499251627671,136232,30544
1791426499272360843,136248,30547
1791426499293341674,136272,30551
1791426499314746354,136288,30554
1791426499336041702,136312,30558
1791426499356739855,136328,30561
1791426499377633835,136352,30565
1791426499398944108,136368,30567
1791426499420012264,136392,30568
1791426499440748907,136408,30569
1791426499461839443,136432,30570
1791426499483289935,136448,30571
1791426499504249855,136472,30571
1791426499525047465,136488,30572
1791426499546328027,136512,30576
1791426499567874926,136528,30578
1791426499588587474,136552,30582
1791426499609611184,136568,30585
1791426499631021674,136592,30589
1791426499652116312,136608,30591
1791426499672936489,136632,30596
1791426499693940823,136648,30599
1791426499715341332,136672,30603
1791426499736626017,136688,30606
1791426499757115097,136712,30610
1791426499778418208,136728,30613
1791426499799830605,136752,30617
1791426499820536841,136768,30620
1791426499841230349,136792,30624
1791426499862397287,136808,30627
1791426499883773951,136832,30631
1791426499904405601,136848,30634
1791426499925268081,136872,30639
1791426499946678701,136888,30642
1791426499967957123,136912,30648
1791426499988588364,136928,30651
1791426500009576366,136952,30656
1791426500030888733,136968,30659
1791426500052016433,136992,30663
1791426500072825575,137008,30665
1791426500093864687,137032,30669
1791426500115160261,137048,30671
1791426500136271469,137072,30674
1791426500160152042,137088,30676
1791426500181002586,137112,30678
1791426500202196656,137128,30681
1791426500223858798,137152,30686
1791426500244580246,137168,30689
1791426500265604590,137192,30693
1791426500286811675,137208,30696
1791426500307980081,137232,30700
1791426500328670729,137248,30705
1791426500349665712,137272,30711
1791426500371080588,137288,30715
1791426500392076812,137312,30721
1791426500412880663,137328,30724
1791426500434085115,137352,30728
1791426500455742574,137368,30732
1791426500476386473,137392,30739
1791426500497267055,137408,30743
1791426500518395456,137432,30748
1791426500539610037,137448,30751
1791426500560296199,137472,30755
1791426500581142229,137488,30758
1791426500602407451,137512,30763
1791426500624092335,137528,30766
1791426500644614787,137552,30770
1791426500665621646,137568,30772
1791426500686877486,137592,30776
1791426500707994641,137608,30778
1791426500728735091,137632,30782
1791426500749801609,137648,30785
1791426500771089377,137672,30789
1791426500792025848,137688,30792
1791426500812793990,137712,30795
1791426500833690039,137728,30797
1791426500855072332,137752,30800
1791426500876077320,137768,30802
1791426500896888789,137792,30806
1791426500917929742,137808,30808
1791426500939229820,137832,30811
1791426500960085924,137848,30813
1791426500980816400,137872,30815
1791426501001925275,137888,30816
1791426501023609636,137912,30817
1791426501044515151,137928,30818
1791426501065262639,137952,30818
1791426501086566720,137968,30818
1791426501107936737,137992,30817
1791426501128789280,138008,30817
1791426501149947107,138032,30816
1791426501172370095,138048,30816
1791426501193328531,138072,30815
1791426501214721258,138088,30815
1791426501235777250,138112,30816
1791426501256329774,138128,30815
1791426501277325235,138152,30814
1791426501298627966,138168,30814
1791426501319905176,138192,30812
1791426501340614625,138208,30812
1791426501361551025,138232,30810
1791426501382907065,138248,30810
1791426501404012634,138272,30809
1791426501424733200,138288,30809
1791426501445724930,138312,30808
1791426501466891164,138328,30808
1791426501488234440,138352,30807
1791426501509153773,138376,30806
1791426501530369400,138392,30805
1791426501551872770,138408,30804
1791426501572483968,138432,30801
1791426501593961490,138448,30800
1791426501615042449,138472,30797
1791426501636181345,138488,30794
1791426501656945031,138512,30793
1791426501680423551,138528,30792
1791426501701299298,138552,30790
1791426501724219982,138568,30790
1791426501745275727,138592,30788
1791426501766417036,138608,30788
1791426501787934974,138632,30789
1791426501808501246,138648,30790
1791426501829505305,138672,30791
1791426501850579654,138688,30792
1791426501871843390,138712,30794
1791426501892358143,138728,30795
1791426501913176598,138752,30796
1791426501934373557,138768,30796
1791426501955847906,138792,30797
1791426501976525137,138808,30797
1791426501997483602,138832,30798
1791426502018685955,138848,30797
1791426502040144520,138872,30798
1791426502061146293,138888,30799
1791426502083030998,138912,30801
1791426502103886803,138928,30802
1791426502124895065,138952,30804
1791426502145430570,138968,30805
1791426502166386737,138992,30807
1791426502187752975,139008,30809
1791426502208724890,139032,30813
1791426502229506830,139048,30815
1791426502264389837,139072,30817
1791426502285398743,139088,30819
1791426502306407190,139112,30821
1791426502327908960,139128,30824
1791426502348609661,139152,30827
1791426502369780589,139168,30828
1791426502391245790,139192,30831
1791426502412268013,139208,30833
1791426502433114630,139232,30834
1791426502454183439,139248,30837
1791426502475833640,139272,30841
1791426502496607051,139288,30843
1791426502517407188,139312,30846
1791426502538815828,139328,30848
1791426502559974153,139352,30851
1791426502580723195,139368,30854
1791426502601719001,139392,30858
1791426502623004838,139408,30861
1791426502644173666,139432,30864
1791426502664932773,139448,30867
1791426502686457939,139472,30872
1791426502707679168,139488,30875
1791426502728428763,139512,30881
1791426502749242991,139528,30885
1791426502770545904,139552,30891
1791426502792024617,139568,30894
1791426502812858624,139592,30899
1791426502833703775,139608,30902
1791426502855512332,139632,30908
1791426502876347560,139648,30911
1791426502897398835,139672,30915
1791426502918367382,139688,30918
1791426502939663149,139712,30922
1791426502960452329,139728,30924
1791426502983768571,139752,30927
1791426503005824129,139768,30930
1791426503027328467,139792,30933
1791426503048390379,139808,30935
1791426503069540657,139832,30938
1791426503090672238,139848,30939
1791426503111966624,139872,30942
1791426503132717877,139888,30945
1791426503153930884,139912,30950
1791426503175368341,139928,30953
1791426503196223268,139952,30957
1791426503216924029,139968,30959
1791426503238116093,139992,30962
1791426503259933623,140008,30964
1791426503280648186,140032,30967
1791426503301806417,140048,30968
1791426503323090561,140072,30970
1791426503344379444,140088,30971
1791426503365083246,140112,30972
1791426503386379095,140128,30973
1791426503407993845,140152,30975
1791426503428843329,140168,30976
1791426503449554195,140192,30977
1791426503470995102,140208,30978
1791426503492071231,140232,30979
1791426503512817291,140248,30980
1791426503533783486,140272,30982
1791426503555270883,140288,30982
1791426503576438200,140312,30983
1791426503597049828,140328,30984
1791426503618364249,140352,30984
1791426503639753771,140368,30984
1791426503660609508,140392,30984
1791426503681343053,140408,30985
1791426503702860060,140432,30985
1791426503724114199,140448,30985
1791426503744882424,140472,30985
1791426503766123296,140488,30986
1791426503787817631,140512,30986
1791426503808665186,140528,30986
1791426503829588658,140552,30986
1791426503851036118,140568,30985
1791426503872223461,140592,30984
1791426503893175049,140608,30984
1791426503914388705,140632,30984
1791426503935916483,140648,30984
1791426503956598488,140672,30984
1791426503977773536,140688,30985
1791426503999335370,140712,30985
1791426504020319703,140728,30985
1791426504041130631,140752,30987
1791426504062278627,140768,30988
1791426504083584713,140792,30990
1791426504104375078,140808,30991
1791426504125656676,140832,30993
1791426504146562801,140848,30993
1791426504168079471,140872,30994
1791426504189352892,140888,30994
1791426504210726758,140912,30993
1791426504231915198,140928,30993
1791426504252558259,140952,30993
1791426504273641789,140968,30992
1791426504294916312,140992,30993
1791426504316099071,141008,30994
1791426504336919839,141032,30996
1791426504358147970,141048,30998
1791426504379833217,141072,31000
1791426504400504308,141088,31001
1791426504421462933,141112,31002
1791426504442941016,141128,31003
1791426504464207748,141152,31005
1791426504485024251,141168,31006
1791426504505994708,141192,31008
1791426504527361723,141208,31008
1791426504548269552,141232,31010
1791426504568923636,141248,31010
1791426504590095101,141272,31010
1791426504611811303,141288,31010
1791426504632293505,141312,31010
1791426504653200694,141328,31010
1791426504674294807,141352,31010
1791426504695888151,141368,31010
1791426504716548233,141392,31009
1791426504737442386,141408,31009
1791426504758780028,141432,31008
1791426504779907882,141448,31007
1791426504800544421,141472,31006
1791426504821699344,141488,31005
1791426504842869378,141512,31006
1791426504863976730,141528,31006
1791426504884780577,141552,31007
1791426504905943892,141568,31007
1791426504927651832,141592,31007
1791426504948276130,141608,31008
1791426504971889638,141632,31007
1791426504992644633,141648,31006
1791426505013742975,141672,31005
1791426505034809815,141688,31004
1791426505055983190,141712,31003
1791426505076434421,141728,31002
1791426505097400012,141752,31004
1791426505118520392,141768,31005
1791426505140002064,141792,31007
1791426505160783120,141808,31008
1791426505181795636,141832,31009
1791426505203090637,141848,31010
1791426505224258271,141872,31012
1791426505244984136,141888,31015
1791426505266040260,141912,31019
1791426505286877340,141928,31022
1791426505308008965,141952,31025
1791426505328900458,141968,31028
1791426505351899349,141992,31032
1791426505372802194,142008,31035
1791426505394168109,142032,31039
1791426505415256765,142048,31041
1791426505436370730,142072,31045
1791426505457283743,142088,31046
1791426505479331634,142112,31048
1791426505500050052,142128,31049
1791426505521127420,142152,31049
1791426505542239916,142168,31049
1791426505563430986,142192,31050
1791426505584178018,142208,31050
1791426503263267107,142232,31051
1791426503284245504,142248,31051
1791426503305913880,142272,31051
1791426503326389629,142288,31051
1791426503347375403,142312,31050
1791426503368708188,142328,31049
1791426503389943400,142352,31049
1791426503411100625,142376,31050
1791426503431877714,142392,31051
1791426503453368970,142408,31052
1791426503474234590,142432,31054
1791426503495153400,142448,31055
1791426503516564235,142472,31057
1791426503538030953,142488,31058
1791426503558521306,142512,31060
1791426503579437425,142528,31061
1791426503603009590,142552,31063
1791426503625575000,142568,31064
1791426503646314982,142592,31066
1791426503667224528,142608,31067
1791426503688881502,142632,31070
1791426503710054108,142648,31071
1791426503733910864,142672,31074
1791426503754367199,142688,31076
1791426503775315848,142712,31078
1791426503796538694,142728,31079
1791426503817926242,142752,31081
1791426503838831554,142768,31083
1791426503859989119,142792,31085
1791426503881355650,142808,31086
1791426503902174645,142832,31088
1791426503922958146,142848,31088
1791426503944054512,142872,31090
1791426503965452882,142888,31092
1791426503986352835,142912,31094
1791426504007358610,142928,31096
1791426504028298325,142952,31098
1791426504049846768,142968,31099
1791426504070558159,142992,31102
1791426504091611691,143008,31104
1791426504112993792,143032,31108
1791426504134193075,143048,31110
1791426504155009813,143072,31113
1791426504176123084,143088,31116
1791426504197754967,143112,31119
1791426504218444028,143128,31122
1791426504239401792,143152,31127
1791426504260791092,143168,31130
1791426504281912299,143192,31134
1791426504302692097,143208,31137
1791426504323779123,143232,31140
1791426504345055303,143248,31142
1791426504366141197,143272,31145
1791426504386927603,143288,31148
1791426504408182710,143312,31151
1791426504429822973,143328,31153
1791426504450426931,143352,31155
1791426504471451788,143368,31157
1791426504492956780,143392,31161
1791426504514057300,143408,31163
1791426504534857653,143432,31166
1791426504555990187,143448,31167
1791426504577684746,143472,31169
1791426504598403304,143488,31171
1791426504619274071,143512,31173
1791426504640731275,143528,31174
1791426504662076232,143552,31176
1791426504682911608,143568,31177
1791426504703985579,143592,31178
1791426504725591043,143608,31179
1791426504746287024,143632,31183
1791426504767271362,143648,31185
1791426504788559462,143672,31189
1791426504809908091,143688,31191
1791426504830674273,143712,31193
1791426504851798571,143728,31195
1791426504873359068,143752,31199
1791426504894172823,143768,31202
1791426504915064823,143792,31205
1791426504936097509,143808,31207
1791426504957754250,143832,31209
1791426504978397217,143848,31210
1791426504999221676,143872,31213
1791426505020590932,143888,31216
1791426505041881284,143912,31219
1791426505062478196,143928,31221
1791426505083584554,143952,31223
1791426505104902212,143968,31225
1791426505125876185,143992,31228
1791426505147188216,144008,31231
1791426505168390020,144032,31235
1791426505189810512,144048,31237
1791426505210410581,144072,31241
1791426505231268013,144088,31242
1791426505252517320,144112,31245
1791426505273947908,144128,31248
1791426505294607447,144152,31252
1791426505315664076,144168,31254
1791426505337115676,144192,31257
1791426505358217707,144208,31258
1791426505379086137,144232,31261
1791426505400000733,144248,31265
1791426505421375781,144272,31272
1791426505442390516,144288,31276
1791426505463263600,144312,31281
1791426505484307606,144328,31285
1791426505505720599,144352,31291
1791426505526382296,144368,31294
1791426505547217021,144392,31300
1791426505568555807,144408,31304
1791426505589921020,144432,31310
1791426505610551031,144448,31313
1791426505631514317,144472,31317
1791426505652772726,144488,31320
1791426505673889226,144512,31323
1791426505694565910,144528,31325
1791426505715536513,144552,31327
1791426505736526701,144568,31328
1791426505758035462,144592,31329
1791426505778766968,144608,31330
1791426505799919903,144632,31330
1791426505821243812,144648,31331
1791426505842218284,144672,31331
1791426505863055077,144688,31331
1791426505884361320,144712,31332
1791426505905602966,144728,31332
1791426505926222969,144752,31334
1791426505947059526,144768,31335
1791426505968320459,144792,31338
1791426505989836275,144808,31339
1791426506010527399,144832,31341
1791426506031554817,144848,31343
1791426506053062132,144872,31345
1791426506074166172,144888,31346
1791426506094975195,144912,31349
1791426506116240749,144928,31350
1791426506137774115,144952,31352
1791426506158328950,144968,31353
1791426506179244001,144992,31355
1791426506202244703,145008,31357
1791426506223183626,145032,31360
1791426506244490307,145048,31362
1791426506265834746,145072,31364
1791426506286311880,145088,31365
1791426506307286382,145112,31367
1791426506328175636,145128,31369
1791426506350486833,145152,31371
1791426506371255286,145168,31372
1791426506392838804,145192,31373
1791426506414163743,145208,31374
1791426506435032345,145232,31375
1791426506456205338,145248,31377
1791426506477771951,145272,31380
1791426506498393798,145288,31384
1791426506519113414,145312,31390
1791426506540438382,145328,31395
1791426506561486483,145352,31403
1791426506582760968,145368,31409
1791426506603852248,145392,31421
1791426506625186108,145408,31429
1791426506646325420,145432,31441
1791426506667999297,145448,31449
1791426506690121746,145472,31461
1791426506710875293,145488,31468
1791426506731932156,145512,31483
1791426506753266469,145528,31492
1791426506778174218,145552,31505
1791426506799102098,145568,31513
1791426506820356492,145592,31525
1791426506842172804,145616,31535
1791426506862292282,145632,31543
1791426506883174052,145648,31550
1791426506904310102,145672,31559
1791426506925872419,145688,31565
1791426506946624582,145712,31573
1791426506967678318,145728,31578
1791426506988489374,145752,31586
1791426507009781918,145768,31591
1791426507030459438,145792,31598
1791426507051283648,145808,31602
1791426507072499356,145832,31608
1791426507093934972,145848,31611
1791426507114951212,145872,31615
1791426507135744760,145896,31620
1791426507156814501,145912,31623
1791426507177928897,145928,31626
1791426507198605651,145952,31629
1791426507219743212,145968,31631
1791426507240705956,145992,31634
1791426507262122401,146016,31636
1791426507282477720,146032,31638
1791426507303627964,146048,31639
1791426507324937292,146072,31641
1791426507346006756,146088,31642
1791426507367247315,146112,31644
1791426507388625887,146136,31647
1791426507410038895,146152,31649
1791426507430622483,146168,31651
1791426507451196128,146192,31653
1791426507472413993,146208,31654
1791426507493882310,146232,31656
1791426507514672413,146248,31659
1791426507535746099,146272,31663
1791426507557259666,146288,31666
1791426507577918177,146312,31669
1791426507598676687,146328,31671
1791426507619876921,146352,31674
1791426507641145442,146368,31677
1791426507662102327,146392,31681
1791426507683070343,146408,31684
1791426507705280168,146432,31688
1791426507726077280,146448,31691
1791426507747015595,146472,31694
1791426507768043179,146488,31696
1791426507789263879,146512,31701
1791426507810265243,146528,31704
1791426507831107577,146552,31708
1791426507852199319,146568,31710
1791426507873571253,146592,31714
1791426507894352521,146608,31716
1791426507915198935,146632,31721
1791426507936450192,146648,31724
1791426507957948258,146672,31728
1791426507978610877,146688,31730
1791426507999563176,146712,31734
1791426508020856280,146728,31735
1791426508042099460,146752,31739
1791426508062793927,146768,31742
1791426508083867466,146792,31747
1791426508106076410,146808,31750
1791426508126176298,146832,31753
1791426508146988151,146848,31756
1791426508168150152,146872,31759
1791426508189510016,146888,31760
1791426508210339252,146912,31763
1791426508231388478,146928,31765
1791426508252510317,146952,31767
1791426508273961969,146968,31769
1791426508294725243,146992,31770
1791426508321898178,147008,31770
1791426508342689551,147032,31770
1791426508363860035,147048,31771
1791426508385473022,147072,31770
1791426508406458326,147088,31770
1791426508427239849,147112,31770
1791426508448332497,147128,31771
1791426508469859354,147152,31773
1791426508490435207,147168,31774
1791426508511295030,147192,31776
1791426508532408805,147208,31777
1791426508553768154,147232,31779
1791426508574541660,147248,31781
1791426508595593423,147272,31785
1791426508616716145,147288,31787
1791426508637954924,147312,31790
1791426508659024359,147328,31792
1791426508680128946,147352,31795
1791426508701781094,147368,31796
1791426508722479998,147392,31798
1791426508743379879,147408,31799
1791426508764643859,147432,31801
1791426508785773081,147448,31801
1791426508806644817,147472,31802
1791426508827502164,147488,31803
1791426508848594200,147512,31806
1791426508869804566,147528,31807
1791426508890532973,147552,31810
1791426508911324159,147568,31811
1791426508932530195,147592,31813
1791426508953774907,147608,31814
1791426508974428832,147632,31816
1791426508995347376,147648,31818
1791426509016478360,147672,31821
1791426509037907879,147688,31822
1791426509058661707,147712,31825
1791426509079786314,147728,31826
1791426509101167877,147752,31829
1791426509122093920,147768,31831
1791426509142878342,147792,31835
1791426509164044844,147808,31837
1791426509185373091,147832,31841
1791426509206076574,147848,31843
1791426509227088524,147872,31846
1791426509248066717,147888,31847
1791426509269602694,147912,31850
1791426509290134962,147928,31852
1791426509310950110,147952,31854
1791426509332077903,147968,31855
1791426509353733766,147992,31856
1791426509374234687,148008,31856
1791426509395106167,148032,31856
1791426509416255371,148048,31856
1791426509437810831,148072,31857
1791426509458597597,148088,31857
1791426509479475282,148112,31858
1791426509501173309,148128,31858
1791426509522072574,148152,31857
1791426509542853120,148168,31856
1791426509563972902,148192,31854
1791426509585079858,148208,31854
1791426509606106668,148232,31852
1791426509626883797,148248,31851
1791426509647949683,148272,31849
1791426509669637866,148288,31849
1791426509690288236,148312,31847
1791426509711165067,148328,31847
1791426509732363035,148352,31845
1791426509753788151,148368,31845
1791426509774538562,148392,31845
1791426509795656337,148408,31845
1791426509816652656,148432,31845
1791426509837930667,148448,31845
1791426509858713919,148472,31845
1791426509882279082,148488,31845
1791426509903152880,148512,31846
1791426509924484439,148528,31846
1791426509945727144,148552,31846
1791426509966442213,148568,31846
1791426509987399411,148592,31847
1791426510009003400,148608,31847
1791426510029763606,148632,31849
1791426510050422021,148648,31849
1791426510071413389,148672,31850
1791426510092897753,148688,31851
1791426510114093556,148712,31852
1791426510135078963,148728,31852
1791426510156300657,148752,31852
1791426510177803171,148768,31852
1791426510198457470,148792,31852
1791426510219247800,148808,31852
1791426510240597414,148832,31852
1791426510261830922,148848,31852
1791426510282504306,148872,31852
1791426510303416228,148888,31852
1791426510324633610,148912,31853
1791426510345768711,148928,31853
1791426510366490398,148952,31854
1791426510387814206,148968,31855
1791426510408605044,148992,31855
1791426510429803781,149008,31855
1791426510450494673,149032,31855
1791426510471310151,149048,31855
1791426510492501440,149072,31856
1791426510513722859,149088,31856
1791426510534361305,149112,31856
1791426510555206168,149128,31857
1791426510576353629,149152,31859
1791426510597808202,149168,31861
1791426510618400550,149192,31862
1791426510639188682,149208,31863
1791426510660115160,149232,31864
1791426510681796337,149248,31865
1791426510702502048,149272,31867
1791426510723554918,149288,31868
1791426510744928839,149312,31870
1791426510765993078,149328,31872
1791426510786797331,149352,31873
1791426510807991679,149368,31874
1791426510829160449,149392,31876
1791426510850213627,149408,31876
1791426510872194826,149432,31877
1791426510893695842,149448,31878
1791426510914875726,149472,31878
1791426510935170315,149488,31878
1791426510956200436,149512,31878
1791426510977313284,149528,31878
1791426510998095202,149552,31879
1791426511025371134,149568,31879
1791426511046081352,149592,31879
1791426511066858666,149608,31880
1791426511087919261,149632,31881
1791426511109076260,149648,31882
1791426511130307672,149672,31883
1791426511150829608,149688,31883
1791426511172107236,149712,31884
1791426511193692577,149728,31885
1791426511214379001,149752,31885
1791426511235381815,149768,31886
1791426511256563322,149792,31886
1791426511277700526,149808,31886
1791426511298354410,149832,31886
1791426511319273219,149848,31887
1791426511340720265,149872,31887
1791426511362021843,149888,31887
1791426511382649237,149912,31887
1791426511403868118,149936,31887
1791426511424891980,149952,31888
1791426511445982770,149968,31888
1791426511466758438,149992,31889
1791426511487844504,150008,31889
1791426511509103563,150032,31890
1791426511529959753,150048,31890
1791426511550728503,150072,31891
1791426511571790646,150088,31891
1791426511593118404,150112,31892
1791426511614049086,150128,31893
1791426511634875968,150152,31895
1791426511655884405,150168,31896
1791426511677430861,150192,31898
1791426511698234753,150208,31899
1791426511719076367,150232,31901
1791426511740326478,150248,31902
1791426511762152656,150272,31905
1791426511786087139,150288,31906
1791426511806944108,150312,31909
1791426511827949061,150328,31910
1791426511849529590,150352,31911
1791426511870210165,150368,31912
1791426511891050719,150392,31913
1791426511912142990,150408,31914
1791426511933702156,150432,31915
1791426511954416729,150448,31915
1791426511975581540,150472,31916
1791426511996710789,150488,31917
1791426512018071728,150512,31920
1791426512038861114,150528,31922
1791426512060324440,150552,31924
1791426512081354897,150568,31925
1791426512102331565,150592,31926
1791426512123001869,150608,31927
1791426512144097161,150632,31931
1791426512165329924,150648,31934
1791426512186372787,150672,31938
1791426512207166410,150688,31940
1791426512228397748,150712,31944
1791426512249729578,150736,31947
1791426512270320098,150752,31949
1791426512291224941,150768,31950
1791426512312267039,150792,31953
1791426512333940213,150808,31954
1791426512354566175,150832,31955
1791426512375532983,150848,31957
1791426512396598657,150872,31959
1791426512418010350,150888,31960
1791426512439170347,150912,31963
1791426512461241951,150928,31965
1791426512486302307,150952,31968
1791426512507179799,150968,31969
1791426512528919376,150992,31971
1791426512550089218,151008,31972
1791426512571143824,151032,31973
1791426512592521615,151048,31974
1791426512613894382,151072,31975
1791426512634445366,151088,31976
1791426512655256722,151112,31977
1791426512676457004,151128,31975
1791426512697948963,151152,31973
1791426512718714403,151168,31971
1791426512739663169,151192,31969
1791426512761057591,151208,31968
1791426512782159266,151232,31966
1791426512803107096,151248,31964
1791426512824209159,151272,31961
1791426512845765869,151288,31960
1791426512866667673,151312,31958
1791426512887844489,151328,31956
1791426512912648392,151352,31955
1791426512934078186,151368,31955
1791426512954823496,151392,31955
1791426512975839739,151408,31954
1791426512997034470,151432,31954
1791426513018070919,151448,31954
1791426513038858260,151472,31954
1791426513060036346,151488,31953
1791426513081502886,151512,31953
1791426513102408826,151528,31953
1791426513123236657,151552,31952
1791426513144374303,151568,31951
1791426513165825088,151592,31950
1791426513186431827,151608,31949
1791426513207363852,151632,31949
1791426513228532407,151648,31948
1791426513249890115,151672,31947
1791426513270459674,151688,31946
1791426513291461062,151712,31945
1791426513312728176,151728,31944
1791426513333978786,151752,31943
1791426513354714421,151768,31943
1791426513376067801,151792,31942
1791426513397791022,151808,31942
1791426513418466227,151832,31941
1791426513439688469,151848,31941
1791426513460974658,151872,31940
1791426513482167812,151888,31939
1791426513502815693,151912,31937
1791426513523888711,151928,31936
1791426513545387127,151952,31934
1791426513567619847,151968,31933
1791426513588681812,151992,31932
1791426513612166511,152008,31931
1791426513633658220,152032,31930
1791426513654623035,152048,31929
1791426513675250874,152072,31928
1791426513696589820,152088,31927
1791426513718081931,152112,31926
1791426513739066236,152128,31924
1791426513760736096,152152,31921
1791426513781871667,152168,31919
1791426513802534583,152192,31916
1791426513823451706,152208,31914
1791426513844571071,152232,31911
1791426513865914498,152256,31908
1791426513886622685,152272,31906
1791426513907666488,152288,31903
1791426513933733958,152320,31899
1791426513953158329,152336,31896
1791426513977892189,152352,31894
1791426514001676868,152376,31891
1791426514021637597,152392,31889
1791426514046345276,152416,31887
1791426514067167659,152432,31886
1791426514088400764,152448,31884
1791426514111785173,152472,31882
1791426514133102797,152488,31880
1791426514153915151,152512,31879
1791426514174720770,152528,31878
1791426514195652576,152552,31876
1791426514216936288,152568,31875
1791426514238076970,152592,31874
1791426514258773194,152608,31873
1791426514279736789,152632,31876
1791426514301484275,152648,31878
1791426514322548955,152672,31880
1791426514343357045,152688,31882
1791426514364604530,152712,31884
1791426514385916223,152728,31886
1791426514406579677,152752,31888
1791426514427604519,152768,31888
1791426514449000523,152792,31890
1791426514470308070,152808,31891
1791426514490756826,152832,31891
1791426514513269903,152848,31892
1791426514540351843,152872,31893
1791426514560310552,152888,31894
1791426514582570921,152912,31896
1791426514603508375,152928,31898
1791426514626831957,152952,31899
1791426514648395405,152976,31900
1791426514669637651,152992,31902
1791426514690462370,153008,31903
1791426514711283016,153032,31906
1791426514733134551,153048,31907
1791426514754301083,153072,31909
1791426514775383294,153096,31910
1791426514798736853,153112,31911
1791426514818437682,153136,31914
1791426514838786804,153152,31915
1791426514860213081,153168,31917
1791426514881869852,153192,31918
1791426514902899227,153208,31919
1791426514923753637,153232,31921
1791426514945204686,153248,31923
1791426514966548265,153272,31926
1791426514987537888,153288,31927
1791426515009269774,153312,31929
1791426515030315737,153328,31931
1791426515051414846,153352,31932
1791426515072867339,153368,31933
1791426515094361096,153392,31934
1791426515115003450,153408,31935
1791426515136294823,153432,31935
1791426515157882299,153448,31935
1791426515178643018,153472,31936
1791426515199765453,153488,31936
1791426515221241520,153512,31936
1791426515242673460,153528,31936
1791426515263805238,153552,31936
1791426515285263593,153568,31936
1791426515306180191,153592,31936
1791426515327055202,153608,31935
1791426515348245690,153632,31937
1791426515369711084,153648,31937
1791426515390517056,153672,31939
1791426515411552090,153688,31940
1791426515433036561,153712,31941
1791426515454172291,153728,31941
1791426515474879107,153752,31943
1791426515495872382,153768,31945
1791426515517382381,153792,31947
1791426515538429126,153808,31948
1791426515559152771,153832,31951
1791426515580166986,153848,31953
1791426515601613901,153872,31956
1791426515622905512,153888,31958
1791426515643923167,153912,31962
1791426515665583510,153928,31964
1791426515686636871,153952,31967
1791426515708130496,153968,31968
1791426515729786163,153992,31973
1791426515750317455,154008,31977
1791426515771266490,154032,31983
1791426515794062100,154048,31987
1791426515814639764,154072,31993
1791426515835522972,154088,31996
1791426515856995680,154112,32001
1791426515878224735,154128,32004
1791426515899150522,154152,32009
1791426515920328066,154168,32013
1791426515941589155,154192,32017
1791426515962631015,154208,32020
1791426515983545334,154232,32024
1791426516004456967,154248,32027
1791426516025755175,154272,32031
1791426516046582216,154288,32034
1791426516067605812,154312,32038
1791426516089092721,154336,32042
1791426516110039444,154352,32044
1791426516130944058,154368,32046
1791426516152467847,154392,32050
1791426516173964113,154408,32052
1791426516194955235,154432,32055
1791426516216015657,154448,32057
1791426516237536659,154472,32059
1791426516258499912,154488,32061
1791426516279559788,154512,32067
1791426516300833598,154528,32071
1791426516321897079,154552,32076
1791426516342799774,154568,32079
1791426516363619461,154592,32084
1791426516384634598,154608,32087
1791426516407972984,154632,32091
1791426516429038714,154648,32094
1791426516450112388,154672,32098
1791426516470962259,154688,32101
1791426516492067959,154712,32104
1791426516513342162,154728,32106
1791426516534429684,154752,32108
1791426516555413437,154768,32108
1791426516576773453,154792,32109
1791426516598232598,154808,32109
1791426516618980064,154832,32109
1791426516640402183,154848,32109
1791426516661966934,154872,32111
1791426516682863075,154896,32113
1791426516703655605,154912,32114
1791426516724870178,154928,32116
1791426516746168080,154952,32118
1791426516767201621,154968,32120
1791426516788962674,154992,32123
1791426516810089703,155008,32127
1791426516830791881,155032,32131
1791426516852025816,155048,32134
1791426516873990082,155072,32138
1791426516901957573,155088,32141
1791426516922451017,155112,32144
1791426516945861953,155136,32146
1791426516964052102,155152,32147
1791426516993977100,155176,32148
1791426517016954717,155192,32149
1791426517038180143,155208,32150
1791426517058984452,155232,32151
1791426517080428541,155248,32153
1791426517102048093,155272,32155
1791426517123086614,155296,32157
1791426517143888905,155312,32158
1791426517165251858,155328,32160
1791426517186363047,155352,32162
1791426517207427989,155368,32164
1791426517229219780,155392,32168
1791426517250109854,155408,32171
1791426517270836790,155432,32174
1791426517292036112,155448,32176
1791426517313500364,155472,32179
1791426517334599895,155488,32181
1791426517355414413,155512,32184
1791426517376709559,155528,32185
1791426517398244935,155552,32188
1791426517419035827,155568,32189
1791426517440668757,155592,32192
1791426517462343584,155616,32194
1791426517485415913,155632,32196
1791426517506142185,155648,32198
1791426517527137910,155672,32201
1791426517548361979,155688,32202
1791426517569857883,155712,32204
1791426517590376310,155728,32206
1791426517611328113,155752,32207
1791426517632833575,155768,32208
1791426517653865760,155792,32209
1791426517674524939,155808,32209
1791426517695470080,155832,32210
1791426517716859172,155848,32211
1791426517738232803,155872,32212
1791426517759011806,155888,32212
1791426517780142065,155912,32213
1791426517801923236,155928,32213
1791426517822344285,155952,32214
1791426517843216598,155968,32215
1791426517864748361,155992,32216
1791426517885817620,156008,32217
1791426517906408173,156032,32220
1791426517928768925,156056,32221
1791426517949769683,156072,32222
1791426517970400593,156088,32224
1791426517992018958,156112,32225
1791426518017829028,156136,32224
1791426518034677852,156152,32224
1791426518056241869,156168,32224
1791426518077938541,156192,32224
1791426518098558015,156208,32224
1791426518119837536,156232,32224
1791426518141010849,156248,32225
1791426518162119105,156272,32227
1791426518183426863,156288,32228
1791426518204177081,156312,32229
1791426518225686452,156328,32230
1791426518246283902,156352,32231
1791426518267381238,156376,32232
1791426518288498485,156392,32232
1791426518317871598,156408,32232
1791426518341195799,156432,32233
1791426518369748830,156448,32233
1791426518394456197,156472,32234
1791426518414702702,156488,32235
1791426518435423741,156512,32236
1791426518457229910,156528,32236
1791426518481733821,156552,32237
1791426518498894640,156568,32237
1791426518520151483,156592,32237
1791426518541588978,156608,32237
1791426518562419721,156632,32236
1791426518583463400,156648,32235
1791426518606023010,156672,32234
1791426518626430509,156696,32232
1791426518646752949,156712,32231
1791426518667931031,156728,32230
1791426518690216607,156752,32229
1791426518711332082,156768,32228
1791426518732673789,156792,32227
1791426518753979609,156808,32226
1791426518774415260,156832,32224
1791426518795512959,156848,32223
1791426518816971560,156872,32221
1791426518838217645,156888,32221
1791426518859194542,156912,32220
1791426518880488382,156928,32219
1791426518901732298,156952,32217
1791426518922416905,156968,32216
1791426518943489053,156992,32215
1791426518964615126,157008,32214
1791426518986096938,157032,32213
1791426519007078233,157048,32212
1791426519027910302,157072,32211
1791426519049425108,157096,32210
1791426519070242225,157112,32210
1791426519090762360,157128,32210
1791426519111894844,157152,32210
1791426519133207697,157168,32210
1791426519154525039,157192,32210
1791426519175438502,157208,32209
1791426519197069593,157232,32209
1791426519218581850,157248,32210
1791426519238721183,157272,32211
1791426519259594827,157288,32212
1791426519280936447,157312,32213
1791426519302148134,157328,32214
1791426519322945313,157352,32215
1791426519343984330,157368,32216
1791426519365076793,157392,32216
1791426519386001385,157408,32216
1791426519406575840,157432,32216
1791426519427778155,157448,32216
1791426519449396147,157472,32217
1791426519470138927,157488,32217
1791426519490755409,157512,32216
1791426519511400108,157528,32216
1791426519532559815,157552,32217
1791426519554147058,157576,32217
1791426519575323073,157592,32217
1791426519596119535,157616,32217
1791426519617375502,157632,32218
1791426519638468093,157648,32218
1791426519658952957,157672,32219
1791426519680190995,157688,32218
1791426519701660351,157712,32217
1791426519722318287,157728,32215
1791426519743114718,157752,32210
1791426519764326129,157768,32207
1791426519785969324,157792,32204
1791426519806560269,157808,32202
1791426519827447444,157832,32201
1791426519848588640,157848,32201
1791426519869758096,157872,32203
1791426519890465692,157888,32204
1791426519911513939,157912,32207
1791426519932408488,157928,32209
1791426519953557412,157952,32212
1791426519974335183,157968,32214
1791426519995245474,157992,32219
1791426520016274581,158008,32223
1791426520037498407,158032,32229
1791426520058575381,158048,32234
1791426520079488901,158072,32240
1791426520101092113,158088,32244
1791426520122142128,158112,32250
1791426520142774591,158128,32256
1791426520163820957,158152,32264
1791426520185327012,158168,32269
1791426520206435745,158192,32277
1791426520227243348,158208,32281
1791426520248142059,158232,32288
1791426520269000877,158248,32293
1791426520290061382,158272,32300
1791426520310635679,158288,32305
1791426520331642250,158312,32312
1791426520352510669,158328,32316
1791426520373786371,158352,32322
1791426520394269677,158368,32327
1791426520415164284,158392,32335
1791426520436542999,158408,32340
1791426520457584691,158432,32348
1791426520478477402,158448,32353
1791426520499681483,158472,32359
1791426520520734777,158488,32362
1791426520542118837,158512,32365
1791426520563106265,158528,32367
1791426520584289712,158552,32369
1791426520605976803,158568,32371
1791426520626372496,158592,32373
1791426520647451444,158608,32373
1791426520668280018,158632,32374
1791426520690135440,158656,32375
1791426520710506641,158672,32377
1791426520731439667,158688,32377
1791426520752499163,158712,32379
1791426520774079732,158728,32379
1791426520795087287,158752,32378
1791426520816265649,158768,32377
1791426520837802627,158792,32375
1791426520858478274,158808,32374
1791426520879584214,158832,32372
1791426520900866645,158848,32370
1791426520922097237,158872,32368
1791426520942790086,158888,32367
1791426520963934436,158912,32366
1791426520985563778,158928,32365
1791426521006420023,158952,32363
1791426521027501538,158968,32362
1791426521048604292,158992,32360
1791426521069672764,159008,32359
1791426521090239608,159032,32357
1791426521111147514,159048,32355
1791426521132467471,159072,32354
1791426521153855801,159088,32353
1791426521174396969,159112,32351
1791426521195469255,159128,32350
1791426521216730655,159152,32348
1791426521238095239,159168,32347
1791426521258987348,159192,32346
1791426521279795915,159208,32345
1791426521301493550,159232,32343
1791426521323161172,159248,32340
1791426521344742304,159272,32336
1791426521366437191,159288,32333
1791426521386719335,159312,32329
1791426521407949170,159328,32327
1791426521429320190,159352,32324
1791426521450375705,159368,32322
1791426521471359067,159392,32320
1791426521492706059,159408,32317
1791426521513907342,159432,32315
1791426521534528049,159448,32313
1791426521555621846,159472,32311
1791426521576620426,159488,32310
1791426521597908508,159512,32307
1791426521618690430,159528,32305
1791426521639762801,159552,32302
1791426521661075848,159568,32300
1791426521682021955,159592,32297
1791426521702607547,159608,32295
1791426521723824873,159632,32291
1791426521746166612,159648,32289
1791426521767611035,159672,32286
1791426521788506450,159688,32285
1791426521810234204,159712,32283
1791426521831130528,159728,32281
1791426521852054721,159752,32280
1791426521873351099,159776,32278
1791426521894236129,159792,32278
1791426521914938957,159808,32277
1791426521936108325,159832,32276
1791426521957393638,159848,32276
1791426521978339714,159872,32274
1791426521999561158,159896,32272
1791426522020834017,159912,32270
1791426522042027124,159928,32268
1791426522062845151,159952,32266
1791426522083645660,159968,32265
1791426522105109568,159992,32263
1791426522126168412,160008,32261
1791426522146959435,160032,32258
1791426522168213066,160048,32256
1791426522189794424,160072,32254
1791426522210615559,160088,32252
1791426522231400923,160112,32250
1791426522252761999,160128,32249
1791426522274147185,160152,32246
1791426522295044478,160168,32244
1791426522316313598,160192,32242
1791426522337709249,160208,32241
1791426522358135131,160232,32239
1791426522379052465,160248,32239
1791426522399928889,160272,32238
1791426522421363342,160288,32237
1791426522442100003,160312,32237
1791426522462918216,160328,32236
1791426522483734737,160352,32235
1791426522504895122,160368,32234
1791426522526121406,160392,32231
1791426522546606595,160408,32229
1791426522567610125,160432,32226
1791426522588875539,160448,32223
1791426522609960704,160472,32220
1791426522630619545,160488,32218
1791426522652055824,160512,32212
1791426522674007875,160536,32206
1791426522694251079,160552,32202
1791426522715468015,160576,32197
1791426522736886244,160592,32193
1791426522757911110,160608,32190
1791426522778558328,160632,32184
1791426522799338156,160648,32181
1791426522820147971,160672,32175
1791426522841479787,160688,32171
1791426522862408243,160712,32166
1791426522883355237,160728,32163
1791426522904649984,160752,32156
1791426522926060970,160768,32151
1791426522946917287,160792,32144
1791426522967794105,160808,32139
1791426522989268037,160832,32132
1791426523010171886,160848,32128
1791426523031379506,160872,32120
1791426523069686518,160896,32111
1791426523097922815,160912,32106
1791426523121787348,160936,32097
1791426523142632429,160952,32092
1791426523164942100,160976,32084
1791426523186132742,160992,32079
1791426523206762258,161016,32071
1791426523227738837,161032,32067
1791426523248986040,161056,32060
1791426523270059092,161072,32055
1791426523290746493,161088,32051
1791426523311649066,161112,32046
1791426523332690937,161128,32042
1791426523354018139,161152,32037
1791426523374825357,161168,32034
1791426523395925173,161192,32029
1791426523417805440,161208,32027
1791426523438141657,161232,32023
1791426523458985217,161248,32019
1791426523480783926,161272,32013
1791426523501952507,161288,32010
1791426523522940887,161312,32006
1791426523543825733,161328,32003
1791426523565557382,161352,31998
1791426523586476609,161368,31995
1791426523607624050,161392,31990
1791426523628660084,161408,31987
1791426523650013782,161432,31982
1791426523670728702,161448,31979
1791426523691635319,161472,31974
1791426523713252257,161488,31971
1791426523734141447,161512,31967
1791426523755057894,161528,31965
1791426523776197273,161552,31961
1791426523797893664,161568,31959
1791426523818359777,161592,31956
1791426523839349337,161608,31954
1791426523860679657,161632,31949
1791426523881898040,161648,31946
1791426523902779508,161672,31941
1791426523923870833,161696,31937
1791426523945198457,161712,31934
1791426523966151944,161728,31931
1791426523986964673,161752,31926
1791426524008272131,161768,31923
1791426524029868641,161792,31918
1791426524050444840,161808,31915
1791426524071730530,161832,31911
1791426524092948074,161848,31908
1791426524114152013,161872,31903
1791426524134713693,161888,31899
1791426524155905731,161912,31893
1791426524177076037,161928,31889
1791426524198018833,161952,31883
1791426524218702511,161968,31880
1791426524239831713,161992,31873
1791426524261010214,162008,31869
1791426524282729457,162032,31862
1791426524303357628,162048,31858
1791426524324684932,162072,31851
1791426524346099219,162088,31846
1791426524366709688,162112,31841
1791426524388033964,162128,31836
1791426524409413880,162152,31831
1791426524430238677,162168,31827
1791426524451167672,162192,31823
1791426524472329104,162208,31821
1791426524493937179,162232,31818
1791426524514501235,162248,31816
1791426524535572840,162272,31813
1791426524557048646,162288,31811
1791426524578173366,162312,31808
1791426524598999241,162328,31806
1791426524620072979,162352,31803
1791426524641307218,162368,31801
1791426524662313222,162392,31797
1791426524683099590,162408,31795
1791426524704249805,162432,31791
1791426524725906083,162448,31789
1791426524746652058,162472,31784
1791426524767649100,162488,31782
1791426524789012428,162512,31778
1791426524810153440,162528,31776
1791426524830873690,162552,31773
1791426524852116643,162568,31772
1791426524873754729,162592,31769
1791426524894478107,162608,31768
1791426524915406633,162632,31765
1791426524936612435,162648,31763
1791426524958022650,162672,31761
1791426524978815043,162688,31759
1791426524999913732,162712,31757
1791426525021182975,162728,31755
1791426525042009332,162752,31754
1791426525062782856,162768,31753
1791426525084020333,162792,31751
1791426525111093218,162816,31750
1791426525131243013,162832,31749
1791426525152481321,162848,31748
1791426525175308254,162872,31746
1791426525195137432,162888,31744
1791426525216330195,162912,31741
1791426525237883104,162928,31739
1791426525258547741,162952,31736
1791426525279503185,162968,31733
1791426525301173694,162992,31730
1791426525322068372,163008,31729
1791426525343065375,163032,31727
1791426525363928864,163048,31725
1791426525385028890,163072,31724
1791426525406007546,163088,31722
1791426525426748221,163112,31720
1791426525447708013,163128,31720
1791426525469459853,163152,31719
1791426525490212347,163168,31719
1791426525511322026,163192,31720
1791426525533568976,163208,31720
1791426525554336319,163232,31719
1791426525575421112,163248,31720
1791426525597711018,163272,31720
1791426525618476180,163288,31720
1791426525639574195,163312,31721
1791426525661816149,163328,31721
1791426525682306469,163352,31721
1791426525703278371,163376,31721
1791426525724346443,163392,31720
1791426525745808761,163408,31720
1791426525766682206,163432,31720
1791426525787571329,163448,31720
1791426525808730393,163472,31720
1791426525829891587,163488,31720
1791426525850566571,163512,31718
1791426525871734959,163528,31717
1791426525892815482,163552,31715
1791426525914169823,163568,31714
1791426525934877936,163592,31712
1791426525955933246,163608,31710
1791426525978410595,163632,31708
1791426525998759814,163656,31706
1791426526019347199,163672,31705
1791426526041161020,163696,31704
1791426526064650419,163712,31703
1791426526085600051,163736,31702
1791426526106064360,163752,31701
1791426526126834539,163768,31700
1791426526147822086,163792,31699
1791426526169108775,163816,31698
1791426526190205668,163832,31697
1791426526211177788,163848,31696
1791426526232289877,163872,31695
1791426526253890223,163888,31694
1791426526274496862,163912,31693
1791426526295513998,163928,31691
1791426526317154291,163952,31689
1791426526337843250,163968,31687
1791426526358513234,163992,31686
1791426526379526423,164008,31687
1791426526400679583,164032,31689
1791426526421771775,164048,31690
1791426526442520933,164072,31692
1791426526463375189,164088,31693
1791426526484433683,164112,31695
1791426526505569676,164128,31698
1791426526528265908,164152,31702
1791426526549522799,164176,31706
1791426526571060853,164192,31708
1791426526592020558,164208,31710
1791426526613284945,164232,31714
1791426526634206433,164248,31717
1791426526654966827,164272,31720
1791426526676056038,164288,31723
1791426526697207858,164312,31726
1791426526718042476,164328,31728
1791426526738967832,164352,31731
1791426526760098011,164368,31733
1791426526782607678,164392,31735
1791426526803349881,164408,31736
1791426526824360009,164432,31737
1791426526845951706,164456,31738
1791426526866543189,164472,31738
1791426526887216461,164488,31738
1791426526908388123,164512,31740
1791426526929835567,164528,31741
1791426526950436742,164552,31742
1791426526971430612,164568,31743
1791426526992802482,164592,31744
1791426527013869159,164608,31744
1791426527034595262,164632,31748
1791426527056647784,164648,31750
1791426527077947289,164672,31752
1791426527098669740,164688,31753
1791426527119721169,164712,31755
1791426527140945465,164728,31756
1791426527162058855,164752,31758
1791426527182904854,164768,31760
1791426527204203265,164792,31761
1791426527225510796,164808,31763
1791426527246243988,164832,31764
1791426527266966695,164848,31765
1791426527288265034,164872,31766
1791426527309747079,164888,31768
1791426527330307412,164912,31769
1791426527351240142,164928,31770
1791426527372454720,164952,31772
1791426527393826310,164968,31773
1791426527414375055,164992,31775
1791426527435455025,165008,31778
1791426527456538760,165032,31782
1791426527477897793,165048,31784
1791426527498760020,165072,31788
1791426527519744847,165088,31791
1791426527541043659,165112,31795
1791426527561964615,165128,31798
1791426527582823624,165152,31803
1791426527603814264,165168,31806
1791426527624476247,165192,31810
1791426527645754082,165208,31812
1791426527666294334,165232,31815
1791426527687330625,165248,31819
1791426527708651830,165272,31823
1791426527730126253,165288,31825
1791426527750783531,165312,31828
1791426527771756934,165328,31830
1791426527793227045,165352,31833
1791426527814296033,165368,31834
1791426527835261471,165392,31838
1791426527856287880,165408,31840
1791426527877705344,165432,31843
1791426527898512203,165448,31844
1791426527919499253,165472,31846
1791426527940519428,165488,31847
1791426527961828269,165512,31852
1791426527982532186,165528,31854
1791426528003624802,165552,31858
1791426528024777261,165568,31861
1791426528045868130,165592,31863
1791426528066683447,165608,31864
1791426528087684738,165632,31869
1791426528109250477,165648,31872
1791426528129975076,165672,31875
1791426528150888867,165688,31878
1791426528171920330,165712,31881
1791426528193385909,165728,31883
1791426528214272743,165752,31889
1791426528235103685,165768,31894
1791426528256324955,165792,31901
1791426528277725484,165808,31905
1791426528298451618,165832,31910
1791426528319372787,165848,31914
1791426528340719858,165872,31919
1791426528362102168,165896,31925
1791426528382567100,165912,31928
1791426528403555534,165928,31932
1791426528425042302,165952,31937
1791426528446146124,165968,31940
1791426528467129830,165992,31946
1791426528488593515,166008,31951
1791426528509979397,166032,31958
1791426528530823797,166048,31963
1791426528551815839,166072,31969
1791426528573273647,166088,31974
1791426528594210010,166112,31979
1791426528615124742,166128,31982
1791426528636563628,166152,31986
1791426528657710207,166168,31989
1791426528678342123,166192,31993
1791426528699081583,166208,31995
1791426528720370890,166232,32000
1791426528741936444,166248,32004
1791426528762659686,166272,32010
1791426528783972764,166288,32013
1791426528805472439,166312,32019
1791426528826341264,166328,32022
1791426528847533088,166352,32026
1791426528868812566,166368,32030
1791426528889922736,166392,32037
1791426528910625581,166408,32042
1791426528932239637,166432,32048
1791426528953315924,166456,32055
1791426528973982935,166472,32059
1791426528995237012,166488,32062
1791426529016203008,166512,32070
1791426529037744161,166528,32074
1791426529058509622,166552,32081
1791426529079391853,166568,32085
1791426529100726039,166592,32091
1791426529121843361,166608,32094
1791426529142472010,166632,32101
1791426529163291240,166648,32105
1791426529184389390,166672,32111
1791426529205846693,166688,32114
1791426529226541048,166712,32118
1791426529247577663,166728,32121
1791426529268641591,166752,32126
1791426529289775717,166768,32129
1791426529310781509,166792,32133
1791426529331547908,166808,32135
1791426529352930219,166832,32138
1791426529373958558,166848,32140
1791426529394999600,166872,32144
1791426529416206740,166888,32147
1791426529437624695,166912,32152
1791426529458561310,166928,32155
1791426529480133385,166952,32159
1791426529502011014,166976,32162
1791426529522534952,166992,32165
1791426529543777863,167016,32172
1791426529564387847,167032,32177
1791426529585925087,167048,32181
1791426529606690676,167072,32187
1791426529627525330,167088,32191
1791426529648740269,167112,32196
1791426529669941511,167128,32201
1791426529690711403,167152,32209
1791426529711776860,167168,32214
1791426529732908883,167192,32222
1791426529753947689,167208,32227
1791426529774674282,167232,32234
1791426529795735215,167248,32240
1791426529816948023,167272,32249
1791426529838141028,167288,32254
1791426529858893711,167312,32261
1791426529880091068,167328,32266
1791426529901303948,167352,32272
1791426529922208812,167368,32277
1791426529943120588,167392,32286
1791426529964519817,167408,32291
1791426529985934525,167432,32299
1791426530006779499,167448,32305
1791426530027860371,167472,32313
1791426530049543388,167488,32318
1791426530070403826,167512,32328
1791426530091949326,167536,32337
1791426530112621547,167552,32342
1791426530133891176,167568,32347
1791426530154621785,167592,32354
1791426530175558942,167608,32359
1791426530197080240,167632,32367
1791426530218151027,167648,32373
1791426530238987501,167672,32380
1791426530260206352,167688,32385
1791426530281841032,167712,32391
1791426530302610707,167728,32395
1791426530323704788,167752,32402
1791426530345035973,167768,32407
1791426530366122215,167792,32413
1791426530386886487,167808,32417
1791426530408054102,167832,32423
1791426530429100976,167848,32427
1791426530450287607,167872,32433
1791426530471245441,167888,32438
1791426530492498370,167912,32445
1791426530513864930,167928,32450
1791426530534364960,167952,32455
1791426530555241284,167968,32458
1791426530576403227,167992,32463
1791426530597738513,168008,32467
1791426530618393725,168032,32472
1791426530639436376,168048,32476
1791426530660813600,168072,32481
1791426530682129222,168088,32484
1791426530702828321,168112,32489
1791426530724069838,168128,32495
1791426530745677751,168152,32503
1791426530766424216,168168,32509
1791426530787305601,168192,32517
1791426530808605435,168208,32522
1791426530830090997,168232,32530
1791426530850876651,168248,32536
1791426530872144936,168272,32544
1791426530893625950,168288,32549
1791426530914855298,168312,32556
1791426530943139696,168328,32561
1791426530970157969,168352,32567
1791426530990872794,168368,32573
1791426531013960112,168392,32582
1791426531034705989,168408,32587
1791426531055728781,168432,32596
1791426531078217302,168456,32604
1791426531099590260,168472,32609
1791426531122763654,168488,32613
1791426531143942436,168512,32622
1791426531165920824,168528,32628
1791426531186226014,168552,32635
1791426531207000505,168568,32640
1791426531228239650,168592,32646
1791426531250128297,168608,32650
1791426531270718653,168632,32660
1791426531291847042,168648,32666
1791426531313144460,168672,32675
1791426531334013895,168688,32680
1791426531354920774,168712,32688
1791426531375862995,168728,32693
1791426531397262858,168752,32702
1791426531418372715,168768,32707
1791426531439571930,168792,32715
1791426531460583922,168808,32720
1791426531481880351,168832,32726
1791426531502515790,168848,32730
1791426531523769123,168872,32737
1791426531545097405,168888,32742
1791426531566158772,168912,32749
1791426531587085240,168928,32753
1791426531608120253,168952,32760
1791426531629680731,168968,32764
1791426531650376494,168992,32772
1791426531671275205,169008,32779
1791426531692296589,169032,32789
1791426531713805760,169048,32795
1791426531734445928,169072,32804
1791426531755605869,169088,32809
1791426531776741986,169112,32816
1791426531797897493,169128,32823
1791426531818830797,169152,32832
1791426531839755891,169168,32838
1791426531861152569,169192,32846
1791426531882123963,169208,32852
1791426531902948107,169232,32860
1791426531924448918,169248,32865
1791426531945875896,169272,32872
1791426531966529392,169288,32877
1791426531987375039,169312,32884
1791426532008461465,169328,32888
1791426532029950340,169352,32894
1791426532050767172,169368,32899
1791426532071880292,169392,32906
1791426532093069400,169408,32910
1791426532113952008,169432,32916
1791426532134924665,169448,32919
1791426532155797380,169472,32924
1791426532177210011,169488,32927
1791426532198107311,169512,32936
1791426532218975331,169528,32942
1791426532240108977,169552,32950
1791426532261762897,169568,32954
1791426532282755914,169592,32960
1791426532303450291,169608,32964
1791426532324654949,169632,32970
1791426532346045719,169648,32974
1791426532366803670,169672,32980
1791426532387868216,169696,32985
1791426532409167168,169712,32987
1791426532430137275,169728,32990
1791426532450987746,169752,32996
1791426532472018606,169768,33001
1791426532493715050,169792,33008
1791426532514546666,169808,33012
1791426532535658981,169832,33018
1791426532556862942,169848,33022
1791426532578044150,169872,33029
1791426532598773215,169888,33035
1791426532619881597,169912,33044
1791426532641139558,169928,33049
1791426532662352085,169952,33057
1791426532683139328,169968,33061
1791426532704315095,169992,33068
1791426532725897701,170008,33073
1791426532746520141,170032,33081
1791426532767518163,170048,33085
1791426532788832289,170072,33091
1791426532810005542,170088,33095
1791426532830844024,170112,33100
1791426532852019845,170128,33106
1791426532873300856,170152,33113
1791426532894622558,170168,33118
1791426532915533073,170192,33125
1791426532936638878,170208,33129
1791426532958223324,170232,33135
1791426532979417438,170248,33139
1791426533000665528,170272,33144
1791426533022064959,170288,33147
1791426533042780379,170312,33150
1791426533063830814,170328,33153
1791426533085257096,170352,33157
1791426533106389975,170368,33160
1791426533127465275,170392,33166
1791426533148499777,170408,33171
1791426533169881149,170432,33179
1791426533190731477,170448,33184
1791426533211843323,170472,33193
1791426533233047013,170488,33199
1791426533254028457,170512,33210
1791426533274928882,170528,33217
1791426533305557445,170552,33228
1791426533326462820,170568,33235
1791426533347548556,170592,33246
1791426533369928446,170608,33252
1791426533391018120,170632,33266
1791426533414792090,170656,33279
1791426533434143821,170672,33287
1791426533454430242,170688,33295
1791426533475365899,170712,33305
1791426533496725052,170728,33311
1791426533517885807,170752,33322
1791426533538570492,170768,33330
1791426533559659818,170792,33340
1791426533581016256,170808,33346
1791426533601895963,170832,33355
1791426533622493362,170848,33361
1791426533643675662,170872,33369
1791426533665163425,170888,33375
1791426533686228614,170912,33382
1791426533707153531,170928,33387
1791426533728215228,170952,33394
1791426533749539769,170968,33398
1791426533770414494,170992,33405
1791426533791266655,171008,33411
1791426533812453888,171032,33420
1791426533833740833,171048,33425
1791426533854154509,171072,33432
1791426533875093819,171088,33436
1791426533896159297,171112,33442
1791426533917567836,171128,33448
1791426533938322887,171152,33455
1791426533959123606,171168,33459
1791426533980509914,171192,33465
1791426534001935343,171208,33469
1791426534022650541,171232,33476
1791426534043740909,171248,33482
1791426534066084644,171272,33492
1791426534087035619,171296,33501
1791426534108587433,171312,33506
1791426534129950909,171328,33511
1791426534150674975,171352,33518
1791426534173097873,171376,33526
1791426534194979747,171392,33531
1791426534215139424,171416,33539
1791426534236185652,171432,33544
1791426534257807458,171456,33551
1791426534278496506,171472,33555
1791426534301012770,171488,33558
1791426534322229266,171512,33566
1791426534343208509,171528,33570
1791426534366139547,171552,33577
1791426534387053657,171568,33580
1791426534408238123,171592,33585
1791426534429629691,171608,33588
1791426534450335894,171632,33596
1791426534471020629,171648,33601
1791426534492026034,171672,33607
1791426534513500752,171688,33611
1791426534534223157,171712,33616
1791426534555201740,171728,33619
1791426534576288039,171752,33626
1791426534597669977,171768,33631
1791426534618555799,171792,33639
1791426534639577038,171808,33643
1791426534663267021,171832,33650
1791426534684503010,171848,33654
1791426534706813332,171872,33662
1791426534726692979,171888,33669
1791426534747864865,171912,33679
1791426534769469088,171936,33688
1791426534790630724,171952,33693
1791426534811767408,171968,33698
1791426534833093294,171992,33707
1791426534854057626,172008,33716
1791426534881849826,172032,33728
1791426534898499688,172048,33736
1791426534922827008,172072,33746
1791426534941984982,172096,33756
1791426534965590916,172112,33762
1791426535000408760,172128,33771
1791426535026385792,172152,33784
1791426535047928433,172176,33797
1791426535067376412,172192,33804
1791426535088193296,172216,33815
1791426535109734143,172232,33822
1791426535130474409,172256,33835
1791426535150621375,172272,33842
1791426535173817341,172296,33853
1791426535194147779,172312,33860
1791426535215022556,172328,33866
1791426535238282417,172352,33875
1791426535276605673,172368,33882
1791426535298388386,172392,33892
1791426535319137873,172408,33898
1791426535340610863,172432,33907
1791426535361881187,172448,33912
1791426535382910512,172472,33920
1791426535404377560,172488,33924
1791426535425702552,172512,33933
1791426535446444321,172528,33939
1791426535467172891,172552,33947
1791426535488368597,172568,33951
1791426533182916819,172592,33958
1791426533203566481,172608,33961
1791426533224515909,172632,33966
1791426533245957312,172648,33969
1791426533267082900,172672,33974
1791426533287939583,172688,33976
1791426533309119675,172712,33979
1791426533330794906,172728,33982
1791426533351516306,172752,33987
1791426533372696470,172768,33992
1791426533394074874,172792,33998
1791426533415222515,172808,34002
1791426533436154873,172832,34009
1791426533457316050,172848,34012
1791426533478630341,172872,34017
1791426533499375476,172888,34021
1791426533520213822,172912,34025
1791426533541478401,172928,34028
1791426533562729905,172952,34032
1791426533583434651,172968,34034
1791426533604459474,172992,34038
1791426533625934079,173008,34042
1791426533647095334,173032,34047
1791426533667852511,173048,34051
1791426533689094899,173072,34055
1791426533710746798,173088,34058
1791426533731470500,173112,34062
1791426533752560644,173128,34065
1791426533774189384,173152,34068
1791426533795187768,173168,34071
1791426533816098641,173192,34074
1791426533837253638,173208,34076
1791426533858714123,173232,34079
1791426533879297099,173248,34082
1791426533900345781,173272,34087
1791426533921740828,173288,34090
1791426533942896326,173312,34094
1791426533963683560,173328,34097
1791426533984614679,173352,34100
1791426534006116427,173368,34102
1791426534027177899,173392,34105
1791426534048211707,173408,34106
1791426534069276008,173432,34109
1791426534090984839,173456,34111
1791426534111532214,173472,34113
1791426534132622474,173488,34114
1791426534153985629,173512,34119
1791426534174987934,173528,34123
1791426534195766142,173552,34127
1791426534216787772,173568,34129
1791426534238038525,173592,34132
1791426534259204608,173608,34134
1791426534280071771,173632,34139
1791426534301275887,173648,34143
1791426534322592371,173672,34148
1791426534343265560,173688,34152
1791426534364076414,173712,34156
1791426534385276591,173728,34160
1791426534406698680,173752,34165
1791426534427476775,173768,34170
1791426534448417339,173792,34175
1791426534469699719,173808,34179
1791426534490949872,173832,34184
1791426534511716496,173848,34187
1791426534532743999,173872,34193
1791426534554584219,173888,34199
1791426534575124325,173912,34207
1791426534596094348,173928,34212
1791426534617234640,173952,34220
1791426534638491312,173968,34225
1791426534659238287,173992,34232
1791426534680011325,174008,34238
1791426534701326418,174032,34245
1791426534722912682,174048,34250
1791426534743692099,174072,34257
1791426534764795515,174088,34261
1791426534786423892,174112,34266
1791426534807270784,174128,34272
1791426534828239187,174152,34279
1791426534849442327,174168,34284
1791426534870858846,174192,34290
1791426534891643986,174208,34294
1791426534912747431,174232,34300
1791426534934338012,174248,34306
1791426534955195862,174272,34314
1791426534976093213,174288,34319
1791426534997416489,174312,34325
1791426535018938277,174328,34329
1791426535039677604,174352,34335
1791426535060823698,174368,34339
1791426535082206543,174392,34346
1791426535103148070,174408,34351
1791426535123755557,174432,34357
1791426535144970393,174448,34361
1791426535166661510,174472,34366
1791426535187134756,174488,34370
1791426535208048966,174512,34375
1791426535229257873,174528,34378
1791426535250759237,174552,34383
1791426535271370834,174568,34386
1791426535292353918,174592,34390
1791426535313653432,174608,34392
1791426535335059227,174632,34400
1791426535355894081,174648,34404
1791426535377008972,174672,34411
1791426535398585858,174688,34415
1791426535419215948,174712,34420
1791426535440219336,174728,34424
1791426535461330558,174752,34430
1791426535482817201,174768,34435
1791426535503621859,174792,34441
1791426535524660772,174808,34444
1791426535546054407,174832,34449
1791426535566801779,174848,34451
1791426535587678517,174872,34456
1791426535608466307,174888,34459
1791426535629521692,174912,34464
1791426535650901810,174928,34467
1791426535671622930,174952,34470
1791426535692568841,174968,34473
1791426535714085864,174992,34477
1791426535734892497,175008,34480
1791426535756023723,175032,34485
1791426535777323521,175048,34487
1791426535799281819,175072,34491
1791426535819172119,175088,34493
1791426535840799538,175112,34496
1791426535862091252,175128,34499
1791426535883753768,175152,34504
1791426535904411215,175168,34507
1791426535925570750,175192,34511
1791426535947295191,175208,34513
1791426535968079598,175232,34516
1791426535989788416,175256,34520
1791426536010756696,175272,34522
1791426536031547798,175288,34524
1791426536052532604,175312,34527
1791426536073858590,175328,34528
1791426536094712107,175352,34530
1791426536115447425,175368,34531
1791426536136442571,175392,34532
1791426536157714820,175408,34533
1791426536178734865,175432,34535
1791426536199419303,175448,34535
1791426536220085706,175472,34536
1791426536241437443,175488,34537
1791426536266717230,175512,34539
1791426536288030365,175536,34540
1791426536309745758,175552,34541
1791426536331080590,175568,34542
1791426536351901808,175592,34544
1791426536374597817,175608,34545
1791426536394932813,175632,34549
1791426536415688207,175648,34551
1791426536436907191,175672,34555
1791426536458342417,175688,34557
1791426536479008917,175712,34561
1791426536500093190,175728,34563
1791426536521063704,175752,34566
1791426536542484825,175768,34568
1791426536563699098,175792,34571
1791426536584271194,175808,34573
1791426536605671042,175832,34576
1791426536627069760,175848,34577
1791426536647958493,175872,34580
1791426536668974031,175888,34584
1791426536690597953,175912,34589
1791426536711323704,175928,34591
1791426536732422751,175952,34595
1791426536754856470,175976,34599
1791426536775667783,175992,34601
1791426536796596571,176008,34605
1791426536817757539,176032,34609
1791426536839019921,176048,34612
1791426536859800087,176072,34617
1791426536881060400,176088,34619
1791426536902704060,176112,34623
1791426536923298314,176128,34626
1791426536944209472,176152,34630
1791426536965444480,176168,34632
1791426536986667348,176192,34634
1791426537007571125,176208,34636
1791426537028680253,176232,34638
1791426537050100629,176248,34643
1791426537071028683,176272,34648
1791426537092235290,176288,34652
1791426537113237483,176312,34657
1791426537134754859,176328,34660
1791426537155538642,176352,34663
1791426537176525285,176368,34666
1791426537198054855,176392,34672
1791426537218965515,176408,34676
1791426537239847085,176432,34681
1791426537260784772,176448,34684
1791426537282206130,176472,34688
1791426537303118876,176488,34691
1791426537323887678,176512,34696
1791426537344886763,176528,34699
1791426537366145467,176552,34704
1791426537387150210,176568,34707
1791426537407907359,176592,34712
1791426537429269119,176608,34715
1791426537450685690,176632,34721
1791426537471222063,176648,34725
1791426537492387021,176672,34731
1791426537513416585,176688,34735
1791426537534691413,176712,34740
1791426537555422803,176728,34743
1791426537576741220,176752,34746
1791426537598022295,176768,34748
1791426537618851051,176792,34751
1791426537639639006,176808,34752
1791426537660771111,176832,34754
1791426537681841786,176848,34755
1791426537702968415,176872,34758
1791426537723678844,176888,34760
1791426537744405947,176912,34763
1791426537765565082,176928,34765
1791426537786982932,176952,34768
1791426537807909643,176968,34770
1791426537828830542,176992,34772
1791426537850004190,177008,34774
1791426537871234520,177032,34776
1791426537892000234,177048,34777
1791426537912790763,177072,34779
1791426537934217697,177088,34780
1791426537955349166,177112,34781
1791426537975945025,177128,34783
1791426537997257298,177152,34785
1791426538018650161,177168,34787
1791426538039301849,177192,34788
1791426538060129960,177208,34790
1791426538085551370,177232,34791
1791426538140665566,177248,34794
1791426538161661787,177272,34798
1791426538182982732,177296,34802
1791426538203375601,177312,34804
1791426538224067891,177328,34806
1791426538245205402,177352,34809
1791426538266768089,177368,34811
1791426538287495463,177392,34815
1791426538308334557,177408,34818
1791426538329581352,177432,34821
1791426538350901349,177448,34823
1791426538371409153,177472,34826
1791426538392365216,177488,34827
1791426538413533341,177512,34830
1791426538435029759,177536,34834
1791426538455476587,177552,34837
1791426538476385877,177568,34839
1791426538497489673,177592,34842
1791426538518722358,177608,34844
1791426538539320091,177632,34852
1791426538560314793,177648,34857
1791426538581394827,177672,34864
1791426538602760942,177688,34869
1791426538623349680,177712,34875
1791426538644305318,177728,34879
1791426538665402902,177752,34886
1791426538687065295,177768,34890
1791426538707485672,177792,34897
1791426538728631768,177808,34901
1791426538749963341,177832,34907
1791426538770929920,177848,34910
1791426538791650189,177872,34917
1791426538814224285,177888,34922
1791426538835080574,177912,34930
1791426538855795723,177928,34935
1791426538876952126,177952,34942
1791426538898167073,177968,34946
1791426538919053899,177992,34953
1791426538939817808,178008,34957
1791426538960835925,178032,34962
1791426538982266446,178048,34965
1791426539002941823,178072,34970
1791426539023794174,178088,34973
1791426539044881118,178112,34976
1791426539066472591,178128,34981
1791426539087303264,178152,34988
1791426539108222664,178168,34992
1791426539129697731,178192,34997
1791426539150910650,178208,35001
1791426539171649056,178232,35007
1791426539192597124,178248,35011
1791426539214082854,178272,35018
1791426539235039812,178288,35023
1791426539255845451,178312,35028
1791426539277086974,178328,35031
1791426539298609454,178352,35036
1791426539319235793,178368,35040
1791426539340179707,178392,35045
1791426539361481666,178408,35049
1791426539382839735,178432,35054
1791426539403609883,178448,35057
1791426539424656250,178472,35061
1791426539445779266,178488,35064
1791426539466865641,178512,35070
1791426539487872136,178528,35074
1791426539508514900,178552,35080
1791426539529495882,178568,35083
1791426539551156728,178592,35087
1791426539571815299,178608,35090
1791426539592881531,178632,35097
1791426539614205594,178648,35101
1791426539635262932,178672,35106
1791426539656350870,178688,35110
1791426539677312659,178712,35115
1791426539699798119,178728,35119
1791426539721037422,178752,35125
1791426539742655418,178768,35130
1791426539763432767,178792,35137
1791426539784387549,178808,35141
1791426539805732332,178832,35146
1791426539827110526,178848,35150
1791426539847826286,178872,35155
1791426539869168332,178888,35158
1791426539890733733,178912,35164
1791426539911457667,178928,35167
1791426539932539249,178952,35172
1791426539953869248,178968,35175
1791426539974834919,178992,35180
1791426539995629818,179008,35185
1791426540016499967,179032,35191
1791426540037859103,179048,35196
1791426540059360270,179072,35202
1791426540080102481,179088,35206
1791426540101359131,179112,35211
1791426540122785226,179128,35214
1791426540143669102,179152,35219
1791426540164541952,179168,35223
1791426540185990101,179192,35227
1791426540207179874,179208,35230
1791426540227841843,179232,35234
1791426540250604644,179248,35239
1791426540271218477,179272,35246
1791426540292114611,179288,35250
1791426540313510916,179312,35255
1791426540335085451,179328,35258
1791426540356049865,179352,35263
1791426540377277933,179368,35267
1791426540398773177,179392,35274
1791426540419590462,179408,35278
1791426540440732363,179432,35284
1791426540462558197,179448,35288
1791426540483426020,179472,35293
1791426540504601130,179488,35297
1791426540526269711,179512,35304
1791426540547148337,179528,35309
1791426540567988856,179552,35316
1791426540589299118,179568,35320
1791426540610946730,179592,35326
1791426540631659629,179608,35330
1791426540652749263,179632,35340
1791426540674165348,179648,35347
1791426540695156578,179672,35356
1791426540715812330,179688,35362
1791426540737030333,179712,35371
1791426540758660312,179728,35376
1791426540779370878,179752,35386
1791426540800451829,179768,35392
1791426540821792052,179792,35401
1791426540843117733,179808,35407
1791426540863978250,179832,35415
1791426540885280529,179848,35420
1791426540906919898,179872,35428
1791426540927761531,179888,35434
1791426540948962395,179912,35443
1791426540970727646,179928,35448
1791426540991394697,179952,35456
1791426541012415241,179968,35461
1791426541033547453,179992,35469
1791426541054836961,180008,35476
1791426541075610872,180032,35485
1791426541096973788,180048,35491
1791426541118202880,180072,35499
1791426541139233994,180088,35504
1791426541160185070,180112,35512
1791426541181634455,180128,35516
1791426541202914370,180152,35522
1791426541223734559,180168,35527
1791426541244788451,180192,35532
1791426541266162744,180208,35536
1791426541287229410,180232,35541
1791426541308208526,180248,35545
1791426541329563318,180272,35550
1791426541350954983,180288,35553
1791426541371837091,180312,35558
1791426541393117070,180328,35560
1791426541414681324,180352,35564
1791426541435427025,180368,35566
1791426541456403751,180392,35571
1791426541477873024,180408,35574
1791426541498917768,180432,35578
1791426541519774450,180448,35581
1791426541540750774,180472,35584
1791426541562089915,180488,35586
1791426541583235216,180512,35591
1791426541604132707,180528,35594
1791426541625302069,180552,35597
1791426541646960493,180568,35599
1791426541667702318,180592,35602
1791426541688923584,180608,35604
1791426541710497441,180632,35604
1791426541731157322,180648,35604
1791426541752095182,180672,35605
1791426541773352176,180688,35605
1791426541794868595,180712,35605
1791426541815560124,180728,35605
1791426541836664150,180752,35608
1791426541858219984,180768,35610
1791426541879119792,180792,35614
1791426541900059100,180808,35616
1791426541921449149,180832,35620
1791426541942606915,180848,35622
1791426541963190713,180872,35625
1791426541984223556,180888,35629
1791426542005392485,180912,35633
1791426542027008456,180928,35635
1791426542047929453,180952,35639
1791426542068946575,180968,35642
1791426542090473760,180992,35647
1791426542111117549,181008,35651
1791426542132161423,181032,35656
1791426542153488513,181048,35659
1791426542174804935,181072,35664
1791426542195787237,181088,35666
1791426542216768618,181112,35670
1791426542238348635,181128,35672
1791426542259358647,181152,35676
1791426542280164431,181168,35678
1791426542301326998,181192,35680
1791426542322650609,181208,35682
1791426542343395415,181232,35685
1791426542364344648,181248,35690
1791426542385482787,181272,35696
1791426542406817437,181288,35700
1791426542427595010,181312,35705
1791426542448547683,181328,35709
1791426542469806671,181352,35714
1791426542491011037,181368,35717
1791426542511802463,181392,35721
1791426542533021208,181408,35724
1791426542554288162,181432,35728
1791426542575322974,181448,35731
1791426542596201910,181472,35735
1791426542617758587,181488,35737
1791426542638989417,181512,35742
1791426542659644917,181528,35745
1791426542680767332,181552,35751
1791426542702674112,181568,35754
1791426542723250636,181592,35758
1791426542744234649,181608,35761
1791426542765235382,181632,35767
1791426542786640079,181648,35771
1791426542807174166,181672,35777
1791426542828224346,181696,35782
1791426542849304498,181712,35785
1791426542870776754,181728,35788
1791426542891547069,181752,35793
1791426542912669017,181768,35797
1791426542934170540,181792,35802
1791426542955415522,181808,35805
1791426542976305759,181832,35810
1791426542997459197,181848,35812
1791426543019043519,181872,35817
1791426543039835788,181888,35821
1791426543063393972,181912,35826
1791426543084286035,181928,35829
1791426543105555215,181952,35834
1791426543126905569,181968,35837
1791426543147550962,181992,35841
1791426543168564726,182008,35844
1791426543190213742,182032,35847
1791426543211390919,182056,35851
1791426543232365402,182072,35853
1791426543253607659,182096,35855
1791426543275019902,182112,35857
1791426543295926846,182128,35858
1791426543317310701,182152,35860
1791426543338661382,182168,35861
1791426543359383494,182192,35862
1791426543380951884,182208,35863
1791426543403826694,182232,35863
1791426543425070603,182248,35864
1791426543446731873,182272,35866
1791426543467677641,182288,35866
1791426543489034682,182312,35867
1791426543511185888,182336,35868
1791426543532396654,182352,35868
1791426543554112769,182368,35869
1791426543575235670,182392,35870
1791426543596187817,182408,35871
1791426543617200706,182432,35872
1791426543638865496,182448,35872
1791426543659769948,182472,35873
1791426543680783240,182488,35874
1791426543702280067,182512,35873
1791426543723180261,182528,35872
1791426543744155498,182552,35871
1791426543765232207,182568,35870
1791426543786933458,182592,35870
1791426543807411538,182608,35870
1791426543828835350,182632,35870
1791426543850036853,182648,35870
1791426543871292681,182672,35870
1791426543892271754,182688,35870
1791426543913247674,182712,35870
1791426543934632986,182736,35870
1791426543955245224,182752,35871
1791426543976765464,182768,35872
1791426543997278111,182792,35872
1791426544018671216,182808,35871
1791426544039465429,182832,35869
1791426544060408518,182848,35868
1791426544081947860,182872,35868
1791426544104860683,182888,35868
1791426544127213631,182912,35870
1791426544148089701,182928,35872
1791426544169091690,182952,35876
1791426544192272182,182976,35882
1791426544213144715,182992,35886
1791426544235134284,183008,35891
1791426544255849819,183032,35898
1791426544279411406,183048,35904
1791426544300433720,183072,35911
1791426544321563668,183088,35917
1791426544342621194,183112,35925
1791426544363644258,183128,35930
1791426544384708619,183152,35938
1791426544406543733,183168,35943
1791426544427194213,183192,35950
1791426544448070037,183208,35954
1791426544469509029,183232,35960
1791426544490929719,183248,35963
1791426544511733972,183272,35969
1791426544532720605,183288,35973
1791426544553743772,183312,35979
1791426544574816658,183328,35982
1791426544595688890,183352,35986
1791426544616545621,183368,35990
1791426544637916705,183392,35995
1791426544659029157,183408,35998
1791426544680047691,183432,36002
1791426544701196327,183448,36005
1791426544722914776,183472,36009
1791426544743464231,183488,36012
1791426544764567913,183512,36017
1791426544785817706,183528,36020
1791426544806934142,183552,36024
1791426544827792471,183568,36026
1791426544848910288,183592,36030
1791426544870715833,183608,36032
1791426544891516183,183632,36035
1791426544912558008,183648,36037
1791426544933876145,183672,36040
1791426544955163062,183688,36042
1791426544975845478,183712,36045
1791426544996970302,183728,36047
1791426545018486111,183752,36049
1791426545039530930,183768,36049
1791426545060441979,183792,36050
1791426545081803294,183808,36051
1791426545105864078,183832,36052
1791426545127033767,183848,36053
1791426545147692094,183872,36055
1791426545168928375,183888,36057
1791426545190103005,183912,36060
1791426545211207212,183928,36061
1791426545232120981,183952,36064
1791426545253532463,183968,36065
1791426545274827428,183992,36066
1791426545295617067,184008,36065
1791426545316585159,184032,36065
1791426545337948360,184048,36065
1791426545359042194,184072,36065
1791426545380102222,184088,36065
1791426545401459051,184112,36064
1791426545422821560,184128,36064
1791426545443568790,184152,36063
1791426545464744363,184168,36063
1791426545486455492,184192,36062
1791426545507490119,184208,36061
1791426545528351195,184232,36061
1791426545550045411,184248,36061
1791426545571237637,184272,36060
1791426545592308904,184288,36060
1791426545613811452,184312,36060
1791426545634933660,184328,36060
1791426545655928056,184352,36060
1791426545676909037,184368,36060
1791426545698439397,184392,36061
1791426545719012645,184408,36061
1791426545739871294,184432,36062
1791426545761079573,184448,36062
1791426545782478830,184472,36061
1791426545803241943,184488,36061
1791426545824272441,184512,36061
1791426545845504646,184528,36061
1791426545866647737,184552,36062
1791426545887645029,184568,36061
1791426545908607809,184592,36061
1791426545930222082,184608,36061
1791426545951031351,184632,36063
1791426545971792190,184648,36065
1791426545993029928,184672,36067
1791426546015770362,184688,36068
1791426546036854391,184712,36070
1791426546058491701,184728,36070
1791426546079219568,184752,36071
1791426546099989182,184768,36071
1791426546121270151,184792,36071
1791426546142840636,184808,36071
1791426546163574893,184832,36071
1791426546184578676,184848,36071
1791426546205851813,184872,36071
1791426546227019929,184888,36072
1791426546247809479,184912,36074
1791426546269044447,184928,36075
1791426546290888928,184952,36076
1791426546311651616,184968,36076
1791426546332751387,184992,36077
1791426546354639333,185008,36077
1791426546375463067,185032,36078
1791426546396478675,185048,36079
1791426546417910407,185072,36080
1791426546439075234,185088,36081
1791426546459822314,185112,36081
1791426546480908932,185128,36083
1791426546502296202,185152,36085
1791426546523204843,185168,36087
1791426546544211927,185192,36089
1791426546565468897,185208,36090
1791426546587136636,185232,36091
1791426546608132059,185248,36092
1791426546629326781,185272,36093
1791426546651070467,185288,36094
1791426546671715543,185312,36096
1791426546693058286,185328,36097
1791426546714883395,185352,36098
1791426546735661854,185368,36099
1791426546756862884,185392,36101
1791426546778486510,185408,36103
1791426546799451037,185432,36105
1791426546820580545,185448,36106
1791426546842108093,185472,36108
1791426546863474774,185488,36110
1791426546884609150,185512,36111
1791426546905852136,185528,36111
1791426546927262544,185552,36112
1791426546948285502,185576,36112
1791426546969343775,185592,36111
1791426546990957422,185608,36111
1791426547011654541,185632,36110
1791426547032609215,185648,36109
1791426547053724572,185672,36109
1791426547075008265,185688,36108
1791426547095680283,185712,36108
1791426547117033426,185728,36107
1791426547138379297,185752,36105
1791426547159239514,185768,36104
1791426547180191675,185792,36101
1791426547201357772,185808,36100
1791426547222692701,185832,36098
1791426547243317208,185848,36096
1791426547264458638,185872,36096
1791426547285790748,185888,36096
1791426547307022760,185912,36098
1791426547327589161,185928,36098
1791426547348634447,185952,36098
1791426547370340654,185968,36099
1791426547391339867,185992,36100
1791426547412289047,186008,36101
1791426547433705499,186032,36101
1791426547455147245,186048,36101
1791426547476053528,186072,36102
1791426547498348479,186096,36102
1791426547518791985,186112,36103
1791426547539501292,186128,36102
1791426547561105016,186152,36102
1791426547581802722,186168,36102
1791426547603183922,186192,36102
1791426547624059287,186208,36102
1791426547645210526,186232,36102
1791426547666662610,186248,36103
1791426547687119362,186272,36104
1791426547707813735,186288,36104
1791426547729003371,186312,36104
1791426547750653371,186328,36104
1791426547771480083,186352,36104
1791426547792503247,186368,36104
1791426547813492074,186392,36105
1791426547834998777,186408,36105
1791426547855749468,186432,36105
1791426547876765831,186448,36105
1791426547898064861,186472,36105
1791426547919077603,186488,36105
1791426547939835487,186512,36103
1791426547961411476,186528,36101
1791426547982788985,186552,36100
1791426548003544225,186568,36099
1791426548024485311,186592,36097
1791426548046038742,186608,36096
1791426548068060153,186632,36091
1791426548089514820,186656,36087
1791426548111752700,186672,36085
1791426548132575334,186696,36080
1791426548153598297,186712,36078
1791426548175045883,186728,36075
1791426548195956846,186752,36071
1791426548217162621,186768,36067
1791426548238846013,186792,36063
1791426548259959768,186808,36059
1791426548281478159,186832,36054
1791426548302977652,186848,36051
1791426548326871889,186872,36046
1791426548347891818,186896,36041
1791426548368547212,186912,36038
1791426548390100931,186928,36035
1791426548414943119,186952,36031
1791426548436100163,186968,36029
1791426548457407430,186992,36025
1791426548479150595,187008,36023
1791426548499975487,187032,36019
1791426548521176488,187048,36017
1791426548542999727,187072,36014
1791426548563771640,187088,36012
1791426548584739888,187112,36009
1791426548606810646,187128,36007
1791426548627732727,187152,36005
1791426548649136241,187168,36004
1791426548670666056,187192,36003
1791426548691772377,187208,36002
1791426548713205464,187232,36002
1791426548734672856,187248,36001
1791426548755433238,187272,35998
1791426548776497017,187288,35997
1791426548797933005,187312,35994
1791426548819035974,187328,35993
1791426548839913243,187352,35991
1791426548861191090,187368,35989
1791426548882801447,187392,35988
1791426548903635359,187408,35987
1791426548924762922,187432,35985
1791426548946436627,187448,35984
1791426548967598790,187472,35983
1791426548988978814,187488,35982
1791426549010652394,187512,35981
1791426549031656428,187528,35981
1791426549052653480,187552,35982
1791426549074330702,187568,35982
1791426549095229159,187592,35982
1791426549116240490,187608,35982
1791426549137562432,187632,35980
1791426549159011086,187648,35978
1791426549179810823,187672,35975
1791426549201076120,187688,35974
1791426549222610089,187712,35971
1791426549243660169,187728,35969
1791426549264602037,187752,35966
1791426549286731807,187768,35964
1791426549307671384,187792,35961
1791426549328548721,187808,35960
1791426549350016926,187832,35957
1791426549371146717,187848,35955
1791426549392217121,187872,35952
1791426549413908018,187888,35951
1791426549435197884,187912,35949
1791426549456045961,187928,35947
1791426549477714456,187952,35945
1791426549499104999,187968,35944
1791426549520051451,187992,35941
1791426549541389098,188008,35939
1791426549562880048,188032,35935
1791426549583553395,188048,35933
1791426549604699455,188072,35930
1791426549626623494,188088,35928
1791426549647743967,188112,35926
1791426549669133374,188128,35925
1791426549690793898,188152,35923
1791426549711509693,188168,35922
1791426549732484778,188192,35920
1791426549753851900,188208,35919
1791426549775185832,188232,35917
1791426549795903372,188248,35914
1791426549817421173,188272,35911
1791426549839195332,188288,35908
1791426549859808402,188312,35905
1791426549881012347,188328,35903
1791426549902727328,188352,35899
1791426549923436242,188368,35896
1791426549944505230,188392,35892
1791426549966117783,188408,35889
1791426549987170486,188432,35885
1791426550008062407,188448,35883
1791426550029496312,188472,35879
1791426550050982008,188488,35877
1791426550071726617,188512,35871
1791426550092984298,188528,35867
1791426550115433489,188552,35862
1791426550136487144,188568,35859
1791426550158092749,188592,35855
1791426550179221679,188608,35852
1791426550200460523,188632,35849
1791426550222116025,188648,35848
1791426550243333407,188672,35845
1791426550264135362,188688,35843
1791426550285585512,188712,35842
1791426550306981224,188728,35841
1791426550327852761,188752,35840
1791426550349159310,188768,35841
1791426550371005100,188792,35842
1791426550391726696,188808,35843
1791426550412798083,188832,35844
1791426550434252314,188848,35844
1791426550455206187,188872,35845
1791426550476410793,188896,35846
1791426550497444081,188912,35846
1791426550518976171,188928,35847
1791426550539679405,188952,35847
1791426550560960189,188968,35847
1791426550582304071,188992,35847
1791426550603516346,189008,35848
1791426550624316753,189032,35849
1791426550645453069,189048,35849
1791426550666909000,189072,35850
1791426550687428955,189088,35850
1791426550708682156,189112,35851
1791426550729973568,189128,35850
1791426550751151667,189152,35850
1791426550772310841,189168,35850
1791426550793219259,189192,35850
1791426550814769184,189208,35850
1791426550835520246,189232,35849
1791426550856589099,189248,35849
1791426550878304747,189272,35847
1791426550899302761,189288,35847
1791426550920310062,189312,35845
1791426550941736843,189328,35845
1791426550963126864,189352,35843
1791426550983982206,189368,35842
1791426551005324273,189392,35840
1791426551026685325,189408,35839
1791426551047383557,189432,35837
1791426551068706211,189448,35837
1791426551090604365,189472,35836
1791426551111479093,189488,35835
1791426551132539546,189512,35833
1791426551154166106,189528,35831
1791426551177293409,189552,35829
1791426551196186392,189568,35828
1791426551217351944,189592,35826
1791426551239185240,189608,35824
1791426551259580930,189632,35823
1791426551280560153,189648,35822
1791426551302354738,189672,35821
1791426551323125814,189688,35821
1791426551344469559,189712,35820
1791426551365389945,189728,35820
1791426551386852962,189752,35819
1791426551407566864,189768,35818
1791426551428734629,189792,35817
1791426551450639854,189816,35816
1791426551471580925,189832,35815
1791426551492556794,189848,35814
1791426551514302150,189872,35812
1791426551535062097,189888,35810
1791426551556703904,189912,35807
1791426551579326908,189928,35805
1791426551601394172,189952,35802
1791426551622403719,189968,35800
1791426551643509443,189992,35797
1791426551664441183,190008,35794
1791426551685828377,190032,35790
1791426551707079264,190048,35787
1791426551727666890,190072,35783
1791426551748657056,190088,35781
1791426551770101047,190112,35777
1791426551790928469,190128,35774
1791426551811711965,190152,35770
1791426551832957952,190168,35768
1791426551854758476,190192,35764
1791426551875514326,190208,35762
1791426551896669472,190232,35759
1791426551917829660,190248,35757
1791426551939095015,190272,35754
1791426551960016069,190288,35751
1791426551981368074,190312,35748
1791426552002679286,190328,35746
1791426552023436500,190352,35743
1791426552044304051,190368,35740
1791426552066031510,190392,35734
1791426552087743343,190408,35730
1791426552109133056,190432,35724
1791426552130857553,190448,35720
1791426552151737054,190472,35715
1791426552172714299,190488,35712
1791426552193873604,190512,35708
1791426552215160327,190528,35706
1791426552236173602,190552,35703
1791426552257396160,190568,35702
1791426552279010335,190592,35700
1791426552299836807,190608,35699
1791426552320993343,190632,35699
1791426552342712383,190648,35699
1791426552363337371,190672,35700
1791426552384627704,190688,35700
1791426552405911631,190712,35699
1791426552427348083,190736,35698
1791426552448502789,190752,35699
1791426552469446166,190768,35700
1791426552490969175,190792,35702
1791426552511970835,190808,35704
1791426552533292839,190832,35706
1791426552554876658,190848,35707
1791426552575725867,190872,35710
1791426552596916566,190888,35712
1791426552618673577,190912,35716
1791426552639555843,190928,35718
1791426552660598369,190952,35721
1791426552682570050,190976,35724
1791426552703252586,190992,35726
1791426552724217878,191008,35727
1791426552745687569,191032,35729
1791426552767130582,191048,35730
1791426552788137473,191072,35731
1791426552809729910,191088,35731
1791426552830987289,191112,35732
1791426552851872663,191128,35735
1791426552873168514,191152,35740
1791426552894634691,191168,35742
1791426552915726848,191192,35746
1791426552936631197,191208,35749
1791426552958194545,191232,35752
1791426552979174953,191248,35754
1791426553000098242,191272,35757
1791426553021460494,191288,35759
1791426553042921141,191312,35761
1791426553063750725,191328,35763
1791426553084899233,191352,35765
1791426553106526339,191368,35766
1791426553127218183,191392,35769
1791426553148167831,191408,35770
1791426553169356577,191432,35773
1791426553190806005,191448,35774
1791426553211677155,191472,35776
1791426553232641886,191488,35778
1791426553254421556,191512,35781
1791426553275055825,191528,35783
1791426553295946204,191552,35785
1791426553317392507,191568,35787
1791426553338809147,191592,35789
1791426553359617736,191608,35790
1791426553380950279,191632,35791
1791426553402705308,191648,35792
1791426553423359333,191672,35793
1791426553444416021,191688,35794
1791426553466096826,191712,35794
1791426553487267904,191728,35795
1791426553508082538,191752,35797
1791426553529753461,191768,35799
1791426553551164684,191792,35801
1791426553572135180,191808,35802
1791426553593744604,191832,35804
1791426553615128799,191848,35805
1791426553636107756,191872,35807
1791426553658075407,191888,35809
1791426553679196378,191912,35811
1791426553700140326,191928,35813
1791426553721681964,191952,35814
1791426553743208626,191968,35815
1791426553764282592,191992,35816
1791426553785776416,192008,35818
1791426553807170573,192032,35821
1791426553828128325,192048,35822
1791426553849580468,192072,35824
1791426553870911833,192088,35826
1791426553891778649,192112,35827
1791426553912934434,192128,35827
1791426553934349231,192152,35827
1791426553955299753,192168,35828
1791426553976284897,192192,35828
1791426553997178379,192208,35828
1791426554018965062,192232,35828
1791426554039532133,192248,35828
1791426554060528550,192272,35827
1791426554082032193,192288,35827
1791426554103008387,192312,35826
1791426554123640820,192328,35825
1791426554144698988,192352,35823
1791426554166400662,192368,35821
1791426554187284148,192392,35818
1791426554208058996,192408,35817
1791426554229093949,192432,35815
1791426554250589542,192448,35813
1791426554271266256,192472,35811
1791426554292334987,192488,35810
1791426554313563886,192512,35812
1791426554334981420,192528,35813
1791426554356080641,192552,35814
1791426554377188944,192568,35815
1791426554398907046,192592,35816
1791426554419582087,192608,35817
1791426554440571404,192632,35820
1791426554461755086,192648,35821
1791426554483094565,192672,35824
1791426554504096692,192688,35825
1791426554525287191,192712,35828
1791426554546938232,192728,35829
1791426554567634512,192752,35830
1791426554588879952,192768,35831
1791426554610224410,192792,35832
1791426554630934520,192808,35833
1791426554651784583,192832,35833
1791426554672709508,192848,35833
1791426554694287570,192872,35835
1791426554715327342,192888,35836
1791426554736351660,192912,35838
1791426554757372490,192928,35839
1791426554778775021,192952,35841
1791426554799533291,192968,35842
1791426554820378485,192992,35844
1791426554841689297,193008,35845
1791426554863340780,193032,35846
1791426554884450915,193048,35847
1791426554905709883,193072,35848
1791426554927027730,193088,35849
1791426554947708080,193112,35851
1791426554968741640,193128,35853
1791426554990360828,193152,35855
1791426555011495152,193168,35856
1791426555032461428,193192,35858
1791426555053945927,193208,35860
1791426555075092736,193232,35862
1791426555095851757,193248,35864
1791426555117397717,193272,35867
1791426555138404484,193288,35869
1791426555159404686,193312,35873
1791426555180382435,193328,35875
1791426555201985214,193352,35878
1791426555223139638,193368,35880
1791426555244083507,193392,35883
1791426555265572424,193408,35884
1791426555286695584,193432,35886
1791426555307964975,193448,35887
1791426555328512327,193472,35888
1791426555350104964,193488,35889
1791426555370913162,193512,35892
1791426555393310529,193528,35894
1791426555414627416,193552,35897
1791426555435397857,193576,35900
1791426555456702764,193592,35901
1791426555477866898,193608,35903
1791426555499459869,193632,35909
1791426555520506897,193648,35912
1791426555541707402,193672,35917
1791426555563301544,193688,35920
1791426555587453776,193712,35925
1791426555608340256,193728,35928
1791426555629582872,193752,35932
1791426555650967126,193768,35934
1791426555671661757,193792,35938
1791426555692801303,193808,35941
1791426555714450409,193832,35944
1791426555735253312,193848,35946
1791426555756448694,193872,35950
1791426555777713559,193888,35952
1791426555799026928,193912,35954
1791426555819824335,193928,35956
1791426555841179808,193952,35957
1791426555862908059,193968,35958
1791426555883599514,193992,35960
1791426555906045107,194008,35961
1791426555927263518,194032,35963
1791426555948259158,194048,35964
1791426555970334601,194072,35966
1791426555991237848,194088,35967
1791426556012226008,194112,35969
1791426556033791521,194128,35971
1791426556054925488,194152,35975
1791426556076034761,194168,35977
1791426556096982138,194192,35980
1791426556118620645,194208,35983
1791426556139387344,194232,35986
1791426556163497966,194248,35990
1791426556184416466,194272,35994
1791426556289274901,194288,35997
1791426556310781337,194312,36002
1791426556331595695,194328,36004
1791426556352825198,194352,36008
1791426556374515542,194368,36011
1791426556395231836,194392,36015
1791426556416310324,194408,36018
1791426556437481049,194432,36022
1791426556458950258,194448,36025
1791426556479853184,194472,36029
1791426556501081597,194488,36031
1791426556522783594,194512,36034
1791426556543531246,194528,36037
1791426556564757447,194552,36039
1791426556586636636,194568,36041
1791426556607487269,194592,36044
1791426556628306033,194608,36046
1791426556649977099,194632,36050
1791426556671189095,194648,36053
1791426556691985325,194672,36057
1791426556716609203,194696,36061
1791426556736310183,194712,36063
1791426556757683196,194728,36065
1791426556779394835,194752,36070
1791426556800037158,194768,36073
1791426556820938332,194792,36077
1791426556842721821,194808,36079
1791426556863514121,194832,36083
1791426556884633921,194848,36085
1791426556905734756,194872,36088
1791426556927369850,194888,36089
1791426556948590388,194912,36092
1791426556977519794,194928,36093
1791426557003509011,194952,36096
1791426557038131839,194984,36099
1791426557047949841,194992,36099
1791426557069171669,195008,36101
1791426557091042301,195032,36104
1791426557111727636,195048,36106
1791426557133031011,195072,36108
1791426557154907372,195088,36110
1791426557175690595,195112,36112
1791426557196885179,195128,36113
1791426557240046284,195152,36115
1791426557267173412,195176,36116
1791426557294648828,195192,36116
1791426557311875893,195208,36116
1791426557334466828,195232,36117
1791426557355172304,195248,36117
1791426557375930391,195272,36118
1791426557397158398,195288,36118
1791426557418358070,195312,36118
1791426557439259783,195328,36118
1791426557459876001,195352,36117
1791426557481167668,195368,36117
1791426557503050233,195392,36117
1791426557523345707,195408,36117
1791426557544332770,195432,36116
1791426557565670444,195448,36115
1791426557586761768,195472,36114
1791426557607597058,195488,36113
1791426557628698151,195512,36112
1791426557650148409,195528,36112
1791426557671279861,195552,36112
1791426557692411432,195568,36113
1791426557713749188,195592,36113
1791426557734967660,195608,36114
1791426557755903316,195632,36114
1791426557777332236,195648,36114
1791426557799214414,195672,36115
1791426557819891807,195688,36115
1791426557841237194,195712,36116
1791426557863244954,195728,36115
1791426557890168782,195752,36115
1791426557913190061,195776,36115
1791426557934831312,195792,36115
1791426557966816583,195816,36116
1791426558002819753,195832,36116
1791426558023165499,195848,36116
1791426558043961629,195872,36116
1791426558070622977,195888,36115
1791426558091509464,195912,36113
1791426558112489398,195928,36112
1791426558133960244,195952,36111
1791426558155230132,195968,36111
1791426558176117847,195992,36111
1791426558197206111,196008,36109
1791426558219053417,196032,36108
1791426558239779476,196048,36108
1791426558261262001,196072,36107
1791426558282816439,196088,36106
1791426558303470134,196112,36106
1791426558324629860,196128,36106
1791426558346101651,196152,36106
1791426558367283545,196168,36106
1791426558388334250,196192,36107
1791426558409840793,196208,36107
1791426558431100846,196232,36107
1791426558452183369,196248,36106
1791426558473626262,196272,36105
1791426558494713105,196288,36105
1791426558515270495,196312,36104
1791426558536373374,196328,36104
1791426558557482775,196352,36104
1791426558579139814,196368,36104
1791426558599842782,196392,36104
1791426558621168191,196408,36105
1791426558642726412,196432,36105
1791426558663351516,196448,36105
1791426558684309325,196472,36106
1791426558705904259,196488,36107
1791426558727272996,196512,36109
1791426558748081340,196528,36110
1791426558769676611,196552,36111
1791426558790773054,196568,36112
1791426558811602987,196592,36114
1791426558832901854,196608,36114
1791426558854266105,196632,36115
1791426558875222005,196648,36115
1791426558899346163,196672,36115
1791426558920471699,196688,36115
1791426558941756077,196712,36115
1791426558963542518,196736,36115
1791426558983397953,196752,36115
1791426559004256685,196768,36115
1791426559025815839,196792,36116
1791426559046760253,196808,36116
1791426559067382839,196832,36116
1791426559088365133,196848,36116
1791426559109855548,196872,36117
1791426559130956744,196896,36119
1791426559152241550,196912,36121
1791426559173035465,196928,36122
1791426559194176404,196952,36123
1791426559215131182,196968,36124
1791426559238801444,196992,36125
1791426559257594773,197016,36124
1791426559279005694,197032,36124
1791426559299515562,197048,36123
1791426559320655724,197072,36122
1791426559341642948,197088,36121
1791426559363099657,197112,36120
1791426559383782295,197128,36118
1791426559405114496,197152,36116
1791426559427121632,197168,36115
1791426559449558256,197192,36113
1791426559472023510,197208,36111
1791426559491681638,197232,36109
1791426559512613467,197248,36106
1791426559534028945,197272,36101
1791426559555130203,197288,36098
1791426559577196067,197312,36093
1791426559597214904,197328,36090
1791426559618766556,197352,36086
1791426559639888119,197376,36083
1791426559660760241,197392,36082
1791426559682304523,197408,36080
1791426559703026533,197432,36079
1791426559724082214,197448,36078
1791426559745388131,197472,36076
1791426559767002667,197488,36075
1791426559787851926,197512,36075
1791426559808996375,197528,36074
1791426559829990578,197552,36073
1791426559851280303,197568,36072
1791426559872276766,197592,36072
1791426559898644513,197616,36072
1791426559918709340,197632,36073
1791426559942660239,197648,36074
1791426559970846052,197672,36076
1791426559998938961,197696,36078
1791426560019371515,197712,36079
1791426560043147788,197728,36080
1791426560064136797,197752,36080
1791426560085280861,197768,36080
1791426560106788463,197792,36081
1791426560127741832,197808,36081
1791426560148747869,197832,36081
1791426560172118128,197848,36081
1791426560192938510,197872,36081
1791426560215800360,197888,36081
1791426560238277421,197912,36081
1791426560259318725,197928,36081
1791426560280166731,197952,36081
1791426560301218797,197968,36082
1791426560322779145,197992,36082
1791426560343924923,198008,36081
1791426560365001544,198032,36079
1791426560386880680,198048,36078
1791426560407409672,198072,36077
1791426560428520129,198088,36076
1791426560450096986,198112,36076
1791426560471297243,198128,36073
1791426560491806438,198152,36070
1791426560513276670,198168,36067
1791426560535290336,198192,36064
1791426560556218686,198208,36062
1791426560577452879,198232,36058
1791426560598883403,198256,36055
1791426560619640297,198272,36053
1791426560641126199,198288,36050
1791426560662412804,198312,36047
1791426560683240963,198328,36045
1791426560704213246,198352,36042
1791426560725670730,198368,36039
1791426560746797553,198392,36033
1791426560767556759,198408,36029
1791426560790893239,198432,36024
1791426560811573998,198448,36021
1791426560832709586,198472,36016
1791426560854570764,198488,36014
1791426560875249686,198512,36010
1791426560896221826,198528,36007
1791426560917588212,198552,36004
1791426560939087815,198568,36003
1791426560960183409,198592,36001
1791426560981257436,198608,35999
1791426561002639733,198632,35997
1791426561023381216,198648,35995
1791426561044284744,198672,35993
1791426561065784490,198688,35991
1791426561087255592,198712,35989
1791426561108625417,198728,35988
1791426561130651096,198752,35987
1791426561151402794,198768,35987
1791426561172700784,198792,35987
1791426561193791962,198808,35988
1791426561215094227,198832,35988
1791426561235930847,198848,35988
1791426561257534040,198872,35988
1791426561278825330,198888,35988
1791426561299623377,198912,35988
1791426561320880176,198928,35988
1791426561342754700,198952,35988
1791426561363322071,198968,35988
1791426561384331719,198992,35990
1791426561417315535,199008,35992
1791426561443093594,199032,35995
1791426561463639518,199048,35997
1791426561486337626,199072,36000
1791426561507340461,199088,36002
1791426561528061144,199112,36005
1791426561549391070,199128,36006
1791426561571066614,199152,36007
1791426561591459307,199168,36008
1791426561612625449,199192,36010
1791426561634095167,199208,36011
1791426561655047376,199232,36012
1791426561676083454,199248,36013
1791426561697396957,199272,36014
1791426561718746695,199288,36014
1791426561739748373,199312,36015
1791426561760625327,199328,36015
1791426561781936283,199352,36016
1791426561803161513,199368,36015
1791426561823954152,199392,36013
1791426561845036801,199408,36012
1791426561866430042,199432,36010
1791426561887327541,199448,36009
1791426561908341126,199472,36008
1791426561929317945,199488,36008
1791426561950690077,199512,36006
1791426561971127261,199528,36005
1791426561992112412,199552,36005
1791426562013506311,199568,36004
1791426562035003890,199592,36003
1791426562055899560,199608,36003
1791426562076763454,199632,36005
1791426562098156393,199648,36006
1791426562119171396,199672,36007
1791426562140209524,199688,36008
1791426562161720723,199712,36010
1791426562182880284,199728,36011
1791426562203931034,199752,36010
1791426562225040956,199768,36010
1791426562246805222,199792,36009
1791426562267590282,199808,36009
1791426562288780745,199832,36008
1791426562310210328,199848,36008
1791426562331111037,199872,36007
1791426562352026133,199888,36006
1791426562373459590,199912,36004
1791426562394787369,199928,36003
1791426562415774308,199952,36002
1791426562436866869,199968,36001
1791426562459111091,199992,36001
1791426562481117986,200008,36000
1791426562502616179,200032,36000
1791426562523409864,200048,36000
1791426562544563803,200072,35999
1791426562566189021,200088,36000
1791426562587189550,200112,36000
1791426562608056129,200128,36000
1791426562629397077,200152,36001
1791426562650934688,200176,36002
1791426562671515792,200192,36003
1791426562692491649,200208,36004
1791426562713796541,200232,36006
1791426562734997275,200256,36007
1791426562755917376,200272,36008
1791426562777511184,200296,36010
1791426562797815043,200312,36011
1791426562818945721,200328,36012
1791426562839971838,200352,36014
1791426562861160260,200376,36016
1791426562882671734,200392,36017
1791426562903518681,200408,36019
1791426562924942871,200432,36021
1791426562946376340,200456,36024
1791426562967393287,200472,36026
1791426562987954687,200488,36028
1791426563009610524,200512,36033
1791426563030732143,200528,36036
1791426563051358268,200552,36041
1791426563072414089,200568,36044
1791426563093695016,200592,36048
1791426563114778220,200608,36052
1791426563135741670,200632,36054
1791426563158879881,200648,36055
1791426563179659867,200672,36057
1791426563201177899,200696,36058
1791426563222528956,200712,36059
1791426563243271727,200728,36060
1791426563264143210,200752,36061
1791426563285805672,200776,36061
1791426563308814540,200792,36062
1791426563328029817,200816,36062
1791426563349029786,200832,36062
1791426563370189953,200848,36062
1791426563391207558,200872,36062
1791426563412021155,200888,36060
1791426563433124137,200912,36058
1791426563454875255,200936,36055
1791426563475420018,200952,36054
1791426563496377549,200968,36052
1791426563517738003,200992,36050
1791426563539266370,201008,36048
1791426563560699743,201032,36044
1791426563582103413,201056,36041
1791426563604574322,201072,36039
1791426563625821887,201088,36038
1791426563648060325,201112,36035
1791426563668189757,201128,36034
1791426563693807970,201152,36032
1791426563715253353,201168,36030
1791426563736304074,201192,36029
1791426563757665693,201208,36028
1791426563780753939,201232,36027
1791426563802684457,201256,36026
1791426563823263235,201272,36025
1791426563844119331,201288,36025
1791426563865282296,201312,36026
1791426563886861020,201328,36026
1791426563907779688,201352,36027
1791426563928794871,201368,36028
1791426563950147793,201392,36029
1791426563971165141,201408,36029
1791426563992091681,201432,36030
1791426564013484771,201448,36031
1791426564034866984,201472,36032
1791426564055628991,201488,36033
1791426564076551243,201512,36037
1791426564098071532,201528,36040
1791426564119259961,201552,36043
1791426564140595657,201568,36046
1791426564162263156,201592,36049
1791426564183207137,201616,36052
1791426564204042765,201632,36053
1791426564224993663,201648,36054
1791426564248487425,201672,36056
1791426564270394034,201696,36057
1791426564291278952,201712,36058
1791426564311749892,201728,36059
1791426564332840927,201752,36059
1791426564355147406,201768,36060
1791426564375741804,201792,36061
1791426564397065492,201808,36062
1791426564418516693,201832,36063
1791426564439770167,201856,36064
1791426564460552745,201872,36066
1791426564483252613,201888,36067
1791426564504869914,201912,36070
1791426564526160079,201936,36072
1791426564548956942,201952,36074
1791426564570439481,201976,36076
1791426564591475385,201992,36077
1791426564612270549,202016,36078
1791426564633869124,202032,36078
1791426564655692359,202056,36079
1791426564676160129,202072,36079
1791426564697298157,202088,36079
1791426564718848882,202112,36080
1791426564739478784,202128,36079
1791426564760414029,202152,36079
1791426564781697068,202168,36079
1791426564803197088,202192,36079
1791426564824303056,202208,36079
1791426564845869829,202232,36079
1791426564867144685,202256,36077
1791426564887921032,202272,36076
1791426564909095358,202288,36076
1791426564930620211,202312,36075
1791426564951243999,202328,36074
1791426564972361794,202352,36073
1791426564993807191,202368,36074
1791426565015028381,202392,36075
1791426565035824412,202408,36075
1791426565057226708,202432,36075
1791426565079022112,202448,36075
1791426565099556064,202472,36075
1791426565120766800,202496,36076
1791426565142140511,202512,36076
1791426565163193863,202528,36076
1791426565184131175,202552,36075
1791426565205293485,202568,36075
1791426565227064277,202592,36075
1791426565247640422,202608,36075
1791426565268554931,202632,36077
1791426565290991095,202656,36079
1791426565311937144,202672,36080
1791426565334710541,202696,36083
1791426565354243464,202712,36084
1791426565374934788,202728,36085
1791426565395693085,202752,36088
1791426565416756347,202768,36089
1791426563143390068,202792,36091
1791426563164304156,202808,36093
1791426563185528341,202832,36095
1791426563207012743,202848,36097
1791426563227969791,202872,36099
1791426563248872993,202888,36099
1791426563270141135,202912,36100
1791426563291431139,202928,36100
1791426563312382196,202952,36102
1791426563333415613,202968,36103
1791426563354617796,202992,36106
1791426563375669165,203008,36108
1791426563396482178,203032,36110
1791426563417721839,203048,36112
1791426563439252136,203072,36115
1791426563459988619,203088,36116
1791426563480992808,203112,36119
1791426563502000735,203128,36121
1791426563523492740,203152,36123
1791426563544240359,203168,36124
1791426563565073694,203192,36126
1791426563586253208,203208,36127
1791426563607519548,203232,36128
1791426563628284048,203248,36127
1791426563649480020,203272,36126
1791426563670939839,203288,36126
1791426563692120750,203312,36125
1791426563713029281,203328,36125
1791426563734505190,203352,36124
1791426563755761279,203368,36123
1791426563776625201,203392,36120
1791426563797827337,203408,36118
1791426563819333624,203432,36116
1791426563840235225,203448,36114
1791426563861564931,203472,36112
1791426563882868894,203488,36111
1791426563903883976,203512,36110
1791426563925098011,203536,36109
1791426563946281440,203552,36108
1791426563967512386,203568,36108
1791426563989554489,203592,36107
1791426564010612509,203608,36106
1791426564031765001,203632,36105
1791426564052419088,203648,36104
1791426564073624525,203672,36103
1791426564095449304,203688,36101
1791426564116289486,203712,36100
1791426564136960440,203728,36100
1791426564158222031,203752,36099
1791426564179587524,203768,36098
1791426564200437696,203792,36098
1791426564221450014,203808,36098
1791426564242699987,203832,36097
1791426564263874150,203848,36097
1791426564284979176,203872,36096
1791426564305946283,203888,36094
1791426564327488813,203912,36092
1791426564348306950,203928,36091
1791426564369391230,203952,36089
1791426564390757828,203968,36088
1791426564411782508,203992,36086
1791426564432442617,204008,36085
1791426564453442404,204032,36084
1791426564474774665,204048,36083
1791426564496081333,204072,36082
1791426564516812443,204088,36081
1791426564538061885,204112,36081
1791426564559490202,204128,36080
1791426564580250276,204152,36078
1791426564601198207,204168,36077
1791426564622656538,204192,36076
1791426564643839985,204208,36076
1791426564664790472,204232,36075
1791426564686246119,204248,36075
1791426564707598348,204272,36074
1791426564728554683,204288,36075
1791426564749573741,204312,36075
1791426564770968232,204328,36076
1791426564792068011,204352,36078
1791426564812795970,204368,36079
1791426564833987761,204392,36081
1791426564855647164,204408,36082
1791426564876522157,204432,36084
1791426564897717446,204448,36085
1791426564919514537,204472,36087
1791426564939962115,204488,36088
1791426564964058728,204512,36093
1791426564985438498,204528,36096
1791426565007007927,204552,36101
1791426565027827745,204568,36104
1791426565048762919,204592,36109
1791426565069845860,204608,36112
1791426565091355079,204632,36114
1791426565112175084,204648,36116
1791426565133248115,204672,36118
1791426565154792622,204688,36119
1791426565176091719,204712,36122
1791426565196883297,204728,36123
1791426565218098100,204752,36123
1791426565239534199,204768,36124
1791426565260285926,204792,36123
1791426565281248092,204808,36123
1791426565302531683,204832,36123
1791426565323538488,204848,36123
1791426565344354345,204872,36122
1791426565365660523,204888,36119
1791426565387015841,204912,36116
1791426565408061012,204928,36114
1791426565431930854,204952,36112
1791426565452970161,204968,36110
1791426565474431621,204992,36109
1791426565495465142,205008,36108
1791426565516150312,205032,36107
1791426565537017095,205048,36106
1791426565558202927,205072,36105
1791426565579561564,205088,36104
1791426565600220352,205112,36103
1791426565621155606,205128,36103
1791426565642330555,205152,36102
1791426565663699115,205168,36102
1791426565684397148,205192,36100
1791426565705460061,205208,36100
1791426565727054632,205232,36099
1791426565748174684,205248,36096
1791426565769290654,205272,36092
1791426565790531965,205288,36090
1791426565811905354,205312,36088
1791426565832922004,205328,36086
1791426565854159704,205352,36083
1791426565875967804,205376,36079
1791426565896738416,205392,36076
1791426565918218442,205408,36073
1791426565940322114,205432,36068
1791426565962125628,205448,36065
1791426565983180743,205472,36061
1791426566004212277,205488,36057
1791426566025077148,205512,36051
1791426566046724418,205528,36047
1791426566067664673,205552,36041
1791426566088718324,205568,36038
1791426566109812004,205592,36032
1791426566130959223,205608,36029
1791426566152048025,205632,36024
1791426566173681795,205648,36021
1791426566195408801,205672,36016
1791426566215964256,205688,36014
1791426566236883942,205712,36011
1791426566257892860,205728,36008
1791426566279770608,205752,36004
1791426566300510279,205768,36002
1791426566321706882,205792,35998
1791426566343422310,205808,35997
1791426566364271439,205832,35994
1791426566385480757,205848,35993
1791426566406778808,205872,35991
1791426566427867990,205888,35990
1791426566448805890,205912,35989
1791426566470149288,205928,35989
1791426566491418250,205952,35989
1791426566512043787,205968,35989
1791426566533089020,205992,35988
1791426566554702558,206008,35987
1791426566575909482,206032,35986
1791426566596817498,206048,35985
1791426566618024983,206072,35985
1791426566639768166,206096,35985
1791426566660208113,206112,35986
1791426566681289250,206128,35985
1791426566702921174,206152,35985
1791426566723898637,206168,35985
1791426566744869200,206192,35986
1791426566766089532,206208,35987
1791426566787564536,206232,35987
1791426566808377525,206248,35986
1791426566829568625,206272,35984
1791426566851421304,206288,35983
1791426566872146259,206312,35982
1791426566893280332,206328,35982
1791426566914711078,206352,35981
1791426566935942012,206368,35980
1791426566957054058,206392,35978
1791426566978466572,206408,35976
1791426566999856617,206432,35974
1791426567020800205,206448,35972
1791426567042145634,206472,35971
1791426567063327036,206496,35970
1791426567084052075,206512,35968
1791426567105355845,206528,35967
1791426567126239504,206552,35966
1791426567147787226,206568,35965
1791426567168791059,206592,35964
1791426567189841477,206608,35964
1791426567211662007,206632,35962
1791426567232146103,206648,35960
1791426567253187504,206672,35957
1791426567274285344,206688,35956
1791426567295609645,206712,35954
1791426567316364737,206728,35952
1791426567337421073,206752,35949
1791426567359086571,206768,35948
1791426567380068887,206792,35945
1791426567401066186,206808,35944
1791426567422176422,206832,35942
1791426567443623567,206848,35940
1791426567464536997,206872,35937
1791426567485581406,206888,35935
1791426567506799563,206912,35933
1791426567527808086,206928,35931
1791426567548738638,206952,35928
1791426567569987903,206968,35927
1791426567591612830,206992,35925
1791426567612523129,207008,35922
1791426567633444531,207032,35919
1791426567654916744,207048,35917
1791426567676077081,207072,35915
1791426567697227380,207088,35914
1791426567718668309,207112,35912
1791426567739757950,207128,35911
1791426567760605965,207152,35910
1791426567781932058,207168,35909
1791426567803566564,207192,35908
1791426567824303488,207208,35908
1791426567845424725,207232,35908
1791426567867265464,207248,35907
1791426567888045005,207272,35905
1791426567909078278,207288,35904
1791426567930650539,207312,35904
1791426567951862944,207328,35903
1791426567972720297,207352,35904
1791426567993904365,207368,35904
1791426568015529397,207392,35906
1791426568035982503,207408,35907
1791426568056916566,207432,35909
1791426568078000529,207448,35910
1791426568099409051,207472,35911
1791426568120248659,207488,35912
1791426568141464141,207512,35912
1791426568162860701,207528,35912
1791426568184132854,207552,35911
1791426568204867717,207568,35911
1791426568226131163,207592,35911
1791426568247493326,207608,35911
1791426568267876858,207632,35910
1791426568288667721,207648,35909
1791426568310046598,207672,35908
1791426568331296419,207688,35907
1791426568352006445,207712,35907
1791426568372848298,207728,35907
1791426568394182565,207752,35909
1791426568415614181,207768,35910
1791426568436245984,207792,35913
1791426568457376403,207808,35915
1791426568479186463,207832,35918
1791426568500108281,207848,35920
1791426568521083848,207872,35923
1791426568542490791,207888,35923
1791426568563702983,207912,35925
1791426568584560519,207928,35926
1791426568605500279,207952,35927
1791426568626794424,207968,35929
1791426568647596085,207992,35930
1791426568668544743,208008,35930
1791426568689614232,208032,35929
1791426568710366576,208048,35928
1791426568731682870,208072,35929
1791426568752350376,208088,35929
1791426568773450332,208112,35929
1791426568795000318,208128,35928
1791426568815834173,208152,35926
1791426568836925978,208168,35925
1791426568858001087,208192,35924
1791426568879548966,208208,35923
1791426568900451367,208232,35922
1791426568921332377,208256,35923
1791426568942446127,208272,35923
1791426568963612288,208288,35924
1791426568984320520,208312,35926
1791426569005507129,208336,35928
1791426569026392103,208352,35929
1791426569047634828,208368,35931
1791426569068467987,208392,35932
1791426569089366125,208408,35934
1791426569110788755,208432,35935
1791426569131887705,208456,35937
1791426569152525646,208472,35938
1791426569173699645,208488,35939
1791426569195129000,208512,35941
1791426569216458145,208528,35942
1791426569237196307,208552,35944
1791426569258427971,208568,35944
1791426569279583885,208592,35946
1791426569302469227,208608,35948
1791426569323651929,208632,35951
1791426569348549916,208648,35953
1791426569369955073,208672,35955
1791426569391379904,208688,35957
1791426569411986167,208712,35959
1791426569433859498,208728,35961
1791426569455610546,208752,35961
1791426569476400905,208768,35962
1791426569497459126,208792,35962
1791426569519843333,208808,35963
1791426569540415585,208832,35964
1791426569561717222,208848,35964
1791426569583250323,208872,35966
1791426569603974499,208888,35968
1791426569624868286,208912,35971
1791426569646173348,208928,35973
1791426569667600629,208952,35977
1791426569688342851,208968,35979
1791426569709403173,208992,35983
1791426569730874078,209008,35985
1791426569751771096,209032,35988
1791426569772471327,209048,35991
1791426569793671597,209072,35995
1791426569814839306,209088,35997
1791426569835849595,209112,36001
1791426569856768631,209136,36003
1791426569877684801,209152,36004
1791426569899449095,209176,36006
1791426569920144299,209192,36008
1791426569940754259,209208,36009
1791426569961812194,209232,36012
1791426569983733607,209248,36012
1791426570004737753,209272,36014
1791426570026075085,209288,36015
1791426570047791060,209312,36016
1791426570068467101,209328,36017
1791426570090606902,209352,36019
1791426570111861148,209368,36019
1791426570132739551,209392,36019
1791426570155034357,209416,36019
1791426570175710906,209432,36019
1791426570196360207,209448,36019
1791426570218240002,209472,36019
1791426570239364106,209488,36020
1791426570260090284,209512,36021
1791426570281060460,209528,36021
1791426570302496850,209552,36022
1791426570323620683,209568,36022
1791426570344640821,209592,36023
1791426570366075160,209608,36023
1791426570387354374,209632,36025
1791426570408147406,209648,36027
1791426570429240004,209672,36030
1791426570450678376,209696,36032
1791426570472067999,209712,36034
1791426570492778288,209728,36036
1791426570514068395,209752,36039
1791426570535383121,209768,36041
1791426570555983720,209792,36044
1791426570577120718,209808,36046
1791426570598239484,209832,36048
1791426570619600339,209848,36049
1791426570640628260,209872,36050
1791426570661840934,209896,36049
1791426570683114786,209912,36049
1791426570704069687,209928,36049
1791426570724888791,209952,36049
1791426570746283544,209968,36049
1791426570767663705,209992,36048
1791426570788646751,210008,36048
1791426570809695595,210032,36047
1791426570831817449,210056,36046
1791426570852173167,210072,36046
1791426570873314716,210088,36045
1791426570894550979,210112,36045
1791426570915690437,210128,36045
1791426570936623335,210152,36044
1791426570957759545,210168,36044
1791426570979163001,210192,36044
1791426570999795228,210208,36044
1791426571020815317,210232,36043
1791426571041844524,210248,36041
1791426571063185468,210272,36038
1791426571083983754,210288,36037
1791426571105013398,210312,36036
1791426571126180897,210328,36035
1791426571147538489,210352,36035
1791426571168397526,210368,36035
1791426571189364203,210392,36035
1791426571211025987,210408,36035
1791426571232128095,210432,36035
1791426571253029138,210448,36036
1791426571274002298,210472,36036
1791426571295274016,210488,36036
1791426571316145770,210512,36037
1791426571337236806,210528,36037
1791426571358690692,210552,36038
1791426571379786676,210568,36038
1791426571400626074,210592,36039
1791426571421915641,210608,36040
1791426571443463098,210632,36041
1791426571468645235,210648,36042
1791426571489745982,210672,36044
1791426571511314884,210688,36045
1791426571532249856,210712,36047
1791426571553600483,210728,36048
1791426571575115309,210752,36050
1791426571596453442,210768,36052
1791426571617194789,210792,36056
1791426571638709487,210808,36058
1791426571659999466,210832,36061
1791426571680851223,210848,36063
1791426571702337934,210872,36067
1791426571723583265,210888,36068
1791426571744450839,210912,36070
1791426571765446701,210928,36071
1791426571786932754,210952,36073
1791426571807893603,210968,36074
1791426571829660804,210992,36076
1791426571849770980,211008,36077
1791426571871425650,211032,36079
1791426571892007270,211048,36080
1791426571912856059,211072,36081
1791426571934128716,211088,36082
1791426571955460341,211112,36084
1791426571976220879,211128,36086
1791426571997108855,211152,36089
1791426572018270764,211168,36091
1791426572039376145,211192,36094
1791426572060343794,211208,36096
1791426572081297259,211232,36098
1791426572102365554,211248,36101
1791426572123511235,211272,36104
1791426572144286211,211288,36107
1791426572165262268,211312,36111
1791426572186237416,211328,36113
1791426572207525382,211352,36117
1791426572228354652,211368,36120
1791426572249482914,211392,36123
1791426572270804314,211408,36126
1791426572292023319,211432,36129
1791426572313214429,211448,36132
1791426572334933198,211472,36134
1791426572355707660,211488,36136
1791426572376505095,211512,36139
1791426572397478811,211528,36141
1791426572418558764,211552,36144
1791426572439735230,211568,36146
1791426572460582507,211592,36148
1791426572481801831,211608,36149
1791426572503378515,211632,36154
1791426572524143475,211648,36156
1791426572545215729,211672,36159
1791426572566764967,211688,36161
1791426572587771348,211712,36163
1791426572608590883,211728,36164
1791426572629941947,211752,36167
1791426572651330698,211768,36170
1791426572672195036,211792,36173
1791426572693138144,211808,36176
1791426572714688391,211832,36179
1791426572736058087,211848,36181
1791426572757074276,211872,36184
1791426572778398382,211888,36187
1791426572799773022,211912,36191
1791426572820791258,211928,36194
1791426572843708499,211952,36197
1791426572864466980,211968,36199
1791426572885656114,211992,36202
1791426572907645515,212008,36204
1791426572928122099,212032,36206
1791426572949080814,212048,36208
1791426572970627650,212072,36209
1791426572991806229,212088,36210
1791426573012648155,212112,36211
1791426573033838527,212128,36213
1791426573055555515,212152,36215
1791426573076154518,212168,36215
1791426573097280364,212192,36216
1791426573118561882,212208,36217
1791426573139712760,212232,36218
1791426573160476886,212248,36220
1791426573181562109,212272,36222
1791426573202875908,212288,36223
1791426573223933196,212312,36224
1791426573244803670,212328,36225
1791426573265944594,212352,36226
1791426573287978848,212376,36227
1791426573308448077,212392,36227
1791426573329685203,212408,36227
1791426573351598974,212432,36227
1791426573372286154,212448,36227
1791426573393410750,212472,36226
1791426573415513645,212488,36226
1791426573436194034,212512,36227
1791426573457120900,212528,36229
1791426573478622837,212552,36230
1791426573501145658,212568,36231
1791426573520843469,212592,36232
1791426573541658889,212608,36233
1791426573563292048,212632,36239
1791426573584396032,212648,36243
1791426573604958498,212672,36250
1791426573626184850,212688,36254
1791426573647788767,212712,36259
1791426573668410464,212728,36263
1791426573689531344,212752,36270
1791426573711066003,212768,36274
1791426573732046591,212792,36281
1791426573752873594,212808,36285
1791426573774262696,212832,36291
1791426573795548706,212848,36294
1791426573816327422,212872,36298
1791426573837293221,212888,36302
1791426573858573209,212912,36306
1791426573879778363,212928,36308
1791426573900883247,212952,36310
1791426573922557539,212968,36312
1791426573943689294,212992,36314
1791426573964461418,213008,36317
1791426573985622690,213032,36321
1791426574007387364,213048,36323
1791426574028322142,213072,36325
1791426574049171096,213088,36327
1791426574070774833,213112,36328
1791426574091653428,213128,36329
1791426574112567397,213152,36331
1791426574133769465,213176,36332
1791426574155225177,213192,36332
1791426574176047961,213208,36332
1791426574197016058,213232,36333
1791426574218357371,213248,36335
1791426574239889769,213272,36338
1791426574260780434,213288,36339
1791426574282440837,213312,36340
1791426574303702528,213328,36341
1791426574324471038,213352,36342
1791426574345943424,213368,36343
1791426574367782320,213392,36347
1791426574388586166,213408,36349
1791426574409622021,213432,36352
1791426574430988104,213448,36354
1791426574452093978,213472,36355
1791426574473348219,213488,36356
1791426574494350958,213512,36360
1791426574515831381,213528,36363
1791426574536618674,213552,36366
1791426574558311521,213568,36368
1791426574579700443,213592,36370
1791426574600351013,213608,36371
1791426574621369623,213632,36373
1791426574642936611,213648,36374
1791426574663974043,213672,36375
1791426574685111847,213688,36376
1791426574706556255,213712,36376
1791426574727833393,213728,36376
1791426574748882146,213752,36377
1791426574770185047,213768,36377
1791426574791722140,213792,36377
1791426574812408906,213808,36376
1791426574833634988,213832,36375
1791426574855181266,213848,36374
1791426574875984721,213872,36374
1791426574897105717,213888,36375
1791426574918612873,213912,36376
1791426574940025400,213928,36376
1791426574961088631,213952,36376
1791426574982295821,213968,36376
1791426575003831531,213992,36376
1791426575027460722,214016,36375
1791426575046614916,214032,36375
1791426575067765329,214048,36374
1791426575088499842,214072,36372
1791426575111652354,214096,36371
1791426575131272348,214112,36370
1791426575152359690,214136,36369
1791426575173355782,214152,36368
1791426575195164088,214176,36367
1791426575215975278,214192,36366
1791426575236827695,214208,36364
1791426575258417315,214232,36362
1791426575279634621,214248,36362
1791426575300475898,214272,36362
1791426575321662719,214288,36361
1791426575342910141,214312,36360
1791426575364060014,214328,36359
1791426575385408992,214352,36357
1791426575406561467,214368,36357
1791426575427917712,214392,36358
1791426575448892582,214408,36359
1791426575469997232,214432,36359
1791426575491546825,214448,36360
1791426575512536840,214472,36360
1791426575533674126,214488,36360
1791426575554629593,214512,36361
1791426575575764032,214528,36361
1791426575596542475,214552,36361
1791426575617658075,214568,36361
1791426575639109106,214592,36360
1791426575660309838,214608,36360
1791426575681086194,214632,36362
1791426575702879624,214656,36363
1791426575724111705,214672,36364
1791426575744933796,214688,36365
1791426575766662845,214712,36366
1791426575787579130,214728,36367
1791426575808831309,214752,36370
1791426575830083298,214768,36373
1791426575851619961,214792,36376
1791426575872320846,214808,36378
1791426575893446056,214832,36380
1791426575914932324,214848,36381
1791426575935850329,214872,36383
1791426575956621208,214888,36386
1791426575978000942,214912,36389
1791426575999554609,214928,36390
1791426576020310774,214952,36391
1791426576041367590,214968,36392
1791426576062964208,214992,36394
1791426576084053502,215008,36395
1791426576105199419,215032,36396
1791426576126006194,215048,36397
1791426576147604549,215072,36398
1791426576168334064,215088,36398
1791426576189440051,215112,36398
1791426576211189191,215128,36400
1791426576231998393,215152,36401
1791426576252969067,215168,36401
1791426576274467024,215192,36401
1791426576295897630,215208,36400
1791426576316652610,215232,36399
1791426576337723628,215248,36399
1791426576359464469,215272,36398
1791426576380695732,215288,36397
1791426576401804554,215312,36395
1791426576423388098,215328,36394
1791426576444258087,215352,36391
1791426576465416354,215368,36390
1791426576486662912,215392,36388
1791426576507820043,215408,36387
1791426576528623758,215432,36385
1791426576549911614,215448,36384
1791426576571435608,215472,36381
1791426576592035896,215488,36379
1791426576613138904,215512,36376
1791426576634098705,215528,36374
1791426576655651285,215552,36370
1791426576676391170,215568,36367
1791426576697439111,215592,36363
1791426576719310964,215608,36360
1791426576750847864,215632,36359
1791426576779535084,215648,36358
1791426576803726925,215672,36357
1791426576824155892,215688,36355
1791426576852379763,215712,36354
1791426576873229240,215736,36351
1791426576894455655,215752,36352
1791426576916131714,215776,36353
1791426576936987808,215792,36353
1791426576958270859,215816,36353
1791426576979630533,215832,36354
1791426577000279972,215848,36354
1791426577021436105,215872,36355
1791426577042579158,215888,36357
1791426577063846379,215912,36358
1791426577085120132,215928,36358
1791426577106009437,215952,36358
1791426577127785229,215968,36358
1791426577148537721,215992,36358
1791426577169363443,216008,36359
1791426577190606387,216032,36360
1791426577211882319,216048,36361
1791426577233622030,216072,36362
1791426577254626395,216096,36363
1791426577275612503,216112,36363
1791426577296923570,216136,36365
1791426577318126243,216152,36366
1791426577339857963,216176,36368
1791426577360832905,216192,36368
1791426577382753263,216208,36369
1791426577404578897,216232,36370
1791426577425191082,216248,36373
1791426577446901324,216272,36378
1791426577467587748,216288,36381
1791426577490508637,216312,36384
1791426577512441575,216328,36386
1791426577533408019,216352,36388
1791426577554963061,216368,36390
1791426577576142655,216392,36392
1791426577596934860,216408,36393
1791426577618094345,216432,36394
1791426577639612629,216448,36394
1791426577660517762,216472,36394
1791426577681296761,216488,36393
1791426577702528251,216512,36397
1791426577723910316,216528,36399
1791426577744831776,216552,36402
1791426577766168117,216568,36403
1791426577787714199,216592,36404
1791426577808458024,216608,36405
1791426577829635349,216632,36411
1791426577850861972,216648,36414
1791426577872345486,216672,36418
1791426577894494891,216696,36422
1791426577916165592,216712,36423
1791426577936249206,216728,36425
1791426577957411338,216752,36429
1791426577978863473,216768,36431
1791426578001484539,216792,36434
1791426578023137187,216808,36435
1791426578043876106,216832,36437
1791426578064882668,216848,36437
1791426578085874039,216872,36438
1791426578107272975,216888,36439
1791426578128008628,216912,36439
1791426578148931917,216928,36439
1791426578169854152,216952,36440
1791426578191712955,216976,36439
1791426578212026599,216992,36439
1791426578232907330,217008,36440
1791426578255945331,217032,36440
1791426578276085415,217048,36440
1791426578297469156,217072,36440
1791426578318654928,217096,36439
1791426578339718377,217112,36438
1791426578360530188,217128,36441
1791426578381619878,217152,36444
1791426578403176147,217168,36446
1791426578424231198,217192,36448
1791426578445463142,217208,36449
1791426578467194236,217232,36450
1791426578488201586,217248,36452
1791426578511870995,217272,36455
1791426578532803368,217288,36456
1791426578554176478,217312,36457
1791426578575919490,217328,36458
1791426578596508703,217352,36458
1791426578618057892,217368,36458
1791426578641841715,217392,36460
1791426578663673500,217408,36460
1791426578684311042,217432,36461
1791426578707791828,217456,36462
1791426578733407658,217480,36463
1791426578748303213,217488,36463
1791426578769185300,217512,36464
1791426578790840103,217528,36464
1791426578812150093,217552,36464
1791426578833051686,217568,36464
1791426578854669646,217592,36463
1791426578875910917,217608,36461
1791426578896585501,217632,36460
1791426578917858777,217648,36459
1791426578939627345,217672,36457
1791426578960434448,217688,36455
1791426578981060743,217712,36452
1791426579002515117,217728,36450
1791426579023838956,217752,36449
1791426579044755428,217768,36448
1791426579066255575,217792,36445
1791426579087754128,217808,36444
1791426579108309623,217832,36442
1791426579129830664,217848,36439
1791426579151167520,217872,36437
1791426579172095790,217888,36436
1791426579193086750,217912,36433
1791426579214681697,217928,36432
1791426579235934706,217952,36428
1791426579256876217,217968,36426
1791426579278401887,217992,36422
1791426579299783423,218008,36420
1791426579320555488,218032,36418
1791426579341620539,218048,36416
1791426579363210559,218072,36413
1791426579384287750,218088,36411
1791426579410385238,218112,36408
1791426579432359710,218136,36407
1791426579453001359,218152,36406
1791426579474247738,218168,36405
1791426579495679716,218192,36403
1791426579516255559,218208,36401
1791426579537347699,218232,36398
1791426579558970909,218248,36397
1791426579579903186,218272,36395
1791426579615821369,218288,36394
1791426579644187388,218312,36391
1791426579671587440,218336,36389
1791426579692345504,218352,36387
1791426579713729701,218376,36384
1791426579735429455,218392,36382
1791426579756309361,218416,36378
1791426579777591436,218432,36376
1791426579799995439,218456,36372
1791426579821178789,218472,36370
1791426579842663642,218488,36367
1791426579863736133,218512,36365
1791426579884508277,218528,36364
1791426579905814278,218552,36362
1791426579927340081,218568,36360
1791426579948123429,218592,36358
1791426579969144812,218608,36356
1791426579991273480,218632,36353
1791426580012110552,218648,36351
1791426580033248590,218672,36348
1791426580054432568,218688,36346
1791426580075813075,218712,36343
1791426580096701148,218728,36340
1791426580117915999,218752,36338
1791426580139260005,218768,36336
1791426580160395029,218792,36334
1791426580181469692,218808,36333
1791426580203287302,218832,36331
1791426580224022777,218848,36330
1791426580244975923,218872,36330
1791426580266444463,218888,36332
1791426580287658951,218912,36335
1791426580308460077,218928,36337
1791426580329637190,218952,36339
1791426580351499188,218968,36341
1791426580372093345,218992,36342
1791426580393310886,219008,36342
1791426580414760564,219032,36343
1791426580437187090,219048,36343
1791426580460553708,219072,36342
1791426580491599557,219088,36341
1791426580509067810,219112,36339
1791426580530762899,219128,36337
1791426580551885648,219152,36334
1791426580572735296,219168,36333
1791426580593952526,219192,36330
1791426580615655948,219208,36328
1791426580636539911,219232,36325
1791426580657390657,219248,36324
1791426580679281006,219272,36323
1791426580700290703,219288,36322
1791426580721215773,219312,36320
1791426580742711033,219328,36318
1791426580764067409,219352,36315
1791426580784870651,219368,36314
1791426580806352734,219392,36312
1791426580827835276,219408,36310
1791426580848678626,219432,36308
1791426580870279876,219448,36307
1791426580891729414,219472,36305
1791426580912543627,219488,36303
1791426580933801248,219512,36303
1791426580955707151,219528,36303
1791426580983481245,219552,36303
1791426581027450480,219576,36303
1791426581047577205,219592,36302
1791426581071353905,219616,36303
1791426581096000366,219632,36305
1791426581117016152,219648,36307
1791426581138684460,219672,36310
1791426581159872377,219688,36312
1791426581180767232,219712,36314
1791426581203494208,219728,36315
1791426581224114002,219752,36317
1791426581245205318,219768,36319
1791426581267138138,219792,36321
1791426581287972388,219808,36323
1791426581309080644,219832,36325
1791426581330781262,219848,36325
1791426581351862303,219872,36327
1791426581372916233,219888,36329
1791426581394126120,219912,36331
1791426581415712910,219928,36333
1791426581436524348,219952,36335
1791426581457801393,219968,36336
1791426581479678559,219992,36338
1791426581500394804,220008,36339
1791426581521984629,220032,36341
1791426581543007648,220048,36342
1791426581564020632,220072,36343
1791426581586427510,220088,36344
1791426581607838453,220112,36345
1791426581629621660,220128,36346
1791426581651243480,220152,36348
1791426581672337571,220176,36349
1791426581693099922,220192,36349
1791426581715291085,220208,36349
1791426581736337968,220232,36349
1791426581757078417,220248,36349
1791426581778917922,220272,36350
1791426581800127811,220288,36350
1791426581821151671,220312,36350
1791426581842352645,220328,36349
1791426581863751439,220352,36348
1791426581884542621,220368,36347
1791426581905908787,220392,36348
1791426581927624751,220408,36348
1791426581948129200,220432,36348
1791426581969153473,220448,36347
1791426581990746175,220472,36347
1791426582011954074,220488,36347
1791426582032898571,220512,36347
1791426582054400366,220528,36348
1791426582075665119,220552,36348
1791426582096430054,220568,36348
1791426582117627578,220592,36348
1791426582139130197,220608,36347
1791426582160751789,220632,36346
1791426582181570413,220648,36345
1791426582202975876,220672,36343
1791426582224515960,220688,36342
1791426582245462798,220712,36339
1791426582268258466,220736,36335
1791426582289120637,220752,36334
1791426582310729937,220768,36332
1791426582335939452,220792,36329
1791426582363639584,220808,36327
1791426582384627533,220832,36323
1791426582405948925,220848,36320
1791426582427566909,220872,36316
1791426582448575082,220896,36313
1791426582470076250,220912,36310
1791426582491028562,220928,36307
1791426582512299266,220952,36304
1791426582533805088,220968,36301
1791426582555225275,220992,36296
1791426582575873139,221008,36293
1791426582597023741,221032,36287
1791426582618626966,221048,36284
1791426582639939460,221072,36278
1791426582661124626,221088,36275
1791426582682620161,221112,36269
1791426582703863665,221128,36267
1791426582724676241,221152,36264
1791426582745844053,221168,36262
1791426582767468920,221192,36258
1791426582787949588,221208,36256
1791426582808804986,221232,36253
1791426582830123466,221248,36252
1791426582851683711,221272,36250
1791426582872378945,221288,36248
1791426582893551795,221312,36246
1791426582915184544,221328,36244
1791426582936108141,221352,36241
1791426582957206165,221368,36240
1791426582978647053,221392,36239
1791426582999752192,221408,36239
1791426583020567216,221432,36239
1791426583042052401,221456,36238
1791426583063172832,221472,36238
1791426583084116306,221488,36238
1791426583105292858,221512,36240
1791426583126665291,221528,36240
1791426583147781986,221552,36241
1791426583168669478,221568,36241
1791426583190059246,221592,36241
1791426583211657816,221608,36241
1791426583232454432,221632,36242
1791426583253972633,221648,36242
1791426583275587409,221672,36242
1791426583296415695,221688,36242
1791426583318193306,221712,36242
1791426583339650281,221728,36242
1791426583360311497,221752,36241
1791426583381568678,221768,36240
1791426583403513031,221792,36239
1791426583424154109,221808,36238
1791426583445224843,221832,36236
1791426583466999651,221848,36234
1791426583488777196,221872,36232
1791426583509044629,221888,36232
1791426583530211151,221912,36232
1791426583551783841,221928,36231
1791426583572684090,221952,36230
1791426583594021418,221968,36229
1791426583615599291,221992,36227
1791426583636407003,222008,36226
1791426583657630635,222032,36224
1791426583679265400,222048,36222
1791426583700090158,222072,36219
1791426583721297188,222088,36217
1791426583742986221,222112,36214
1791426583764134662,222128,36212
1791426583785044382,222152,36209
1791426583807526205,222168,36207
1791426583827810196,222192,36204
1791426583848509898,222208,36202
1791426583869739702,222232,36200
1791426583891447438,222248,36197
1791426583912281890,222272,36193
1791426583933469847,222288,36191
1791426583955071954,222312,36188
1791426583975987223,222328,36185
1791426583996931736,222352,36182
1791426584018410210,222368,36180
1791426584039738202,222392,36178
1791426584060596349,222408,36177
1791426584081839833,222432,36175
1791426584103581536,222448,36174
1791426584124230904,222472,36173
1791426584145339628,222488,36172
1791426584166816001,222512,36172
1791426584187875289,222528,36171
1791426584208804467,222552,36171
1791426584230890628,222576,36171
1791426584251882326,222592,36171
1791426584272694538,222608,36171
1791426584293922603,222632,36172
1791426584315532970,222648,36173
1791426584336317302,222672,36174
1791426584357195880,222688,36175
1791426584378561389,222712,36176
1791426584399858744,222728,36176
1791426584420722497,222752,36176
1791426584441859736,222768,36176
1791426584463501230,222792,36176
1791426584484097605,222808,36176
1791426584505098354,222832,36175
1791426584526278436,222848,36174
1791426584547698389,222872,36174
1791426584568280280,222888,36174
1791426584589326032,222912,36175
1791426584610848699,222928,36175
1791426584631857299,222952,36175
1791426584652810556,222968,36176
1791426584674433644,222992,36177
1791426584695713115,223008,36178
1791426584716352057,223032,36180
1791426584737216694,223056,36181
1791426584758648864,223072,36182
1791426584780074678,223096,36183
1791426584800802680,223112,36184
1791426584821881872,223136,36186
1791426584843511335,223152,36186
1791426584864082229,223168,36187
1791426584884945586,223192,36187
1791426584906394687,223208,36188
1791426584927638985,223232,36188
1791426584948476136,223256,36190
1791426584969646285,223272,36191
1791426584991234655,223288,36192
1791426585012144383,223312,36192
1791426585032926489,223328,36192
1791426585054189622,223352,36192
1791426585075545421,223376,36191
1791426585096361929,223392,36191
1791426585117248817,223408,36191
1791426585138756729,223432,36190
1791426585159750207,223448,36190
1791426585180589370,223472,36189
1791426585201914588,223488,36189
1791426585222576454,223512,36187
1791426585243916221,223528,36186
1791426585264730721,223552,36184
1791426585286191796,223568,36183
1791426585308020308,223592,36181
1791426585328992322,223608,36179
1791426585350369774,223632,36176
1791426585371746902,223648,36174
1791426585392519296,223672,36171
1791426585415886520,223696,36168
1791426585436487485,223712,36167
1791426585457587782,223728,36165
1791426585479473877,223752,36163
1791426585500177380,223768,36163
1791426585521219290,223792,36161
1791426585542364392,223808,36161
1791426585563678020,223832,36159
1791426585585044538,223856,36158
1791426585605705720,223872,36158
1791426585627130234,223888,36158
1791426585648005113,223912,36158
1791426585668987230,223928,36158
1791426585691575294,223952,36158
1791426585712244309,223968,36158
1791426585733778404,223992,36158
1791426585754541561,224008,36157
1791426585775865194,224032,36155
1791426585797280417,224056,36153
1791426585818365493,224072,36152
1791426585840094913,224088,36150
1791426585860660076,224112,36148
1791426585881511165,224128,36147
1791426585903098037,224152,36146
1791426585925642372,224176,36145
1791426585944797151,224192,36144
1791426585966226937,224208,36143
1791426585987426249,224232,36141
1791426586008052996,224248,36141
1791426586028965026,224272,36140
1791426586050388371,224288,36139
1791426586071696281,224312,36137
1791426586092450050,224328,36136
1791426586113463610,224352,36133
1791426586134633929,224368,36131
1791426586155865833,224392,36129
1791426586176526737,224408,36127
1791426586198046346,224432,36125
1791426586219735416,224448,36123
1791426586240095228,224472,36121
1791426586261056091,224488,36119
1791426586282667757,224512,36120
1791426586303826775,224528,36120
1791426586324948793,224552,36120
1791426586346191674,224568,36120
1791426586368128287,224592,36120
1791426586390046983,224608,36120
1791426586411476999,224632,36120
1791426586432274775,224648,36121
1791426586454392506,224672,36122
1791426586475141891,224696,36123
1791426586495842304,224712,36124
1791426586516788882,224728,36125
1791426586537817909,224752,36126
1791426586558889920,224768,36126
1791426586579833829,224792,36126
1791426586600745098,224816,36126
1791426586621955969,224832,36126
1791426586643497745,224848,36126
1791426586664281525,224872,36126
1791426586685291159,224888,36126
1791426586706465581,224912,36127
1791426586727926146,224928,36127
1791426586748818727,224952,36127
1791426586769915856,224968,36127
1791426586791568773,224992,36128
1791426586812377078,225008,36130
1791426586833540483,225032,36133
1791426586855107103,225048,36135
1791426586876299905,225072,36137
1791426586897394054,225088,36138
1791426586918535958,225112,36140
1791426586939738085,225128,36142
1791426586960542046,225152,36144
1791426586981801670,225168,36146
1791426587003699934,225192,36148
1791426587024138522,225208,36149
1791426587045488915,225232,36150
1791426587066961916,225248,36151
1791426587088015160,225272,36154
1791426587109182418,225288,36155
1791426587130236785,225312,36157
1791426587151598932,225328,36158
1791426587172355271,225352,36161
1791426587193443974,225368,36162
1791426587215004549,225392,36164
1791426587235987536,225408,36166
1791426587256939945,225432,36167
1791426587278503859,225448,36168
1791426587299916576,225472,36169
1791426587320748997,225488,36169
1791426587342029257,225512,36169
1791426587363384229,225528,36170
1791426587384315203,225552,36169
1791426587405232170,225568,36169
1791426587426836546,225592,36169
1791426587447897734,225608,36169
1791426587468957382,225632,36169
1791426587490161068,225648,36169
1791426587511510127,225672,36169
1791426587532304700,225688,36169
1791426587553608491,225712,36170
1791426587574372592,225728,36170
1791426587595709553,225752,36170
1791426587616434729,225768,36170
1791426587637298538,225792,36170
1791426587658740473,225808,36169
1791426587679860731,225832,36169
1791426587700868864,225848,36169
1791426587722110270,225872,36170
1791426587743841731,225888,36171
1791426587764378853,225912,36172
1791426587785517148,225928,36173
1791426587806902010,225952,36174
1791426587827999508,225968,36174
1791426587848860841,225992,36176
1791426587870067929,226008,36177
1791426587891496892,226032,36179
1791426587912159929,226048,36180
1791426587933175560,226072,36181
1791426587956004874,226088,36181
1791426587976916972,226112,36181
1791426587998387246,226128,36181
1791426588019825082,226152,36180
1791426588041011714,226168,36179
1791426588062410429,226192,36177
1791426588083753036,226208,36176
1791426588104556311,226232,36174
1791426588125582750,226248,36172
1791426588147152772,226272,36168
1791426588168008289,226288,36165
1791426588188858513,226312,36161
1791426588210004130,226328,36159
1791426588231576594,226352,36155
1791426588252254644,226368,36152
1791426588273242106,226392,36146
1791426588294500011,226408,36143
1791426588315890045,226432,36139
1791426588336655864,226448,36136
1791426588357942030,226472,36131
1791426588379615625,226496,36127
1791426588400002400,226512,36123
1791426588421114514,226528,36120
1791426588442483156,226552,36115
1791426588463575536,226568,36112
1791426588484278793,226592,36107
1791426588505330420,226608,36104
1791426588526842939,226632,36100
1791426588548766651,226648,36098
1791426588570169494,226672,36095
1791426588591535562,226688,36093
1791426588612350081,226712,36090
1791426588633322208,226728,36088
1791426588654964113,226752,36088
1791426588675984871,226768,36088
1791426588697043172,226792,36089
1791426588718639730,226808,36089
1791426588739735798,226832,36089
1791426588760591782,226848,36090
1791426588781659699,226872,36091
1791426588803104921,226888,36092
1791426588824078011,226912,36095
1791426588845089011,226928,36096
1791426588866861614,226952,36097
1791426588887792162,226968,36099
1791426588908824631,226992,36101
1791426588929939680,227008,36103
1791426588951440885,227032,36105
1791426588972218797,227048,36106
1791426588993448197,227072,36108
1791426589014819459,227088,36109
1791426589035942795,227112,36110
1791426589056879792,227128,36112
1791426589078099510,227152,36114
1791426589099558920,227168,36115
1791426589120306372,227192,36117
1791426589141345488,227208,36119
1791426589163447546,227232,36120
1791426589184225186,227248,36122
1791426589205283528,227272,36125
1791426589226917616,227288,36127
1791426589247899385,227312,36130
1791426589268930203,227328,36131
1791426589290250073,227352,36133
1791426589311741860,227368,36134
1791426589332524400,227392,36134
1791426589353516427,227408,36134
1791426589375023034,227432,36134
1791426589395718434,227448,36134
1791426589416664494,227472,36134
1791426589437663334,227488,36134
1791426589458962774,227512,36133
1791426589479850708,227528,36133
1791426589500732877,227552,36132
1791426589522126091,227568,36131
1791426589543526062,227592,36131
1791426589564155438,227608,36130
1791426589585292429,227632,36129
1791426589606652470,227648,36127
1791426589627836113,227672,36126
1791426589648677549,227688,36125
1791426589670018376,227712,36124
1791426589691474446,227728,36123
1791426589712085807,227752,36121
1791426589733007442,227768,36120
1791426589754170644,227792,36119
1791426589775573468,227808,36118
1791426589796325891,227832,36117
1791426589821336628,227848,36117
1791426589842673597,227872,36115
1791426589864119385,227888,36114
1791426589884890268,227912,36113
1791426589906375462,227928,36112
1791426589927668311,227952,36109
1791426589948458968,227968,36108
1791426589969496606,227992,36106
1791426589990343514,228008,36104
1791426590011637239,228032,36101
1791426590032464142,228048,36099
1791426590053301969,228072,36097
1791426590074780371,228088,36095
1791426590095881998,228112,36093
1791426590116644969,228128,36092
1791426590137699257,228152,36091
1791426590158960463,228168,36089
1791426590179884892,228192,36088
1791426590200753409,228208,36087
1791426590221935027,228232,36086
1791426590243842290,228248,36087
1791426590264627383,228272,36087
1791426590287045215,228296,36088
1791426590307707076,228312,36088
1791426590328531972,228328,36088
1791426590350123811,228352,36088
1791426590371919882,228368,36087
1791426590392870232,228392,36086
1791426590414275672,228416,36085
1791426590435543400,228432,36084
1791426590456291847,228448,36084
1791426590477392936,228472,36083
1791426590498637992,228488,36083
1791426590519723440,228512,36081
1791426590541325927,228528,36081
1791426590562684848,228552,36080
1791426590583951733,228568,36079
1791426590604890509,228592,36079
1791426590626288132,228608,36078
1791426590647691230,228632,36078
1791426590668466867,228648,36078
1791426590689637407,228672,36077
1791426590711589660,228688,36077
1791426590732498036,228712,36077
1791426590754149873,228728,36076
1791426590775705514,228752,36076
1791426590796843539,228768,36076
1791426590817728582,228792,36076
1791426590843315124,228816,36076
1791426590860346171,228832,36076
1791426590881697819,228856,36076
1791426590902988888,228872,36077
1791426590923718549,228888,36078
1791426590944430850,228912,36081
1791426590965589335,228928,36082
1791426590987200682,228952,36084
1791426591007893168,228968,36085
1791426591028813006,228992,36087
1791426591050023997,229008,36087
1791426591071880647,229032,36088
1791426591096017058,229048,36089
1791426591116936173,229072,36090
1791426591138920728,229096,36091
1791426591159699357,229112,36092
1791426591180401213,229128,36094
1791426591201513715,229152,36096
1791426591223335028,229168,36097
1791426591244168710,229192,36099
1791426591265070119,229208,36100
1791426591286494702,229232,36101
1791426591307715832,229248,36101
1791426591328491930,229272,36102
1791426591349916338,229288,36103
1791426591371526448,229312,36104
1791426591392460715,229328,36104
1791426591413678796,229352,36104
1791426591435541984,229368,36104
1791426591456269917,229392,36103
1791426591477378123,229408,36102
1791426591498997322,229432,36101
1791426591520000048,229448,36100
1791426591541046117,229472,36099
1791426591562766778,229496,36097
1791426591583862260,229512,36094
1791426591604777431,229528,36091
1791426591626450623,229552,36087
1791426591647774918,229568,36084
1791426591668679092,229592,36081
1791426591690165169,229608,36079
1791426591711709434,229632,36076
1791426591732561531,229648,36074
1791426591753806926,229672,36073
1791426591775596292,229688,36071
1791426591796372740,229712,36069
1791426591817493870,229728,36068
1791426591838964018,229752,36065
1791426591860021247,229768,36064
1791426591880985857,229792,36062
1791426591902530312,229808,36061
1791426591923839055,229832,36059
1791426591944624637,229848,36058
1791426591966012753,229872,36057
1791426591987610077,229888,36057
1791426592008361772,229912,36056
1791426592029514172,229928,36057
1791426592051331598,229952,36057
1791426592071949204,229968,36057
1791426592092954778,229992,36058
1791426592114310736,230008,36058
1791426592135860483,230032,36057
1791426592156455150,230048,36057
1791426592177528792,230072,36057
1791426592199190492,230088,36057
1791426592219933703,230112,36058
1791426592240704891,230128,36059
1791426592261751712,230152,36061
1791426592283685510,230176,36063
1791426592304161215,230192,36064
1791426592325235790,230208,36065
1791426592346324969,230232,36067
1791426592367966347,230248,36069
1791426592388923197,230272,36071
1791426592409943401,230288,36072
1791426592431288105,230312,36073
1791426592451829461,230328,36074
1791426592472569629,230352,36075
1791426592493619547,230368,36076
1791426592514856616,230392,36077
1791426592536002946,230408,36077
1791426592557130810,230432,36078
1791426592578390321,230448,36079
1791426592599643978,230472,36080
1791426592620739173,230488,36080
1791426592641642546,230512,36081
1791426592663413379,230536,36082
1791426592684039862,230552,36082
1791426592704983008,230568,36083
1791426592726376451,230592,36083
1791426592747706824,230608,36084
1791426592768546710,230632,36087
1791426592789714951,230648,36089
1791426592811105361,230672,36092
1791426592832081390,230688,36093
1791426592853242925,230712,36095
1791426592874534984,230728,36096
1791426592895751291,230752,36098
1791426592916692356,230768,36100
1791426592937948300,230792,36102
1791426592959535438,230808,36103
1791426592980519606,230832,36105
1791426593001405745,230848,36106
1791426593022766685,230872,36108
1791426593043835090,230888,36110
1791426593064745882,230912,36113
1791426593086058818,230928,36115
1791426593107472009,230952,36118
1791426593128229263,230968,36120
1791426593149332139,230992,36123
1791426593170638843,231008,36125
1791426593191858215,231032,36128
1791426593212595256,231048,36130
1791426593233602918,231072,36133
1791426593254414936,231088,36134
1791426593275736229,231112,36137
1791426593296634393,231128,36137
1791426593317648213,231152,36138
1791426593339820352,231168,36139
1791426593360237702,231192,36140
1791426593381006096,231208,36140
1791426593402096964,231232,36140
1791426593423343009,231248,36140
1791426593444169115,231272,36141
1791426593465196893,231288,36141
1791426593486584438,231312,36141
1791426593507837734,231328,36141
1791426593528639756,231352,36140
1791426593549728492,231368,36140
1791426593571116012,231392,36140
1791426593592041554,231408,36139
1791426593612784097,231432,36139
1791426593633888047,231448,36138
1791426593655358893,231472,36137
1791426593675873965,231488,36137
1791426593697298370,231512,36134
1791426593720801339,231536,36132
1791426593743005613,231552,36130
1791426593763644413,231568,36129
1791426593784643115,231592,36127
1791426593805432330,231608,36126
1791426593826696731,231632,36125
1791426593847989542,231648,36125
1791426593868776710,231672,36125
1791426593889664790,231688,36126
1791426593910851726,231712,36126
1791426593931706070,231728,36125
1791426593952435304,231752,36125
1791426593973372991,231768,36125
1791426593994795825,231792,36125
1791426594015712158,231808,36125
1791426594036445425,231832,36125
1791426594057613656,231848,36125
1791426594079160436,231872,36125
1791426594099935661,231888,36126
1791426594120737452,231912,36127
1791426594142062655,231928,36128
1791426594165424842,231952,36129
1791426594183960046,231968,36130
1791426594204745751,231992,36132
1791426594226000521,232008,36134
1791426594247722806,232032,36137
1791426594269497846,232048,36139
1791426594291370035,232072,36142
1791426594312269862,232088,36144
1791426594333892631,232112,36148
1791426594354643535,232128,36152
1791426594375853949,232152,36158
1791426594396792209,232168,36161
1791426594417830302,232192,36165
1791426594439477553,232208,36168
1791426594459920439,232232,36171
1791426594480660910,232248,36173
1791426594501831844,232272,36174
1791426594522732643,232288,36175
1791426594543861061,232312,36177
1791426594564691562,232328,36177
1791426594585816384,232352,36179
1791426594607287757,232368,36180
1791426594628106424,232392,36181
1791426594649094175,232408,36182
1791426594670154200,232432,36182
1791426594691291171,232448,36183
1791426594712116593,232472,36183
1791426594733053318,232488,36183
1791426594754710546,232512,36183
1791426594775720681,232528,36183
1791426594796530698,232552,36183
1791426594817937939,232568,36183
1791426594839768178,232592,36183
1791426594860253133,232608,36182
1791426594881207414,232632,36182
1791426594902625085,232648,36182
1791426594923727340,232672,36182
1791426594944556562,232688,36182
1791426594965560961,232712,36181
1791426594987156764,232728,36180
1791426595007885107,232752,36180
1791426595028605402,232768,36179
1791426595049749117,232792,36178
1791426595071512216,232808,36178
1791426595092150308,232832,36177
1791426595113120429,232848,36177
1791426595134754192,232872,36176
1791426595155887976,232888,36176
1791426595176687860,232912,36176
1791426595197866949,232928,36175
1791426595219324767,232952,36174
1791426595240065763,232968,36174
1791426595261142766,232992,36171
1791426595282391015,233008,36169
1791426595303576416,233032,36165
1791426595324202349,233048,36163
1791426595345271832,233072,36159
1791426595366568920,233088,36157
1791426593063495412,233112,36154
1791426593084278367,233128,36150
1791426593105545455,233152,36144
1791426593127118219,233168,36140
1791426593148016958,233192,36136
1791426593169025938,233208,36133
1791426593190552309,233232,36130
1791426593211591323,233248,36127
1791426593232499686,233272,36123
1791426593253793547,233288,36121
1791426593275982530,233312,36117
1791426593296910364,233328,36115
1791426593318395885,233352,36112
1791426593339466433,233368,36111
1791426593360287493,233392,36110
1791426593381451487,233408,36109
1791426593403008355,233432,36109
1791426593424026974,233448,36108
1791426593445038036,233472,36107
1791426593466737176,233488,36107
1791426593487631909,233512,36108
1791426593508485581,233528,36109
1791426593529828011,233552,36111
1791426593551546792,233568,36112
1791426593572486630,233592,36113
1791426593593734765,233608,36114
1791426593615209632,233632,36116
1791426593635837892,233648,36117
1791426593656886787,233672,36119
1791426593678254345,233688,36120
1791426593699501698,233712,36123
1791426593720338268,233728,36124
1791426593741449608,233752,36127
1791426593762720298,233768,36129
1791426593783680073,233792,36131
1791426593804580799,233808,36132
1791426593825726249,233832,36134
1791426593846990766,233848,36135
1791426593867880164,233872,36135
1791426593889034572,233888,36135
1791426593910584451,233912,36133
1791426593931693485,233928,36132
1791426593952723907,233952,36131
1791426593973896884,233968,36130
1791426593995449951,233992,36128
1791426594016076336,234008,36126
1791426594037170582,234032,36121
1791426594058494549,234048,36119
1791426594079561728,234072,36115
1791426594100448876,234088,36113
1791426594121180063,234112,36110
1791426594142522622,234128,36108
1791426594163620120,234152,36106
1791426594184625161,234168,36104
1791426594206056879,234192,36102
1791426594227440280,234208,36101
1791426594248177018,234232,36099
1791426594269378848,234248,36098
1791426594290745843,234272,36096
1791426594311985462,234288,36095
1791426594332559625,234312,36094
1791426594353839773,234328,36093
1791426594375481699,234352,36092
1791426594396273988,234368,36091
1791426594417190964,234392,36090
1791426594438357062,234408,36090
1791426594459868309,234432,36089
1791426594480920906,234448,36089
1791426594502372858,234472,36089
1791426594523556408,234488,36089
1791426594544354784,234512,36089
1791426594565630797,234528,36089
1791426594587461375,234552,36089
1791426594610967731,234576,36090
1791426594628925113,234592,36091
1791426594650651330,234608,36091
1791426594671877884,234632,36092
1791426594692536828,234648,36092
1791426594713761581,234672,36092
1791426594735274931,234688,36093
1791426594755851217,234712,36093
1791426594776924071,234728,36094
1791426594798390414,234752,36094
1791426594819557860,234768,36093
1791426594840533056,234792,36093
1791426594861674180,234808,36092
1791426594883180097,234832,36092
1791426594903850140,234848,36092
1791426594924872124,234872,36092
1791426594946058953,234888,36093
1791426594967417390,234912,36093
1791426594987919012,234928,36093
1791426595020826878,234952,36093
1791426595043959433,234968,36093
1791426595067074010,234992,36093
1791426595087558267,235008,36091
1791426595108787381,235032,36089
1791426595130177577,235056,36086
1791426595151597591,235072,36085
1791426595172227449,235088,36083
1791426595193377163,235112,36082
1791426595215348926,235128,36082
1791426595235995128,235152,36082
1791426595256942002,235168,36082
1791426595278248536,235192,36081
1791426595299555287,235208,36080
1791426595320244571,235232,36080
1791426595341411674,235248,36080
1791426595363269253,235272,36079
1791426595383655834,235288,36079
1791426595404470990,235312,36079
1791426595425431416,235328,36079
1791426595447398216,235352,36079
1791426595469880449,235376,36080
1791426595490855268,235392,36080
1791426595511708022,235408,36080
1791426595536352654,235432,36080
1791426595557455649,235456,36079
1791426595579588894,235472,36079
1791426595604588245,235496,36077
1791426595622084044,235512,36074
1791426595644322950,235536,36070
1791426595664522983,235552,36068
1791426595687745533,235568,36066
1791426595709238295,235592,36063
1791426595730371469,235616,36062
1791426595751604011,235632,36063
1791426595772383853,235648,36064
1791426595793174718,235672,36065
1791426595815017992,235688,36066
1791426595835378210,235712,36067
1791426595856327845,235736,36068
1791426595877201070,235752,36069
1791426595898447842,235768,36071
1791426595919414958,235792,36073
1791426595940275497,235808,36075
1791426595961818296,235832,36077
1791426595982953427,235848,36078
1791426596003911262,235872,36079
1791426596025431918,235888,36080
1791426596049010542,235912,36080
1791426596068412716,235928,36081
1791426596089572262,235952,36081
1791426596111788382,235968,36082
1791426596132654836,235992,36083
1791426596154013976,236008,36084
1791426596175339667,236032,36085
1791426596196291559,236056,36086
1791426596219388038,236072,36086
1791426596242581072,236088,36086
1791426596263617687,236112,36087
1791426596284993562,236128,36088
1791426596306308442,236152,36089
1791426596327241768,236168,36090
1791426596347959559,236192,36091
1791426596368957388,236208,36092
1791426596390267312,236232,36093
1791426596412240672,236248,36093
1791426596432615568,236272,36093
1791426596453795447,236288,36093
1791426596475580997,236312,36093
1791426596496164135,236328,36093
1791426596517671468,236352,36093
1791426596538933224,236368,36093
1791426596559823619,236392,36094
1791426596580901688,236408,36095
1791426596602399818,236432,36095
1791426596623554310,236448,36096
1791426596644436009,236472,36096
1791426596665680760,236488,36096
1791426596687307394,236512,36094
1791426596708004105,236528,36092
1791426596729192416,236552,36090
1791426596750878563,236576,36088
1791426596771738159,236592,36087
1791426596792765565,236608,36086
1791426596813931020,236632,36083
1791426596835379607,236648,36081
1791426596856206319,236672,36078
1791426596877132959,236688,36077
1791426596898789505,236712,36075
1791426596928855112,236728,36073
1791426596950510347,236752,36073
1791426596971669521,236768,36073
1791426596992609811,236792,36074
1791426597013897201,236808,36075
1791426597035405489,236832,36076
1791426597056059129,236848,36077
1791426597077204775,236872,36077
1791426597098730984,236888,36078
1791426597119747710,236912,36078
1791426597140651505,236928,36078
1791426597161951123,236952,36078
1791426597183731987,236968,36078
1791426597204207720,236992,36077
1791426597230036305,237016,36075
1791426597247282330,237032,36074
1791426597268216956,237048,36073
1791426597295350105,237080,36070
1791426597310553854,237088,36070
1791426597333600424,237112,36068
1791426597355247007,237128,36068
1791426597375955330,237152,36069
1791426597396849604,237176,36069
1791426597418174421,237192,36070
1791426597441099127,237216,36070
1791426597459957409,237232,36071
1791426597481192797,237256,36073
1791426597502510783,237272,36075
1791426597523626532,237288,36077
1791426597544623651,237312,36079
1791426597565952776,237328,36081
1791426597587211671,237352,36083
1791426597607917386,237368,36084
1791426597628769111,237392,36087
1791426597649948752,237408,36089
1791426597671163291,237432,36091
1791426597691927838,237448,36093
1791426597712935439,237472,36095
1791426597733917504,237488,36096
1791426597755267698,237512,36096
1791426597776028388,237528,36096
1791426597796896752,237552,36096
1791426597818181417,237568,36096
1791426597839348864,237592,36096
1791426597860090435,237608,36096
1791426597881094262,237632,36098
1791426597902481366,237648,36099
1791426597923753560,237672,36100
1791426597944697210,237688,36101
1791426597965950725,237712,36103
1791426597987251380,237728,36104
1791426598008034314,237752,36105
1791426598029003776,237768,36105
1791426598050617537,237792,36105
1791426598071662275,237808,36105
1791426598092638760,237832,36106
1791426598113917326,237848,36106
1791426598135633942,237872,36106
1791426598156283713,237888,36106
1791426598178887495,237912,36105
1791426598199400426,237928,36104
1791426598220136586,237952,36102
1791426598241249648,237968,36100
1791426598262923886,237992,36098
1791426598283860010,238008,36096
1791426598304669946,238032,36094
1791426598325728769,238048,36093
1791426598347445331,238072,36091
1791426598367967019,238088,36090
1791426598388988537,238112,36088
1791426598410285096,238128,36089
1791426598431578891,238152,36091
1791426598452437058,238168,36091
1791426598473719900,238192,36092
1791426598495227707,238208,36093
1791426598515994541,238232,36094
1791426598537182134,238256,36094
1791426598558558549,238272,36094
1791426598579601774,238288,36094
1791426598600521529,238312,36094
1791426598621765460,238328,36094
1791426598643433280,238352,36093
1791426598664137700,238368,36092
1791426598685523980,238392,36092
1791426598706967436,238408,36092
1791426598727638271,238432,36090
1791426598748660060,238448,36089
1791426598770466212,238472,36088
1791426598791804130,238496,36088
1791426598812808396,238512,36088
1791426598835469977,238528,36088
1791426598856329171,238552,36088
1791426598877420569,238568,36088
1791426598899159079,238592,36088
1791426598919893521,238608,36087
1791426598940708912,238632,36087
1791426598962098374,238648,36087
1791426598983511611,238672,36087
1791426599004380530,238688,36087
1791426599025519219,238712,36087
1791426599047251420,238728,36087
1791426599068041803,238752,36087
1791426599089244719,238768,36087
1791426599110481554,238792,36086
1791426599131692837,238808,36086
1791426599152162460,238832,36086
1791426599172932037,238848,36086
1791426599194103872,238872,36087
1791426599215278887,238888,36087
1791426599236134302,238912,36088
1791426599257214641,238936,36089
1791426599278695755,238952,36089
1791426599299523262,238968,36090
1791426599320348137,238992,36090
1791426599341315597,239008,36090
1791426599362713344,239032,36090
1791426599383610081,239048,36090
1791426599404458518,239072,36089
1791426599425767639,239088,36088
1791426599446657348,239112,36088
1791426599467849437,239136,36088
1791426599488751512,239152,36088
1791426599509858957,239168,36089
1791426599531136883,239192,36089
1791426599551706804,239208,36089
1791426599572965983,239232,36089
1791426599593894504,239248,36089
1791426599615581187,239272,36090
1791426599635919030,239288,36090
1791426599657228515,239312,36090
1791426599678384255,239328,36091
1791426599700683301,239352,36091
1791426599724138995,239368,36092
1791426599745564620,239392,36095
1791426599767297144,239416,36098
1791426599787844047,239432,36101
1791426599808666755,239448,36103
1791426599830110141,239472,36106
1791426599852555760,239496,36110
1791426599872533955,239512,36113
1791426599893539121,239528,36116
1791426599915268673,239552,36120
1791426599935927340,239568,36122
1791426599956892855,239592,36126
1791426599978041181,239608,36128
1791426599999406729,239632,36133
1791426600020494047,239648,36136
1791426600041561833,239672,36140
1791426600062703140,239688,36143
1791426600083891653,239712,36147
1791426600104923040,239728,36149
1791426600126000275,239752,36153
1791426600147551855,239768,36157
1791426600169132308,239792,36162
1791426600189666713,239808,36164
1791426600211363953,239832,36168
1791426600231986953,239848,36171
1791426600253465042,239872,36174
1791426600276328223,239896,36179
1791426600297315409,239912,36181
1791426600319419897,239928,36184
1791426600340230310,239952,36187
1791426600364134845,239968,36189
1791426600385427025,239992,36192
1791426600407048702,240008,36194
1791426600428673635,240032,36196
1791426600450075395,240056,36198
1791426600471561284,240072,36199
1791426600492698146,240096,36201
1791426600513368170,240112,36203
1791426600535352931,240136,36206
1791426600555760248,240152,36208
1791426600576885255,240168,36210
1791426600598716777,240192,36212
1791426600619920202,240208,36213
1791426600640745082,240232,36214
1791426600662240974,240248,36215
1791426600683697425,240272,36216
1791426600704976231,240296,36217
1791426600726284278,240312,36217
1791426600747700721,240328,36217
1791426600768434731,240352,36218
1791426600790103520,240368,36218
1791426600811301902,240392,36220
1791426600831938036,240408,36220
1791426600853025625,240432,36221
1791426600874295749,240448,36221
1791426600895484173,240472,36221
1791426600916328516,240488,36221
1791426600937752311,240512,36221
1791426600958987713,240528,36221
1791426600980135763,240552,36221
1791426601001038852,240568,36221
1791426601022375183,240592,36220
1791426601043436044,240608,36219
1791426601064385221,240632,36217
1791426601085638975,240648,36216
1791426601107277340,240672,36214
1791426601128105703,240688,36212
1791426601149345029,240712,36209
1791426601170739889,240728,36208
1791426601191710698,240752,36207
1791426601212599786,240768,36207
1791426601234360470,240792,36207
1791426601255457550,240808,36207
1791426601276323082,240832,36207
1791426601297483587,240848,36207
1791426601319222561,240872,36208
1791426601339949874,240888,36209
1791426601361150400,240912,36211
1791426601382526686,240928,36212
1791426601403670131,240952,36213
1791426601424676839,240968,36214
1791426601446209524,240992,36215
1791426601467648925,241016,36215
1791426601488261300,241032,36216
1791426601509481054,241048,36216
1791426601530643806,241072,36217
1791426601552012117,241096,36217
1791426601572887025,241112,36218
1791426601594486761,241128,36219
1791426601615660248,241152,36221
1791426601636591257,241168,36222
1791426601657976518,241192,36223
1791426601679239075,241208,36224
1791426601700112073,241232,36224
1791426601721203971,241248,36226
1791426601742742474,241272,36228
1791426601763838913,241288,36229
1791426601784807520,241312,36231
1791426601806277432,241328,36233
1791426601830855646,241352,36234
1791426601851793056,241368,36236
1791426601872829081,241392,36238
1791426601894022910,241408,36240
1791426601915556387,241432,36241
1791426601936305243,241448,36242
1791426601957572952,241472,36242
1791426601979091679,241488,36243
1791426601999971025,241512,36243
1791426602020992940,241528,36243
1791426602042805316,241552,36244
1791426602063936076,241568,36244
1791426602084950810,241592,36244
1791426602106608582,241608,36243
1791426602127579992,241632,36244
1791426602148567319,241648,36244
1791426602169929841,241672,36244
1791426602191324385,241688,36244
1791426602212081672,241712,36244
1791426602233450597,241728,36244
1791426602255250751,241752,36243
1791426602275932403,241768,36242
1791426602297061575,241792,36240
1791426602318593171,241808,36238
1791426602340010684,241832,36236
1791426602360892721,241848,36234
1791426602382189832,241872,36232
1791426602403759454,241888,36231
1791426602424659846,241912,36228
1791426602445921340,241928,36227
1791426602467322888,241952,36225
1791426602488532167,241968,36224
1791426602509683598,241992,36223
1791426602531214686,242008,36222
1791426602551924428,242032,36221
1791426602573070298,242048,36220
1791426602594330021,242072,36219
1791426602615549873,242088,36219
1791426602636396367,242112,36217
1791426602657745322,242128,36217
1791426602679687416,242152,36217
1791426602700024008,242168,36217
1791426602720871807,242192,36217
1791426602742128394,242208,36217
1791426602764023232,242232,36217
1791426602788080381,242248,36217
1791426602808654753,242272,36216
1791426602831518366,242288,36216
1791426602852284741,242312,36215
1791426602873316667,242328,36214
1791426602894741969,242352,36213
1791426602915866414,242368,36212
1791426602937053816,242392,36209
1791426602958578992,242408,36208
1791426602979566742,242432,36206
1791426603000493056,242448,36205
1791426603021582784,242472,36204
1791426603043214497,242488,36203
1791426603063956341,242512,36203
1791426603085082921,242528,36204
1791426603106740853,242552,36204
1791426603127730460,242568,36205
1791426603148782623,242592,36206
1791426603169863355,242608,36207
1791426603191130519,242632,36209
1791426603211698499,242648,36210
1791426603235630518,242672,36212
1791426603256598534,242688,36213
1791426603278014598,242712,36214
1791426603299412333,242728,36214
1791426603320271328,242752,36214
1791426603341528698,242768,36214
1791426603363491438,242792,36213
1791426603383754050,242808,36213
1791426603404644441,242832,36211
1791426603425861406,242848,36210
1791426603451089094,242872,36209
1791426603467938198,242888,36207
1791426603490411581,242912,36206
1791426603511665784,242928,36204
1791426603532335761,242952,36203
1791426603553023752,242968,36201
1791426603575516308,242992,36198
1791426603596210578,243008,36194
1791426603616916862,243032,36190
1791426603638127990,243048,36187
1791426603659265961,243072,36183
1791426603680209621,243088,36181
1791426603701042023,243112,36177
1791426603723338049,243128,36176
1791426603744290040,243152,36174
1791426603765139629,243168,36172
1791426603786770291,243192,36171
1791426603807594683,243208,36169
1791426603828462026,243232,36168
1791426603849788852,243248,36165
1791426603871526260,243272,36161
1791426603892164362,243288,36159
1791426603913502662,243312,36156
1791426603934734363,243328,36154
1791426603955681850,243352,36151
1791426603977117432,243368,36149
1791426603999166596,243392,36147
1791426604019748466,243408,36145
1791426604041033547,243432,36143
1791426604062230437,243448,36142
1791426604083653947,243472,36140
1791426604104374346,243488,36139
1791426604125826501,243512,36136
1791426604146720154,243528,36134
1791426604167522388,243552,36131
1791426604188431239,243568,36129
1791426604209424381,243592,36126
1791426604230630068,243608,36124
1791426604251698506,243632,36123
1791426604272633494,243648,36121
1791426604294112136,243672,36120
1791426604315300878,243688,36119
1791426604336135529,243712,36118
1791426604359282424,243736,36117
1791426604379962668,243752,36117
1791426604400975816,243776,36118
1791426604423380266,243792,36118
1791426604443769015,243808,36119
1791426604464816115,243832,36119
1791426604486964328,243848,36120
1791426604509180255,243872,36120
1791426604531758254,243896,36120
1791426604553849648,243912,36120
1791426604573588990,243928,36120
1791426604595217300,243952,36120
1791426604615762844,243968,36120
1791426604637595881,243992,36119
1791426604663535622,244008,36118
1791426604684917409,244032,36116
1791426604706127086,244048,36114
1791426604727615631,244072,36113
1791426604748340914,244088,36112
1791426604768990802,244112,36110
1791426604790559106,244128,36109
1791426604811575223,244152,36107
1791426604832712807,244176,36105
1791426604854189273,244192,36104
1791426604875753612,244208,36103
1791426604896523921,244232,36102
1791426604918005112,244248,36099
1791426604939460026,244272,36096
1791426604960302205,244288,36093
1791426604981634277,244312,36090
1791426605003293630,244328,36088
1791426605024087353,244352,36085
1791426605045303910,244368,36083
1791426605067212940,244392,36081
1791426605087980981,244408,36079
1791426605109111844,244432,36078
1791426605130640138,244448,36076
1791426605151701853,244472,36075
1791426605172722317,244488,36074
1791426605194077841,244512,36072
1791426605215423979,244528,36071
1791426605236132207,244552,36069
1791426605257292029,244568,36068
1791426605279261333,244592,36067
1791426605300153869,244608,36066
1791426605320903830,244632,36066
1791426605342600512,244648,36065
1791426605363985013,244672,36065
1791426605385065809,244688,36065
1791426605406332313,244712,36065
1791426605427429697,244728,36065
1791426605448224650,244752,36064
1791426605469534616,244768,36064
1791426605491408549,244792,36063
1791426605512071694,244808,36062
1791426605533255589,244832,36062
1791426605554768522,244848,36062
1791426605575603658,244872,36061
1791426605596668050,244896,36059
1791426605617993774,244912,36057
1791426605639321980,244928,36055
1791426605660156482,244952,36052
1791426605681372931,244968,36049
1791426605702855428,244992,36045
1791426605723702145,245008,36042
1791426605744558625,245032,36038
1791426605765817312,245048,36035
1791426605787363272,245072,36032
1791426605808078025,245088,36030
1791426605829043967,245112,36027
1791426605850467214,245128,36024
1791426605871719762,245152,36020
1791426605892677358,245168,36018
1791426605913595424,245192,36014
1791426605935092735,245208,36013
1791426605955775562,245232,36011
1791426605976752894,245248,36008
1791426605998010161,245272,36004
1791426606019353251,245288,36001
1791426606040031622,245312,35998
1791426606061218825,245328,35996
1791426606082556360,245352,35992
1791426606104041571,245368,35990
1791426606124761442,245392,35988
1791426606146194911,245408,35987
1791426606167600204,245432,35986
1791426606188515262,245448,35984
1791426606209669449,245472,35983
1791426606231176279,245488,35982
1791426606252078545,245512,35980
1791426606272991492,245528,35978
1791426606294098817,245552,35976
1791426606315736618,245568,35975
1791426606336477646,245592,35974
1791426606357644702,245608,35974
1791426606379181739,245632,35972
1791426606400075457,245648,35970
1791426606421228609,245672,35968
1791426606442750970,245696,35965
1791426606463740502,245712,35964
1791426606484739874,245728,35963
1791426606505923799,245752,35962
1791426606527161060,245768,35961
1791426606547840133,245792,35961
1791426606568802556,245808,35960
1791426606590270954,245832,35960
1791426606611303387,245848,35960
1791426606632058938,245872,35960
1791426606653348407,245888,35960
1791426606674407851,245912,35960
1791426606695398224,245928,35961
1791426606716786209,245952,35962
1791426606737959987,245968,35962
1791426606759328967,245992,35963
1791426606780042455,246008,35964
1791426606801133025,246032,35966
1791426606822386291,246048,35966
1791426606843517985,246072,35967
1791426606864456293,246088,35968
1791426606885696905,246112,35970
1791426606907277831,246128,35970
1791426606927860004,246152,35972
1791426606948815938,246168,35973
1791426606970181127,246192,35974
1791426606991491341,246208,35974
1791426607012289172,246232,35975
1791426607033797281,246256,35975
1791426607055358634,246272,35974
1791426607076250560,246296,35974
1791426607097085397,246312,35974
1791426607118595094,246328,35974
1791426607139825765,246352,35974
1791426607160648523,246368,35975
1791426607182069625,246392,35976
1791426607203461685,246408,35978
1791426607224296968,246432,35979
1791426607245338960,246448,35981
1791426607267212142,246472,35982
1791426607288048141,246488,35984
1791426607309008572,246512,35984
1791426607330044030,246528,35984
1791426607351325968,246552,35984
1791426607372243668,246568,35984
1791426607393213466,246592,35984
1791426607414342570,246608,35983
1791426607435485768,246632,35984
1791426607456242462,246648,35985
1791426607477519557,246672,35986
1791426607498812117,246688,35986
1791426607519648355,246712,35987
1791426607540469451,246728,35988
1791426607563797819,246752,35990
1791426607584898610,246768,35991
1791426607605942287,246792,35993
1791426607627405519,246808,35994
1791426607648423236,246832,35996
1791426607669004378,246848,35997
1791426607690156258,246872,35998
1791426607711468113,246888,35998
1791426607732201591,246912,35998
1791426607753167334,246928,35998
1791426607774131838,246952,35998
1791426607795430555,246968,35998
1791426607816210239,246992,35998
1791426607837188766,247008,35998
1791426607858283497,247032,35998
1791426607879423932,247048,35998
1791426607900419876,247072,35998
1791426607921482089,247088,35999
1791426607942942090,247112,36000
1791426607964111099,247128,36000
1791426607986266928,247152,36001
1791426608007442603,247168,36002
1791426608028759888,247192,36004
1791426608050712002,247208,36005
1791426608072101163,247232,36007
1791426608092693186,247248,36006
1791426608113871219,247272,36006
1791426608135382761,247288,36006
1791426608156000353,247312,36005
1791426608176909798,247328,36004
1791426608199006793,247352,36003
1791426608219962447,247376,36004
1791426608240878471,247392,36005
1791426608261979340,247416,36007
1791426608283641416,247432,36008
1791426608304343306,247448,36008
1791426608325486917,247472,36010
1791426608347246494,247488,36011
1791426608367926286,247512,36015
1791426608388768363,247528,36017
1791426608410531953,247552,36021
1791426608431564188,247568,36024
1791426608452480734,247592,36029
1791426608473525518,247608,36032
1791426608495303181,247632,36038
1791426608516058090,247648,36042
1791426608537120490,247672,36047
1791426608558438873,247688,36051
1791426608581344807,247712,36056
1791426608602882194,247728,36059
1791426608623791213,247752,36064
1791426608644714564,247768,36066
1791426608666098249,247792,36070
1791426608687350638,247808,36073
1791426608708024583,247832,36077
1791426608729350488,247848,36080
1791426608750712875,247872,36085
1791426608771527048,247888,36090
1791426608792564250,247912,36096
1791426608813696962,247928,36101
1791426608835701814,247952,36107
1791426608856594571,247968,36111
1791426608877761746,247992,36116
1791426608899271304,248008,36119
1791426608919968998,248032,36124
1791426608940574771,248048,36127
1791426608962259191,248072,36130
1791426608983887664,248096,36133
1791426609004727408,248112,36135
1791426609025923277,248128,36136
1791426609047421367,248152,36137
1791426609068696623,248176,36138
1791426609089564479,248192,36138
1791426609111517513,248208,36139
1791426609133879122,248232,36140
1791426609155524179,248248,36141
1791426609176308531,248272,36142
1791426609197850265,248288,36143
1791426609219247243,248312,36144
1791426609239862972,248328,36145
1791426609261037033,248352,36146
1791426609282755753,248368,36146
1791426609303727348,248392,36145
1791426609325246128,248408,36144
1791426609346706926,248432,36143
1791426609367731478,248448,36142
1791426609388812424,248472,36142
1791426609410506631,248488,36142
1791426609431907349,248512,36143
1791426609452757504,248528,36144
1791426609474454250,248552,36145
1791426609495609777,248568,36145
1791426609516466360,248592,36146
1791426609537544375,248608,36147
1791426609559127778,248632,36145
1791426609580283595,248656,36143
1791426609601179552,248672,36141
1791426609623068444,248688,36140
1791426609643822185,248712,36138
1791426609664913812,248728,36137
1791426609686295195,248752,36134
1791426609711228727,248776,36130
1791426609729212281,248792,36128
1791426609750931129,248808,36126
1791426609771690542,248832,36122
1791426609792892003,248848,36120
1791426609814171116,248872,36117
1791426609835589070,248896,36113
1791426609856298522,248912,36111
1791426609877563854,248928,36109
1791426609899512601,248952,36107
1791426609920555105,248968,36105
1791426609941719529,248992,36102
1791426609962839693,249008,36100
1791426609984394067,249032,36097
1791426610005250703,249048,36096
1791426610026793745,249072,36094
1791426610047976217,249096,36093
1791426610068628775,249112,36092
1791426610089944363,249128,36091
1791426610111333741,249152,36090
1791426610132206008,249168,36089
1791426610153294191,249192,36089
1791426610175024526,249208,36089
1791426610195906109,249232,36089
1791426610216830105,249248,36089
1791426610238225863,249272,36088
1791426610259728016,249296,36089
1791426610280429860,249312,36088
1791426610302378904,249336,36088
1791426610324111274,249352,36088
1791426610345313724,249368,36088
1791426610366961675,249392,36088
1791426610388045122,249408,36088
1791426610408739152,249432,36088
1791426610430252123,249448,36088
1791426610452863662,249472,36088
1791426610474362029,249488,36088
1791426610495601965,249512,36087
1791426610516589140,249528,36087
1791426610538342495,249552,36086
1791426610559960682,249576,36084
1791426610580568999,249592,36083
1791426610602010889,249608,36082
1791426610623489418,249632,36080
1791426610644319393,249648,36079
1791426610665606784,249672,36077
1791426610687396362,249688,36075
1791426610708021235,249712,36074
1791426610728968548,249728,36073
1791426610750459753,249752,36072
1791426610771724066,249768,36071
1791426610792440457,249792,36071
1791426610813565387,249816,36071
1791426610834621928,249832,36071
1791426610855871540,249848,36071
1791426610876951195,249872,36070
1791426610898717195,249888,36068
1791426610919758294,249912,36065
1791426610940679202,249928,36064
1791426610961995681,249952,36062
1791426610983255845,249968,36061
1791426611004068359,249992,36059
1791426611025185007,250008,36057
1791426611046840143,250032,36054
1791426611067718653,250048,36053
1791426611088708415,250072,36050
1791426611110381863,250088,36049
1791426611131656938,250112,36047
1791426611152554022,250128,36044
1791426611174459860,250152,36038
1791426611195657024,250168,36035
1791426611216616452,250192,36030
1791426611238408090,250208,36027
1791426611259611538,250232,36023
1791426611280383293,250248,36021
1791426611301855285,250272,36020
1791426611323612336,250288,36019
1791426611344137832,250312,36017
1791426611365446696,250328,36016
1791426611387058152,250352,36015
1791426611407937156,250368,36014
1791426611429179279,250392,36012
1791426611451307412,250408,36012
1791426611472158107,250432,36010
1791426611493362747,250448,36010
1791426611515281239,250472,36010
1791426611536152120,250488,36010
1791426611557166051,250512,36009
1791426611579016128,250528,36008
1791426611599951616,250552,36008
1791426611621198297,250568,36008
1791426611642300894,250592,36007
1791426611663209167,250608,36007
1791426611683881384,250632,36005
1791426611708361936,250648,36004
1791426611732589916,250672,36003
1791426611754336869,250688,36002
1791426611776025568,250712,36001
1791426611796814292,250728,36001
1791426611818476363,250752,36001
1791426611839597764,250768,36002
1791426611860346842,250792,36004
1791426611881825581,250808,36005
1791426611903577971,250832,36007
1791426611924262866,250856,36010
1791426611945353206,250872,36011
1791426611967276162,250888,36013
1791426611987881665,250912,36016
1791426612008840854,250928,36017
1791426612030069707,250952,36020
1791426612051673072,250968,36021
1791426612072775869,250992,36024
1791426612093830523,251008,36027
1791426612115333325,251032,36031
1791426612136248409,251048,36033
1791426612157296681,251072,36037
1791426612178822777,251088,36039
1791426612199686444,251112,36043
1791426612220425738,251128,36045
1791426612241883121,251152,36048
1791426612263501101,251168,36050
1791426612284460521,251192,36052
1791426612305386732,251208,36054
1791426612327404636,251232,36056
1791426612348145980,251248,36057
1791426612372626576,251272,36058
1791426612394007766,251288,36059
1791426612415381101,251312,36060
1791426612436311045,251328,36061
1791426612457409611,251352,36062
1791426612479039540,251368,36062
1791426612499780853,251392,36062
1791426612520749544,251408,36063
1791426612542610312,251432,36063
1791426612563463364,251448,36064
1791426612584264868,251472,36065
1791426612605555415,251488,36066
1791426612627045505,251512,36068
1791426612648013563,251528,36070
1791426612668937654,251552,36072
1791426612690501895,251568,36073
1791426612711648142,251592,36075
1791426612732771089,251608,36076
1791426612754111175,251632,36078
1791426612775666667,251648,36078
1791426612798124348,251672,36079
1791426612817943973,251688,36080
1791426612839358941,251712,36082
1791426612860082936,251728,36083
1791426612884236031,251752,36083
1791426612908866891,251768,36083
1791426612929792641,251792,36084
1791426612951852264,251808,36085
1791426612972955003,251832,36086
1791426612994137422,251848,36087
1791426613015884854,251872,36088
1791426613036797956,251888,36089
1791426613059059789,251912,36090
1791426613079634866,251928,36090
1791426613100689158,251952,36090
1791426613121764654,251968,36090
1791426613143121385,251992,36091
1791426613164091660,252008,36092
1791426613185524061,252032,36092
1791426613206943012,252048,36093
1791426613228064444,252072,36094
1791426613249830643,252088,36095
1791426613271341136,252112,36096
1791426613292375324,252128,36095
1791426613313522543,252152,36093
1791426613334985733,252168,36092
1791426613355936103,252192,36091
1791426613377137237,252208,36089
1791426613398780652,252232,36088
1791426613419781600,252248,36085
1791426613440871196,252272,36082
1791426613462400078,252288,36080
1791426613483488063,252312,36078
1791426613504139620,252328,36076
1791426613525198653,252352,36075
1791426613546900375,252376,36072
1791426613568011847,252392,36070
1791426613588927961,252408,36069
1791426613609995883,252432,36067
1791426613631679712,252448,36065
1791426613655483346,252472,36064
1791426613676479948,252488,36063
1791426613697902439,252512,36059
1791426613719340423,252528,36057
1791426613740181020,252552,36053
1791426613761118291,252568,36051
1791426613783115122,252592,36048
1791426613804065593,252608,36046
1791426613825581119,252632,36042
1791426613848510709,252648,36040
1791426613869924174,252672,36037
1791426613891322236,252688,36036
1791426613912408342,252712,36034
1791426613933792870,252728,36032
1791426613954860525,252752,36030
1791426613975569633,252768,36028
1791426613996415158,252792,36026
1791426614017791293,252808,36025
1791426614039621512,252832,36024
1791426614060397165,252848,36023
1791426614081813734,252872,36022
1791426614103495444,252888,36022
1791426614124240409,252912,36021
1791426614145863494,252928,36020
1791426614167374051,252952,36020
1791426614188284452,252968,36020
1791426614209334931,252992,36019
1791426614231048743,253008,36018
1791426614251978736,253032,36016
1791426614272968520,253048,36015
1791426614294081059,253072,36014
1791426614315505376,253088,36014
1791426614336405475,253112,36013
1791426614357742386,253128,36012
1791426614379353233,253152,36010
1791426614400200705,253168,36009
1791426614421596504,253192,36008
1791426614443372833,253208,36007
1791426614464204493,253232,36006
1791426614485528746,253248,36004
1791426614507449061,253272,36001
1791426614528334507,253288,35999
1791426614549512920,253312,35997
1791426614570798751,253328,35995
1791426614591822868,253352,35992
1791426614612898624,253368,35991
1791426614634858470,253392,35988
1791426614655801278,253408,35986
1791426614676887664,253432,35984
1791426614698664009,253448,35983
1791426614719825892,253472,35981
1791426614740955897,253488,35980
1791426614762576076,253512,35979
1791426614786171218,253536,35977
1791426614804906904,253552,35976
1791426614826595246,253568,35976
1791426614847675398,253592,35974
1791426614868601218,253608,35974
1791426614890108566,253632,35972
1791426614911567716,253648,35971
1791426614932311471,253672,35969
1791426614953743862,253688,35969
1791426614975442928,253712,35968
1791426614996178089,253728,35967
1791426615017516889,253752,35965
1791426615039401507,253768,35964
1791426615060481441,253792,35961
1791426615081457359,253808,35961
1791426615103476608,253832,35960
1791426615124274330,253848,35959
1791426615145688395,253872,35959
1791426615168693056,253888,35960
1791426615188192023,253912,35961
1791426615209538538,253928,35962
1791426615231550237,253952,35964
1791426615252108193,253968,35966
1791426615273433540,253992,35967
1791426615295416480,254008,35967
1791426615316275105,254032,35967
1791426615337536281,254048,35967
1791426615359435981,254072,35967
1791426615380316590,254088,35967
1791426615401714252,254112,35967
1791426615423393818,254128,35967
1791426615444163686,254152,35966
1791426615465592330,254168,35966
1791426615487442078,254192,35966
1791426615508181443,254208,35966
1791426615529459839,254232,35967
1791426615551408663,254248,35967
1791426615572146953,254272,35966
1791426615593398612,254288,35966
1791426615615173140,254312,35966
1791426615636075138,254328,35967
1791426615657357421,254352,35968
1791426615679060275,254368,35968
1791426615699834830,254392,35969
1791426615720875436,254408,35970
1791426615833212042,254432,35971
1791426615854461920,254448,35972
1791426615875770081,254472,35974
1791426615899192043,254488,35975
1791426615919997117,254512,35976
1791426615940793002,254528,35977
1791426615962151808,254552,35978
1791426615983460056,254568,35979
1791426616004293045,254592,35981
1791426616025209615,254608,35982
1791426616046485171,254632,35983
1791426616067470469,254648,35983
1791426616088346165,254672,35984
1791426616109349170,254688,35984
1791426616130703041,254712,35984
1791426616151872495,254728,35984
1791426616172913104,254752,35986
1791426616194952358,254768,35987
1791426616215844273,254792,35990
1791426616237218286,254808,35991
1791426616259026251,254832,35994
1791426616279938611,254848,35995
1791426616300799480,254872,35998
1791426616322449815,254888,36000
1791426616343870673,254912,36003
1791426616364543294,254928,36005
1791426616386642320,254952,36008
1791426616407726773,254968,36011
1791426616431309147,254992,36014
1791426616449881215,255008,36016
1791426616471490275,255032,36019
1791426616492465941,255048,36021
1791426616513641207,255072,36023
1791426616535372095,255088,36025
1791426616556073865,255112,36027
1791426616577316605,255128,36026
1791426616599014324,255152,36025
1791426616619954063,255168,36024
1791426616641018056,255192,36023
1791426616662703436,255208,36022
1791426616683637422,255232,36021
1791426616704491041,255248,36021
1791426616725757129,255272,36020
1791426616746800136,255288,36020
1791426616767998392,255312,36020
1791426616788887842,255328,36020
1791426616812436625,255352,36021
1791426616831800739,255368,36021
1791426616852973136,255392,36021
1791426616874645801,255408,36022
1791426616896070856,255432,36022
1791426616917785134,255448,36023
1791426616939772521,255472,36024
1791426616961390555,255496,36025
1791426616983792267,255512,36026
1791426617004474478,255528,36026
1791426617025773951,255552,36026
1791426617051394272,255576,36026
1791426617068318811,255592,36026
1791426617089297363,255608,36025
1791426617110521480,255632,36023
1791426617131944133,255648,36021
1791426617153329319,255672,36018
1791426617175232274,255688,36016
1791426617195856958,255712,36013
1791426617216687211,255728,36010
1791426617238474694,255752,36007
1791426617259740650,255768,36006
1791426617280975655,255792,36003
1791426617303303928,255808,36001
1791426617324083480,255832,35997
1791426617345118406,255848,35995
1791426617366630730,255872,35989
1791426617387629130,255888,35985
1791426617408558167,255912,35977
1791426617429963487,255928,35972
1791426617451596224,255952,35963
1791426617472282909,255968,35957
1791426617493707343,255992,35946
1791426617515335872,256008,35938
1791426617536097397,256032,35925
1791426617557470766,256048,35916
1791426617579371747,256072,35901
1791426617600149152,256088,35891
1791426617621324245,256112,35875
1791426617643196241,256128,35863
1791426617664113542,256152,35845
1791426617685288262,256168,35832
1791426617707241464,256192,35812
1791426617728059643,256208,35798
1791426617749272008,256232,35776
1791426617771607888,256248,35759
1791426617792053847,256272,35733
1791426617813219574,256288,35715
1791426617835251458,256312,35688
1791426617855994344,256328,35669
1791426617877216593,256352,35640
1791426617899251676,256368,35621
1791426617920029398,256392,35591
1791426617941426972,256408,35571
1791426617963400985,256432,35541
1791426617984209543,256456,35511
1791426618005621676,256472,35490
1791426618027419287,256488,35470
1791426618048142991,256512,35439
1791426618069050046,256528,35419
1791426618091103523,256552,35388
1791426618112067575,256568,35367
1791426618133282809,256592,35335
1791426618155306793,256608,35313
1791426618176013050,256632,35281
1791426618197561554,256648,35259
1791426618219263170,256672,35226
1791426618240293061,256688,35204
1791426618261138638,256712,35171
1791426618282954822,256728,35149
1791426618303989215,256752,35115
1791426618325191411,256768,35091
1791426618347190334,256792,35057
1791426618367950253,256808,35033
1791426618389485846,256832,34999
1791426618411537934,256848,34977
1791426618432067809,256872,34943
1791426618453122710,256888,34921
1791426618475138596,256912,34887
1791426618495919134,256928,34864
1791426618517094291,256952,34831
1791426618538945164,256968,34808
1791426618559950252,256992,34775
1791426618580749217,257008,34752
1791426618602566049,257032,34718
1791426618623761573,257048,34696
1791426618644478408,257072,34663
1791426618666039877,257088,34641
1791426618687654875,257112,34608
1791426618708560359,257128,34585
1791426618729961313,257152,34551
1791426618751394390,257176,34516
1791426618772271859,257192,34493
1791426618792955455,257208,34471
1791426618814722734,257232,34436
1791426618835554019,257248,34412
1791426618857699009,257272,34375
1791426618879420512,257288,34350
1791426618900270502,257312,34313
1791426618921457957,257328,34289
1791426618943241982,257352,34253
1791426618963982353,257368,34230
1791426618984935362,257392,34196
1791426619006708098,257416,34163
1791426619027689045,257432,34140
1791426619048817825,257456,34106
1791426619069924430,257472,34084
1791426619091317765,257488,34062
1791426619112133247,257512,34027
1791426619133370812,257528,34004
1791426619154721320,257552,33969
1791426619175651941,257568,33946
1791426619196341123,257592,33911
1791426619217834314,257608,33888
1791426619239276666,257632,33854
1791426619260905096,257648,33832
1791426619282287082,257672,33798
1791426619303462859,257688,33775
1791426619324407579,257712,33741
1791426619345670397,257728,33718
1791426619367474207,257752,33684
1791426619388562820,257768,33661
1791426619410097800,257792,33627
1791426619431374293,257808,33604
1791426619452290451,257832,33569
1791426619473438030,257848,33546
1791426619494899070,257872,33512
1791426619515806204,257888,33490
1791426619537634651,257912,33456
1791426619559347285,257928,33433
1791426619580098187,257952,33399
1791426619601221342,257968,33376
1791426619622590753,257992,33341
1791426619643785866,258008,33317
1791426619664882487,258032,33280
1791426619686084451,258048,33257
1791426619707432497,258072,33221
1791426619728115340,258088,33197
1791426619749153032,258112,33162
1791426619770717708,258128,33137
1791426619791824352,258152,33100
1791426619812704617,258168,33076
1791426619834213758,258192,33039
1791426619855402228,258208,33014
1791426619876457466,258232,32976
1791426619897642463,258248,32951
1791426619919026340,258272,32913
1791426619939889543,258288,32888
1791426619960867088,258312,32851
1791426619982242984,258328,32826
1791426620003398066,258352,32789
1791426620024013915,258368,32765
1791426620044995681,258392,32728
1791426620066423965,258416,32692
1791426620087490241,258432,32668
1791426620108268710,258448,32643
1791426620129411840,258472,32607
1791426620150928302,258488,32583
1791426620171753526,258512,32547
1791426620192596472,258528,32523
1791426620213799183,258552,32486
1791426620235360133,258568,32462
1791426620255940633,258592,32426
1791426620277403635,258608,32402
1791426620299031533,258632,32365
1791426620319725808,258648,32341
1791426620340700714,258672,32305
1791426620362182118,258688,32281
1791426620383220178,258712,32244
1791426620404353086,258728,32220
1791426620426222143,258752,32184
1791426620447488014,258768,32159
1791426620468260298,258792,32123
1791426620489327066,258808,32098
1791426620511252574,258832,32062
1791426620532972505,258848,32037
1791426620554171813,258872,32000
1791426620575462865,258888,31975
1791426620596327286,258912,31938
1791426620617615911,258928,31913
1791426620639279797,258952,31876
1791426620659927342,258968,31851
1791426620680936639,258992,31814
1791426620702526594,259008,31789
1791426620723631287,259032,31751
1791426620744698944,259048,31726
1791426620765785085,259072,31688
1791426620787442931,259088,31663
1791426620807762169,259112,31626
1791426620829271651,259128,31600
1791426620851009666,259152,31561
1791426620871831195,259168,31535
1791426620893991896,259192,31497
1791426620915524616,259208,31472
1791426620936989097,259232,31434
1791426620958305261,259248,31409
1791426620979861409,259272,31371
1791426621002437112,259288,31347
1791426621023471550,259312,31309
1791426621044372912,259336,31272
1791426621066983322,259352,31246
1791426621088376249,259368,31222
1791426621109626377,259392,31185
1791426621131320238,259408,31161
1791426621152225186,259432,31124
1791426621173231011,259456,31088
1791426621194955771,259472,31063
1791426621217344949,259488,31039
1791426621239317025,259512,31002
1791426621262233576,259536,30965
1791426621283598161,259552,30941
1791426621304316218,259568,30917
1791426621325585539,259592,30880
1791426621347195160,259608,30856
1791426621368142124,259632,30822
1791426621389154193,259648,30799
1791426621410755112,259672,30764
1791426621431934090,259696,30729
1791426621452698864,259712,30706
1791426621473931004,259728,30682
1791426621495440554,259752,30646
1791426621516245325,259768,30622
1791426621537164760,259792,30587
1791426621558316199,259808,30564
1791426621579594178,259832,30529
1791426621600179087,259848,30505
1791426621621373216,259872,30470
1791426621642953611,259888,30447
1791426621663875139,259912,30412
1791426621684976874,259928,30389
1791426621706568217,259952,30354
1791426621727789078,259968,30331
1791426621749013430,259992,30296
1791426621769703145,260008,30272
1791426621791180886,260032,30237
1791426621814184731,260048,30214
1791426621834807984,260072,30179
1791426621855897728,260088,30155
1791426621877021473,260112,30119
1791426621898431167,260128,30096
1791426621919651657,260152,30062
1791426621940535727,260168,30039
1791426621961469157,260192,30005
1791426621982720584,260208,29982
1791426622003544727,260232,29947
1791426622025267256,260248,29926
1791426622046283566,260272,29895
1791426622067436759,260288,29874
1791426622088214810,260312,29841
1791426622109160945,260328,29820
1791426622130681951,260352,29787
1791426622152042647,260376,29753
1791426622172924329,260392,29731
1791426622194523418,260408,29709
1791426622215694047,260432,29676
1791426622236682825,260448,29653
1791426622258353699,260472,29619
1791426622279738615,260488,29596
1791426622300572320,260512,29561
1791426622321926525,260528,29537
1791426622343530379,260552,29501
1791426622365802650,260568,29477
1791426622387425764,260592,29441
1791426622408392524,260608,29417
1791426622429347080,260632,29382
1791426622450694143,260648,29359
1791426622471827056,260672,29324
1791426622492747728,260688,29301
1791426622514115211,260712,29265
1791426622535490085,260728,29241
1791426622556417683,260752,29206
1791426622577560394,260768,29183
1791426622599436659,260792,29148
1791426622620143795,260808,29125
1791426622641631997,260832,29090
1791426622662367546,260848,29066
1791426622683484725,260872,29031
1791426622704309745,260888,29009
1791426622725428931,260912,28976
1791426622746848028,260928,28954
1791426622767856070,260952,28921
1791426622788781829,260968,28899
1791426622810758731,260992,28866
1791426622831619074,261008,28845
1791426622852918744,261032,28813
1791426622873785549,261048,28791
1791426622895470372,261072,28757
1791426622916216516,261088,28734
1791426622937125451,261112,28700
1791426622958536771,261128,28678
1791426622983475242,261152,28645
1791426623004371813,261168,28622
1791426623025728885,261192,28589
1791426623047610344,261216,28556
1791426623068294851,261232,28533
1791426623090008643,261248,28510
1791426623111359439,261272,28475
1791426623132324226,261288,28452
1791426623153372401,261312,28416
1791426623174737623,261328,28393
1791426623195730429,261352,28357
1791426623216845332,261368,28333
1791426623238125255,261392,28297
1791426623259408326,261408,28274
1791426623280195096,261432,28237
1791426623303655216,261448,28213
1791426623326649247,261472,28175
1791426623347433431,261488,28150
1791426623368437194,261512,28111
1791426623389807732,261528,28085
1791426623411437669,261552,28046
1791426623432460416,261576,28008
1791426623454025751,261592,27982
1791426623475943063,261616,27944
1791426623496647364,261632,27918
1791426623518076037,261648,27891
1791426623539613912,261672,27852
1791426623560329470,261688,27826
1791426623581312703,261712,27786
1791426623602766993,261728,27759
1791426623624627869,261752,27718
1791426623646103411,261768,27690
1791426623668212761,261792,27649
1791426623688816437,261808,27621
1791426623710249446,261832,27581
1791426623731409673,261848,27554
1791426623752352169,261872,27514
1791426623773341879,261888,27487
1791426623794089957,261912,27448
1791426623815488328,261928,27422
1791426623836366677,261952,27383
1791426623857904258,261968,27358
1791426623879768823,261992,27319
1791426623900342396,262008,27294
1791426623921711665,262032,27255
1791426623942903606,262048,27229
1791426623963928780,262072,27191
1791426623985034699,262096,27152
1791426624006406454,262112,27126
1791426624027660508,262128,27100
1791426624048521776,262152,27061
1791426624069909188,262168,27035
1791426624091895407,262192,26995
1791426624112138317,262208,26969
1791426624133194239,262232,26930
1791426624154671975,262248,26902
1791426624175964388,262272,26862
1791426624196723663,262296,26823
1791426624217760845,262312,26797
1791426624239308223,262328,26771
1791426624260090996,262352,26731
1791426624281087188,262368,26706
1791426624302696996,262392,26667
1791426624323955261,262416,26630
1791426624344790846,262432,26605
1791426624365813840,262448,26580
1791426624387303100,262472,26542
1791426624408071799,262488,26518
1791426624430291970,262512,26480
1791426624451635787,262536,26443
1791426624471882305,262552,26419
1791426624492787517,262568,26394
1791426624514189270,262592,26357
1791426624535512008,262608,26332
1791426624556227654,262632,26295
1791426624577819991,262656,26257
1791426624599437636,262672,26232
1791426624620042671,262688,26207
1791426624642587270,262712,26170
1791426624663538616,262728,26145
1791426624684318023,262752,26106
1791426624705631418,262768,26079
1791426624728343187,262792,26040
1791426624748030882,262808,26014
1791426624769109430,262832,25976
1791426624790362566,262848,25950
1791426624811568852,262872,25911
1791426624832524824,262888,25885
1791426624853827754,262912,25845
1791426624875463511,262928,25819
1791426624896405351,262952,25779
1791426624917353094,262968,25754
1791426624938921375,262992,25714
1791426624959782238,263008,25686
1791426624980712155,263032,25646
1791426625001878757,263048,25619
1791426625023060050,263072,25579
1791426625043907103,263088,25553
1791426625065785499,263112,25513
1791426625086096569,263128,25487
1791426625107548070,263152,25448
1791426625128218113,263168,25423
1791426625150593725,263192,25385
1791426625171633841,263208,25360
1791426625192649394,263232,25323
1791426625214132225,263248,25297
1791426625234809270,263272,25259
1791426625255780599,263288,25233
1791426625276713670,263312,25195
1791426625297869263,263328,25170
1791426623043623303,263352,25132
1791426623065107574,263368,25106
1791426623086342787,263392,25065
1791426623107899189,263408,25038
1791426623136189232,263432,24999
1791426623158626587,263456,24959
1791426623179594129,263472,24933
1791426623203143655,263488,24906
1791426623224872871,263512,24867
1791426623245792972,263528,24841
1791426623268010636,263552,24802
1791426623288939925,263568,24776
1791426623316497747,263592,24738
1791426623340454282,263608,24712
1791426623364449909,263632,24669
1791426623382958837,263656,24627
1791426623405149437,263672,24599
1791426623432110340,263696,24557
1791426623450000570,263712,24530
1791426623473028646,263736,24489
1791426623494014444,263752,24462
1791426623516890983,263776,24421
1791426623537832081,263792,24395
1791426623558988604,263808,24367
1791426623580551311,263832,24327
1791426623601343092,263848,24300
1791426623622721842,263872,24260
1791426623644333168,263888,24232
1791426623665104297,263912,24192
1791426623686451024,263928,24165
1791426623708252515,263952,24125
1791426623728993755,263968,24099
1791426623750276928,263992,24060
1791426623772322241,264008,24034
1791426623792952459,264032,23996
1791426623813882475,264048,23970
1791426623836119079,264072,23932
1791426623857640722,264096,23894
1791426623877827741,264112,23868
1791426623900144143,264128,23843
1791426623920929285,264152,23806
1791426623941801362,264168,23781
1791426623965207113,264192,23744
1791426623987178510,264208,23719
1791426624008394545,264232,23681
1791426624029223431,264248,23656
1791426624050341134,264272,23618
1791426624072767651,264288,23593
1791426624093795814,264312,23557
1791426624115385755,264328,23532
1791426624136646122,264352,23496
1791426624158666640,264376,23460
1791426624178810540,264392,23435
1791426624200357078,264408,23411
1791426624221402518,264432,23375
1791426624242816475,264448,23351
1791426624264268883,264472,23316
1791426624284937450,264488,23292
1791426624306052428,264512,23259
1791426624327819759,264528,23237
1791426624348559008,264552,23204
1791426624369632486,264568,23182
1791426624391011404,264592,23149
1791426624412394847,264608,23127
1791426624433230586,264632,23093
1791426624455496893,264648,23071
1791426624476640132,264672,23037
1791426624497604157,264688,23014
1791426624519027434,264712,22981
1791426624540459568,264728,22959
1791426624561262579,264752,22924
1791426624582355131,264768,22900
1791426624603696828,264792,22865
1791426624624659945,264808,22842
1791426624645866043,264832,22806
1791426624667318762,264848,22783
1791426624689257859,264872,22747
1791426624710609887,264888,22723
1791426624732195338,264912,22685
1791426624752996070,264928,22660
1791426624774205699,264952,22623
1791426624795468681,264968,22598
1791426624816439664,264992,22562
1791426624837338427,265008,22537
1791426624858552989,265032,22501
1791426624880286982,265048,22477
1791426624900986854,265072,22441
1791426624922279599,265088,22418
1791426624945410070,265112,22383
1791426624966570429,265128,22359
1791426624987912622,265152,22323
1791426625008649510,265168,22299
1791426625029662718,265192,22264
1791426625050916278,265208,22240
1791426625072256986,265232,22205
1791426625093120909,265248,22182
1791426625114334034,265272,22149
1791426625136248235,265288,22127
1791426625157091916,265312,22094
1791426625178180524,265328,22072
1791426625199588336,265352,22040
1791426625220738088,265368,22018
1791426625241379365,265392,21984
1791426625262649228,265408,21961
1791426625284401268,265432,21927
1791426625304900882,265448,21905
1791426625326050070,265472,21871
1791426625347591363,265488,21849
1791426625368466771,265512,21813
1791426625389295701,265528,21790
1791426625410302761,265552,21755
1791426625431716089,265568,21731
1791426625452676966,265592,21695
1791426625473810309,265608,21671
1791426625495880751,265632,21634
1791426625516551711,265648,21609
1791426625537485868,265672,21572
1791426625558656645,265688,21548
1791426625580206343,265712,21511
1791426625601470070,265736,21475
1791426625623176067,265752,21451
1791426625644840602,265776,21414
1791426625666963958,265792,21390
1791426625688190857,265808,21366
1791426625709789813,265832,21330
1791426625736578244,265848,21306
1791426625757710006,265872,21272
1791426625779142039,265888,21250
1791426625801129244,265912,21216
1791426625821609588,265928,21194
1791426625842799880,265952,21161
1791426625864186151,265968,21138
1791426625884986187,265992,21104
1791426625905961454,266008,21079
1791426625927229322,266032,21043
1791426625948426644,266048,21019
1791426625969215378,266072,20982
1791426625990286056,266088,20958
1791426626011902252,266112,20922
1791426626033332332,266128,20898
1791426626053653731,266152,20863
1791426626074947611,266168,20839
1791426626096292263,266192,20805
1791426626117254982,266208,20782
1791426626138096947,266232,20748
1791426626159566786,266248,20726
1791426626180193118,266272,20692
1791426626201075833,266288,20669
1791426626232035270,266312,20635
1791426626260001231,266328,20612
1791426626280719746,266352,20578
1791426626312053324,266376,20545
1791426626332682008,266392,20523
1791426626353522811,266408,20501
1791426626375267749,266432,20469
1791426626396439239,266448,20447
1791426626417801263,266472,20414
1791426626439834614,266496,20380
1791426626460426254,266512,20357
1791426626482454543,266528,20333
1791426626505974141,266552,20298
1791426626527423811,266568,20274
1791426626548971951,266592,20239
1791426626576607083,266616,20203
1791426626596836790,266632,20179
1791426626617931333,266648,20155
1791426626648705836,266672,20120
1791426626669799005,266688,20096
1791426626693395713,266712,20060
1791426626712304918,266728,20036
1791426626732939813,266752,19998
1791426626754148780,266768,19972
1791426626775626124,266792,19933
1791426626796559643,266808,19907
1791426626817397835,266832,19869
1791426626838697839,266848,19844
1791426626860280964,266872,19805
1791426626881554638,266888,19778
1791426626902977808,266912,19739
1791426626923167877,266928,19712
1791426626943945556,266952,19673
1791426626972010788,266976,19635
1791426627004015174,266992,19608
1791426627036003075,267016,19568
1791426627060297991,267032,19542
1791426627083114541,267056,19503
1791426627103345527,267072,19477
1791426627126412396,267088,19451
1791426627146286652,267112,19412
1791426627166784734,267128,19387
1791426627188557279,267152,19348
1791426627211726233,267176,19311
1791426627234297768,267192,19286
1791426627255007374,267208,19261
1791426627280162936,267232,19223
1791426627297131688,267256,19185
1791426627318032825,267272,19160
1791426627340172104,267288,19135
1791426627361855736,267312,19097
1791426627382880040,267328,19072
1791426627405180857,267352,19035
1791426627426151148,267368,19010
1791426627447841878,267392,18973
1791426627472224660,267408,18949
1791426627493066541,267432,18912
1791426627514169025,267448,18888
1791426627567751582,267472,18852
1791426627586305573,267488,18828
1791426627608295417,267512,18791
1791426627632026715,267536,18754
1791426627652958257,267552,18730
1791426627674179074,267576,18695
1791426627695943997,267592,18671
1791426627717005963,267616,18636
1791426627737823379,267632,18613
1791426627758940327,267648,18589
1791426627785003057,267672,18554
1791426627808645450,267688,18531
1791426627829204781,267712,18496
1791426627850354969,267728,18473
1791426627872217609,267752,18435
1791426627892996428,267768,18409
1791426627914283739,267792,18370
1791426627938248550,267808,18344
1791426627962967391,267832,18305
1791426627984381725,267848,18279
1791426628005076883,267872,18240
1791426628026359417,267888,18216
1791426628048137422,267912,18179
1791426628068909029,267936,18141
1791426628094753529,267952,18117
1791426628116198990,267968,18092
1791426628136882003,267992,18056
1791426628157864577,268008,18033
1791426628179295224,268032,17997
1791426628200381382,268048,17974
1791426628221281743,268072,17940
1791426628246132556,268096,17907
1791426628264676403,268112,17884
1791426628285578139,268128,17862
1791426628306995756,268152,17829
1791426628328400333,268168,17807
1791426628349232855,268192,17774
1791426628370633064,268208,17752
1791426628392052386,268232,17719
1791426628412675158,268248,17696
1791426628433896697,268272,17661
1791426628455289632,268288,17638
1791426628476730137,268312,17603
1791426628497495011,268328,17579
1791426628518928680,268352,17544
1791426628540282350,268368,17521
1791426628561105116,268392,17486
1791426628582150100,268408,17462
1791426628603547712,268432,17427
1791426628624555511,268448,17404
1791426628645580991,268472,17370
1791426628666990105,268488,17347
1791426628688296708,268512,17310
1791426628708917526,268528,17286
1791426628729811177,268552,17250
1791426628750980111,268568,17226
1791426628772379567,268592,17191
1791426628793143887,268608,17168
1791426628814137672,268632,17132
1791426628835413697,268648,17108
1791426628857474864,268672,17073
1791426628879448843,268688,17049
1791426628900300609,268712,17012
1791426628921174816,268728,16988
1791426628942437786,268752,16950
1791426628964038890,268768,16924
1791426628984594933,268792,16885
1791426629005523657,268808,16860
1791426629028380540,268832,16822
1791426629052687843,268856,16784
1791426629076889617,268872,16758
1791426629100542869,268896,16720
1791426629121011448,268912,16695
1791426629142049234,268928,16670
1791426629162791198,268952,16633
1791426629184319515,268968,16609
1791426629205196938,268992,16571
1791426629226473330,269016,16534
1791426629266702409,269032,16509
1791426629297312499,269056,16472
1791426629324075582,269072,16448
1791426629352604857,269088,16423
1791426629373689967,269112,16387
1791426629395011838,269128,16363
1791426629415859614,269152,16327
1791426629436905752,269176,16292
1791426629457694348,269192,16269
1791426629478980348,269208,16245
1791426629500488924,269232,16211
1791426629521918522,269248,16188
1791426629544846333,269272,16154
1791426629565778265,269296,16120
1791426629587191305,269312,16098
1791426629608489140,269328,16076
1791426629629062036,269352,16042
1791426629650340013,269368,16020
1791426629671963108,269392,15988
1791426629692599900,269408,15966
1791426629713403741,269432,15933
1791426629734978501,269448,15912
1791426629756247523,269472,15879
1791426629777082277,269488,15857
1791426629798187777,269512,15824
1791426629820044580,269528,15801
1791426629841487449,269552,15768
1791426629864979141,269576,15736
1791426629886393373,269592,15715
1791426629907153016,269608,15694
1791426629928426083,269632,15662
1791426629949358523,269648,15641
1791426629970559693,269672,15609
1791426629992202146,269688,15588
1791426630012833131,269712,15556
1791426630036482513,269736,15523
1791426630057917419,269752,15501
1791426630085837192,269776,15468
1791426630106132381,269792,15446
1791426630132102795,269816,15413
1791426630151233047,269832,15391
1791426630176274273,269848,15369
1791426630198874050,269872,15336
1791426630224439372,269888,15312
1791426630245244726,269912,15277
1791426630266722969,269928,15254
1791426630288328985,269952,15219
1791426630309140100,269968,15196
1791426630330771020,269992,15160
1791426630352347864,270008,15137
1791426630373101787,270032,15101
1791426630396366958,270048,15077
1791426630417726790,270072,15042
1791426630439430891,270096,15007
1791426630460726070,270112,14984
1791426630481272957,270128,14961
1791426630502760777,270152,14927
1791426630524296168,270168,14904
1791426630544948549,270192,14870
1791426630566022870,270208,14848
1791426630587533112,270232,14814
1791426630608604204,270248,14791
1791426630629659821,270272,14756
1791426630650956240,270288,14733
1791426630672333800,270312,14699
1791426630693146895,270328,14676
1791426630714479388,270352,14641
1791426630735715171,270368,14619
1791426630778320260,270392,14585
1791426630812221322,270408,14563
1791426630832708196,270432,14529
1791426630854930903,270448,14507
1791426630876391310,270472,14473
1791426630897102187,270488,14451
1791426630918300368,270512,14416
1791426630940573091,270528,14393
1791426630961268980,270552,14359
1791426630982633325,270568,14336
1791426631004442072,270592,14302
1791426631025188622,270608,14279
1791426631046544337,270632,14245
1791426631068192533,270648,14222
1791426631088920046,270672,14187
1791426631109844987,270688,14164
1791426631130796507,270712,14130
1791426631152270457,270728,14107
1791426631172746524,270752,14072
1791426631193772152,270768,14048
1791426631214887811,270792,14013
1791426631235973643,270808,13989
1791426631256641588,270832,13954
1791426631277286622,270848,13931
1791426631298362639,270872,13896
1791426631320014143,270888,13873
1791426631340704730,270912,13838
1791426631361427393,270928,13815
1791426631382476723,270952,13781
1791426631403794366,270968,13758
1791426631424832340,270992,13723
1791426631446394173,271008,13698
1791426631467961560,271032,13662
1791426631488564225,271048,13638
1791426631509611721,271072,13603
1791426631530949009,271088,13580
1791426631552220466,271112,13546
1791426631573236585,271128,13523
1791426631594480270,271152,13489
1791426631616819069,271168,13466
1791426631637889923,271192,13432
1791426631659202577,271208,13410
1791426631680317728,271232,13377
1791426631708160195,271248,13354
1791426631732198140,271280,13310
1791426631746774769,271288,13299
1791426631768214418,271312,13267
1791426631788995460,271328,13245
1791426631809913744,271352,13213
1791426631831489573,271368,13190
1791426631852670597,271392,13157
1791426631873404077,271408,13135
1791426631895082819,271432,13102
1791426631916527308,271448,13080
1791426631937359804,271472,13048
1791426631958847272,271488,13026
1791426631980434011,271512,12992
1791426632001260897,271528,12969
1791426632022657789,271552,12935
1791426632044522876,271576,12902
1791426632064857804,271592,12880
1791426632085976247,271608,12859
1791426632107022818,271632,12824
1791426632128277393,271648,12802
1791426632148947844,271672,12768
1791426632170002441,271688,12746
1791426632191506317,271712,12713
1791426632212404183,271728,12690
1791426632233254759,271752,12655
1791426632254345743,271768,12631
1791426632276286417,271792,12596
1791426632296672415,271808,12573
1791426632317660419,271832,12539
1791426632339298364,271848,12517
1791426632360331546,271872,12484
1791426632381222020,271888,12462
1791426632402482734,271912,12429
1791426632424880045,271928,12407
1791426632446009049,271952,12375
1791426632467457200,271968,12354
1791426632488600467,271992,12322
1791426632509888297,272008,12300
1791426632531312222,272032,12267
1791426632552274037,272048,12246
1791426632573519339,272072,12215
1791426632595052580,272096,12184
1791426632616298561,272112,12164
1791426632637068881,272128,12142
1791426632658304731,272152,12109
1791426632680053871,272168,12088
1791426632701003258,272192,12056
1791426632721686277,272208,12034
1791426632742890859,272232,12003
1791426632764358904,272248,11981
1791426632785207048,272272,11949
1791426632806517453,272288,11928
1791426632828282620,272312,11896
1791426632849196943,272328,11875
1791426632870502213,272352,11843
1791426632892375174,272368,11822
1791426632913439981,272392,11791
1791426632934576128,272408,11769
1791426632956053832,272432,11738
1791426632976948355,272448,11717
1791426632998008685,272472,11687
1791426633019291608,272488,11666
1791426633040398112,272512,11635
1791426633061387624,272528,11615
1791426633082548452,272552,11584
1791426633104129091,272568,11564
1791426633125243057,272592,11533
1791426633146346178,272608,11513
1791426633167290597,272632,11479
1791426633188907723,272648,11457
1791426633209857275,272672,11425
1791426633231182295,272688,11404
1791426633252456795,272712,11373
1791426633273432517,272728,11352
1791426633294665428,272752,11318
1791426633316471051,272768,11294
1791426633336989276,272792,11259
1791426633357901743,272808,11237
1791426633379497800,272832,11204
1791426633400567237,272848,11183
1791426633421417635,272872,11151
1791426633442818653,272888,11131
1791426633464088395,272912,11100
1791426633485062900,272928,11080
1791426633506286527,272952,11050
1791426633529285874,272976,11021
1791426633552088154,272992,11001
1791426633571614031,273008,10980
1791426633593091783,273032,10949
1791426633614270864,273056,10918
1791426633636468487,273072,10897
1791426633657086985,273088,10876
1791426633678329986,273112,10846
1791426633699580121,273128,10824
1791426633720477092,273152,10791
1791426633741454659,273176,10759
1791426633762338861,273192,10738
1791426633783965107,273216,10706
1791426633804761639,273232,10686
1791426633825684465,273248,10664
1791426633847068576,273272,10631
1791426633868700431,273296,10599
1791426633889625310,273312,10578
1791426633910589032,273328,10557
1791426633932065467,273352,10526
1791426633952856198,273376,10496
1791426633974549445,273392,10476
1791426633996382939,273416,10448
1791426634017190372,273432,10428
1791426634038203923,273448,10409
1791426634059974040,273472,10380
1791426634080773511,273488,10361
1791426634101851198,273512,10331
1791426634123251126,273528,10312
1791426634144660246,273552,10283
1791426634165505181,273568,10264
1791426634186821701,273592,10236
1791426634208385366,273608,10217
1791426634229069053,273632,10189
1791426634250153089,273648,10170
1791426634272671421,273672,10143
1791426634294355822,273688,10126
1791426634316378060,273712,10099
1791426634337021091,273736,10074
1791426634358191435,273752,10055
1791426634380701810,273768,10037
1791426634401655771,273792,10009
1791426634423401621,273816,9982
1791426634444410224,273832,9964
1791426634465156901,273848,9946
1791426634486447931,273872,9919
1791426634508404925,273888,9900
1791426634529087406,273912,9873
1791426634550160251,273928,9855
1791426634571707829,273952,9828
1791426634592697865,273968,9810
1791426634613794393,273992,9781
1791426634635518178,274008,9760
1791426634656522010,274032,9730
1791426634677588884,274048,9710
1791426634698918493,274072,9680
1791426634720229497,274088,9661
1791426634741187657,274112,9632
1791426634762079471,274128,9612
1791426634783916103,274152,9582
1791426634804833833,274168,9563
1791426634825819584,274192,9535
1791426634847115117,274208,9516
1791426634868452388,274232,9489
1791426634889290287,274248,9469
1791426634910650029,274272,9440
1791426634932319354,274288,9421
1791426634952966815,274312,9392
1791426634973940397,274328,9373
1791426634995263946,274352,9345
1791426635016441766,274368,9327
1791426635037386684,274392,9299
1791426635058561421,274408,9281
1791426635080736392,274432,9253
1791426635101526100,274456,9226
1791426635122454312,274472,9208
1791426635145094696,274496,9181
1791426635167802673,274512,9163
1791426635188872878,274528,9146
1791426635210191362,274552,9119
1791426635234796005,274568,9102
1791426635256289074,274592,9076
1791426635277126127,274608,9059
1791426635298504977,274632,9033
1791426635320138295,274648,9016
1791426635340866636,274672,8991
1791426635362070199,274688,8975
1791426635383649152,274712,8950
1791426635404425412,274728,8934
1791426635425130547,274752,8909
1791426635446285232,274768,8892
1791426635467911638,274792,8868
1791426635488712422,274808,8852
1791426635509719708,274832,8829
1791426635531207093,274848,8813
1791426635552366791,274872,8790
1791426635573315758,274888,8774
1791426635594557194,274912,8749
1791426635615977025,274928,8734
1791426635656544150,274952,8709
1791426635687851156,274968,8693
1791426635719524074,274992,8667
1791426635744787844,275008,8650
1791426635765984460,275032,8624
1791426635787280978,275048,8607
1791426635809222972,275072,8581
1791426635832095637,275088,8564
1791426635854324575,275112,8538
1791426635875686132,275128,8521
1791426635896571464,275152,8495
1791426635917893564,275168,8478
1791426635938993803,275192,8452
1791426635960472174,275208,8435
1791426635981221957,275232,8410
1791426636002495413,275256,8381
1791426636024765140,275272,8362
1791426636045312054,275296,8334
1791426636066184698,275312,8315
1791426636088453211,275336,8288
1791426636111402007,275352,8270
1791426636132409210,275368,8251
1791426636157074831,275392,8223
1791426636183462518,275408,8204
1791426636204743657,275432,8176
1791426636225763750,275448,8158
1791426636247430413,275472,8131
1791426636268146814,275488,8113
1791426636288999436,275512,8085
1791426636310185901,275528,8067
1791426636331455395,275552,8040
1791426636353542589,275568,8022
1791426636374669275,275592,7996
1791426636396091053,275608,7978
1791426636416678365,275632,7950
1791426636437788609,275648,7931
1791426636459125430,275672,7904
1791426636480584333,275696,7877
1791426636501079556,275712,7860
1791426636522413067,275736,7835
1791426636543873490,275752,7820
1791426636564956256,275768,7805
1791426636585847170,275792,7782
1791426636607210668,275808,7768
1791426636628555335,275832,7746
1791426636649621912,275856,7724
1791426636670843320,275872,7709
1791426636692136648,275888,7694
1791426636713135153,275912,7671
1791426636733774095,275928,7656
1791426636755114549,275952,7633
1791426636776425431,275968,7619
1791426636797731456,275992,7598
1791426636818731882,276008,7584
1791426636840401471,276032,7563
1791426636861231919,276056,7542
1791426636882509887,276072,7529
1791426636904006222,276088,7515
1791426636924821251,276112,7495
1791426636946170042,276136,7476
1791426636967639701,276152,7463
1791426636988693494,276168,7450
1791426637009972918,276192,7430
1791426637031338188,276208,7417
1791426637052359568,276232,7398
1791426637073221895,276248,7384
1791426637094598750,276272,7363
1791426637116225519,276288,7350
1791426637136977968,276312,7329
1791426637158097870,276328,7315
1791426637179519096,276352,7295
1791426637200773112,276368,7280
1791426637221636382,276392,7257
1791426637242800992,276408,7242
1791426637264156290,276432,7219
1791426637284661589,276448,7204
1791426637305676615,276472,7182
1791426637327476161,276496,7159
1791426637348533095,276512,7142
1791426637369475948,276536,7118
1791426637390655879,276552,7101
1791426637412314502,276568,7085
1791426637433138703,276592,7062
1791426637454359435,276608,7046
1791426637475802242,276632,7022
1791426637496605977,276648,7005
1791426637517845923,276672,6981
1791426637539074779,276688,6965
1791426637560507628,276712,6941
1791426637582752537,276728,6925
1791426637615935925,276752,6902
1791426637659598414,276776,6878
1791426637690935176,276792,6863
1791426637728376027,276808,6848
1791426637749948949,276832,6824
1791426637772724975,276848,6809
1791426637798281179,276872,6785
1791426637819922847,276888,6769
1791426637841045344,276912,6745
1791426637864589446,276936,6722
1791426637884635035,276952,6708
1791426637914598907,276976,6686
1791426637937290880,276992,6672
1791426637958312928,277008,6657
1791426637980244725,277032,6636
1791426638000878553,277048,6622
1791426638025181513,277072,6601
1791426638046309064,277088,6588
1791426638069512804,277112,6567
1791426638091432565,277136,6548
1791426638112712348,277152,6534
1791426638133514183,277176,6514
1791426638154898735,277192,6500
1791426638176674521,277208,6487
1791426638197507296,277232,6467
1791426638218298914,277248,6454
1791426638240269615,277272,6435
1791426638260911294,277288,6422
1791426638282017338,277312,6404
1791426638303769134,277328,6392
1791426638324591082,277352,6374
1791426638345570381,277368,6362
1791426638367054168,277392,6346
1791426638388713526,277408,6336
1791426638409397699,277432,6320
1791426638430798932,277448,6310
1791426638452422283,277472,6293
1791426638473415819,277488,6282
1791426638494576589,277512,6265
1791426638516199211,277528,6253
1791426638536954470,277552,6236
1791426638558328952,277568,6225
1791426638579758439,277592,6208
1791426638600866762,277608,6197
1791426638621724271,277632,6181
1791426638643288769,277648,6170
1791426638664606882,277672,6153
1791426638685698827,277688,6142
1791426638707111446,277712,6125
1791426638728581935,277736,6108
1791426638749112156,277752,6097
1791426638770116107,277768,6085
1791426638791929552,277792,6068
1791426638812674153,277808,6057
1791426638833494823,277832,6041
1791426638854752271,277848,6031
1791426638876370049,277872,6015
1791426638897171721,277888,6005
1791426638918597555,277912,5989
1791426638939804795,277936,5974
1791426638960585928,277952,5963
1791426638981362604,277968,5953
1791426639002864307,277992,5939
1791426639024389310,278008,5928
1791426639045086408,278032,5914
1791426639066337510,278048,5904
1791426639087862564,278072,5891
1791426639109023464,278096,5877
1791426639129620057,278112,5868
1791426639151068378,278128,5857
1791426639172097961,278152,5842
1791426639193201224,278168,5832
1791426639214293017,278192,5817
1791426639235638545,278208,5806
1791426639256460885,278232,5791
1791426639277489662,278248,5780
1791426639298722451,278272,5764
1791426639319966237,278288,5754
1791426639340834694,278312,5738
1791426639361748082,278328,5728
1791426639382713270,278352,5713
1791426639404128302,278368,5703
1791426639424692955,278392,5687
1791426639445627665,278408,5676
1791426639466665459,278432,5660
1791426639487763633,278448,5650
1791426639508835312,278472,5634
1791426639529898231,278488,5624
1791426639551430344,278512,5610
1791426639572821579,278528,5601
1791426639593906492,278552,5587
1791426639615734322,278576,5572
1791426639637507547,278592,5563
1791426639659079944,278616,5548
1791426639680489708,278632,5537
1791426639701190300,278648,5527
1791426639722309115,278672,5511
1791426639743698032,278688,5501
1791426639764504644,278712,5485
1791426639785513214,278728,5475
1791426639806824441,278752,5459
1791426639828139604,278768,5449
1791426639848918458,278792,5433
1791426639869939970,278808,5423
1791426639891415917,278832,5408
1791426639912280362,278848,5399
1791426639946466154,278872,5385
1791426639967914828,278888,5376
1791426639988777807,278912,5363
1791426640009807986,278928,5354
1791426640030879177,278952,5341
1791426640052374260,278968,5332
1791426640073194231,278992,5318
1791426640095576357,279008,5309
1791426640117686953,279032,5295
1791426640139207134,279048,5287
1791426640160450093,279072,5273
1791426640181218559,279088,5264
1791426640202511956,279112,5250
1791426640224638072,279128,5241
1791426640245721822,279152,5227
1791426640267182709,279168,5217
1791426640288470942,279192,5203
1791426640309792477,279208,5194
1791426640330746918,279232,5179
1791426640352273791,279248,5171
1791426640373169970,279272,5158
1791426640394412111,279288,5150
1791426640416338259,279312,5137
1791426640436699543,279328,5129
1791426640457761613,279352,5116
1791426640479044941,279368,5108
1791426640500312774,279392,5097
1791426640521797804,279408,5089
1791426640543352451,279432,5078
1791426640564329108,279448,5070
1791426640585585718,279472,5059
1791426640607068595,279488,5051
1791426640628329294,279512,5039
1791426640649043955,279528,5031
1791426640670202887,279552,5019
1791426640691982461,279568,5011
1791426640712532585,279592,4998
1791426640733533862,279608,4989
1791426640755225792,279632,4979
1791426640776151795,279648,4972
1791426640796924620,279672,4961
1791426640818276058,279688,4954
1791426640839794171,279712,4943
1791426640860642948,279728,4935
1791426640881695636,279752,4925
1791426640903365512,279768,4918
1791426640924624022,279792,4908
1791426640945292968,279808,4902
1791426640966532254,279832,4892
1791426640988375999,279856,4882
1791426641009002676,279872,4875
1791426641030079811,279888,4870
1791426641051528352,279912,4860
1791426641072480255,279928,4854
1791426641096730663,279952,4844
1791426641120109553,279968,4837
1791426641140850811,279992,4827
1791426641162300138,280008,4821
1791426641183706216,280032,4812
1791426641206962916,280048,4806
1791426641228555194,280072,4796
1791426641251352974,280096,4786
1791426641284390282,280112,4778
1791426641304849264,280128,4772
1791426641325707842,280152,4762
1791426641349006364,280168,4755
1791426641369956414,280192,4745
1791426641391586913,280208,4738
1791426641413096842,280232,4726
1791426641433894178,280248,4720
1791426641455737371,280272,4709
1791426641476897397,280288,4702
1791426641497955668,280312,4692
1791426641519243309,280328,4685
1791426641540411154,280352,4674
1791426641561696116,280376,4663
1791426641582500310,280392,4655
1791426641604586963,280408,4647
1791426641625209770,280432,4636
1791426641646236554,280448,4628
1791426641667753452,280472,4617
1791426641688625971,280488,4609
1791426641709580585,280512,4598
1791426641731071674,280528,4590
1791426641752511126,280552,4577
1791426641773519501,280568,4568
1791426641795088533,280592,4556
1791426641816571537,280608,4547
1791426641837629313,280632,4535
1791426641858900046,280648,4526
1791426641880433343,280672,4513
1791426641901463260,280688,4505
1791426641923063986,280712,4492
1791426641944289082,280728,4484
1791426641964906467,280752,4472
1791426641986431350,280776,4460
1791426642008849673,280792,4451
1791426642029715453,280808,4442
1791426642051172830,280832,4429
1791426642072694475,280856,4416
1791426642093357251,280872,4406
1791426642114343279,280888,4396
1791426642135606012,280912,4381
1791426642156590045,280928,4371
1791426642177410330,280952,4355
1791426642198671501,280968,4345
1791426642220148315,280992,4330
1791426642240645637,281008,4321
1791426642261716784,281032,4308
1791426642283044119,281048,4300
1791426642304386223,281072,4286
1791426642325401168,281088,4278
1791426642346456005,281112,4264
1791426642368650481,281128,4256
1791426642389645959,281152,4243
1791426642410867105,281168,4235
1791426642432594185,281192,4222
1791426642453501388,281216,4209
1791426642474418598,281232,4200
1791426642495629903,281248,4190
1791426642517119839,281272,4175
1791426642537924591,281288,4165
1791426642560096681,281312,4149
1791426642581023058,281336,4133
1791426642602269670,281352,4122
1791426642624235101,281376,4106
1791426642645093028,281392,4096
1791426642665781339,281408,4085
1791426642686916897,281432,4069
1791426642708498691,281448,4059
1791426642729209654,281472,4043
1791426642752758495,281488,4033
1791426642773830603,281512,4019
1791426642795327819,281528,4010
1791426642816430622,281552,3996
1791426642837475659,281568,3986
1791426642858953161,281592,3972
1791426642880293885,281608,3962
1791426642901432115,281632,3948
1791426642922191104,281648,3938
1791426642943932045,281672,3924
1791426642964717336,281688,3914
1791426642985891025,281712,3900
1791426643007802474,281728,3890
1791426643028616838,281752,3875
1791426643049309530,281776,3860
1791426643070623928,281792,3849
1791426643092144715,281808,3839
1791426643113907146,281832,3823
1791426643135514064,281848,3813
1791426643156271964,281872,3798
1791426643177127119,281888,3788
1791426643198509673,281912,3773
1791426643220241128,281928,3763
1791426643240945813,281952,3748
1791426643262066824,281968,3738
1791426643283273250,281992,3724
1791426643304337589,282008,3715
1791426643325228407,282032,3701
1791426643346396605,282048,3692
1791426643367981467,282072,3677
1791426643388768296,282088,3667
1791426643409726834,282112,3652
1791426643430933234,282128,3641
1791426643452533065,282152,3624
1791426643473733053,282168,3612
1791426643494824821,282192,3596
1791426643516219196,282208,3584
1791426643536972438,282232,3568
1791426643558132937,282248,3557
1791426643579491992,282272,3541
1791426643600594328,282288,3530
1791426643621788019,282312,3514
1791426643643029531,282328,3503
1791426643664844522,282352,3487
1791426643685518284,282368,3478
1791426643707484673,282392,3463
1791426643730216708,282408,3454
1791426643749519675,282432,3440
1791426643770674360,282448,3430
1791426643792245723,282472,3415
1791426643813698288,282488,3405
1791426643834921485,282512,3389
1791426643856225901,282528,3378
1791426643876981306,282552,3362
1791426643898052350,282568,3351
1791426643919587593,282592,3335
1791426643940461506,282608,3324
1791426643961273728,282632,3307
1791426643982520069,282648,3296
1791426644004160049,282672,3279
1791426644024698299,282688,3268
1791426644045688685,282712,3252
1791426644066996741,282736,3236
1791426644088222566,282752,3223
1791426644108942743,282768,3211
1791426644130073336,282792,3193
1791426644151023904,282808,3180
1791426644172255453,282832,3162
1791426644193153295,282848,3149
1791426644214242889,282872,3132
1791426644235762577,282896,3118
1791426644257896493,282912,3108
1791426644279196196,282928,3098
1791426644300322461,282952,3083
1791426644321098931,282968,3073
1791426644342881730,282992,3059
1791426644364037400,283008,3050
1791426644384744500,283032,3037
1791426644406051010,283056,3023
1791426644427817037,283072,3014
1791426644448702069,283088,3005
1791426644469889397,283112,2992
1791426644492733899,283128,2982
1791426644513971864,283152,2968
1791426644535759357,283176,2953
1791426644558231676,283192,2943
1791426644579174728,283216,2928
1791426644601201908,283232,2918
1791426644621637483,283256,2903
1791426644642579153,283272,2893
1791426644664410783,283288,2883
1791426644685298773,283312,2867
1791426644706420288,283336,2852
1791426644727753685,283352,2842
1791426644749032018,283376,2828
1791426644770148494,283392,2819
1791426644791027526,283408,2810
1791426644812441436,283432,2798
1791426644833191904,283448,2789
1791426644855348936,283472,2777
1791426644876485658,283488,2769
1791426644897344381,283512,2758
1791426644918623204,283528,2750
1791426644940440772,283552,2739
1791426644960932840,283568,2732
1791426644981689499,283592,2720
1791426645002883962,283608,2712
1791426645024369302,283632,2700
1791426645045228717,283648,2692
1791426645066854257,283672,2681
1791426645088589439,283688,2674
1791426645109465346,283712,2662
1791426645130804080,283728,2655
1791426645152377094,283752,2644
1791426645173217200,283768,2637
1791426645194443291,283792,2627
1791426645216186536,283808,2621
1791426645236823382,283832,2611
1791426645257869612,283848,2604
1791426645279291726,283872,2593
1791426645300559410,283888,2585
1791426645321470699,283912,2573
1791426645342595102,283928,2564
1791426645364021217,283952,2552
1791426645384618168,283968,2544
1791426645405773236,283992,2531
1791426645427288540,284008,2521
1791426645448348514,284032,2507
1791426645469069837,284048,2497
1791426645490653832,284072,2483
1791426645512280693,284088,2473
1791426645533217676,284112,2458
1791426645554465560,284128,2447
1791426645576291590,284152,2431
1791426645597269468,284168,2419
1791426645618489268,284192,2401
1791426645639712889,284208,2389
1791426645661012073,284232,2372
1791426645681984166,284248,2361
1791426645703587458,284272,2344
1791426645724577656,284288,2333
1791426645745299655,284312,2316
1791426645766515613,284328,2304
1791426645788122619,284352,2288
1791426645808889062,284368,2277
1791426645830526802,284392,2261
1791426645851591295,284408,2250
1791426645872809147,284432,2234
1791426645893598077,284448,2223
1791426645915208862,284472,2206
1791426645936370289,284488,2195
1791426645957203286,284512,2177
1791426645978367633,284528,2165
1791426646000208501,284552,2147
1791426646021309879,284568,2136
1791426646042636909,284592,2118
1791426646064271339,284608,2107
1791426646085063845,284632,2088
1791426646106330015,284648,2076
1791426646128243517,284672,2059
1791426646149162424,284688,2047
1791426646170298618,284712,2030
1791426646191976788,284728,2018
1791426646212855119,284752,2003
1791426646234036888,284768,1992
1791426646255997172,284792,1977
1791426646276802757,284808,1967
1791426646297900901,284832,1952
1791426646319561665,284848,1943
1791426646340599816,284872,1928
1791426646361554606,284888,1918
1791426646382899488,284912,1904
1791426646404381127,284928,1894
1791426646425096720,284952,1881
1791426646446365317,284968,1872
1791426646468120190,284992,1858
1791426646488709865,285008,1849
1791426646509612287,285032,1835
1791426646530995472,285048,1826
1791426646552401869,285072,1813
1791426646573350867,285088,1805
1791426646594750823,285112,1792
1791426646616206904,285128,1784
1791426646637060247,285152,1773
1791426646658417158,285168,1766
1791426646680097763,285192,1755
1791426646700610445,285208,1748
1791426646721856337,285232,1738
1791426646743159949,285248,1731
1791426646764515061,285272,1722
1791426646785612205,285288,1716
1791426646807213442,285312,1708
1791426646828885106,285328,1702
1791426646850292045,285352,1694
1791426646871702492,285368,1689
1791426646893520476,285392,1682
1791426646914837113,285408,1677
1791426646936382576,285432,1670
1791426646957193335,285448,1665
1791426646978595635,285472,1657
1791426646999696251,285488,1652
1791426647021106180,285512,1645
1791426647042159493,285528,1639
1791426647064003353,285552,1631
1791426647084787159,285568,1626
1791426647105769374,285592,1617
1791426647127299785,285608,1611
1791426647148782811,285632,1601
1791426647169496249,285648,1594
1791426647190896123,285672,1583
1791426647212387457,285688,1575
1791426647233148011,285712,1563
1791426647254273437,285728,1555
1791426647275795807,285752,1542
1791426647296685729,285768,1533
1791426647317713161,285792,1520
1791426647339228814,285808,1512
1791426647361016306,285832,1498
1791426647382301852,285848,1489
1791426647404177560,285872,1476
1791426647424787702,285888,1466
1791426647446040082,285912,1452
1791426647467617373,285928,1443
1791426647488703319,285952,1429
1791426647509571069,285968,1420
1791426647531172734,285992,1406
1791426647552520856,286016,1392
1791426647573171486,286032,1384
1791426647594217681,286048,1375
1791426647615945387,286072,1362
1791426647637013288,286088,1353
1791426647657963353,286112,1339
1791426647679761408,286128,1330
1791426647700741623,286152,1315
1791426647721731154,286168,1306
1791426647743247241,286192,1292
1791426647764468640,286208,1282
1791426647785229483,286232,1268
1791426647806876863,286248,1258
1791426647828285560,286272,1243
1791426647848866221,286288,1233
1791426647869788295,286312,1217
1791426647891254916,286328,1207
1791426647912175879,286352,1190
1791426647932810200,286368,1179
1791426647953689933,286392,1163
1791426647975140424,286408,1153
1791426647996560972,286432,1137
1791426648017239041,286448,1127
1791426648038644369,286472,1111
1791426648060102476,286488,1101
1791426648080975794,286512,1086
1791426648101993575,286528,1076
1791426648123772990,286552,1062
1791426648144784092,286576,1047
1791426648165660297,286592,1037
1791426648187247770,286608,1028
1791426648208595847,286632,1013
1791426648229126121,286648,1003
1791426648250258909,286672,989
1791426648271992213,286688,979
1791426648292852969,286712,964
1791426648313899378,286728,955
1791426648335032958,286752,940
1791426648356192525,286768,930
1791426648377163838,286792,916
1791426648398168759,286808,907
1791426648419808861,286832,893
1791426648440688075,286848,884
1791426648461463614,286872,870
1791426648485029952,286896,855
1791426648506478316,286912,846
1791426648527578008,286928,837
1791426648548607687,286952,824
1791426648570375803,286976,811
1791426648592880459,286992,803
1791426648613931989,287008,796
1791426648635585584,287032,787
1791426648656563425,287048,780
1791426648677665345,287072,772
1791426648699432102,287088,766
1791426648720760404,287112,758
1791426648741707803,287128,753
1791426648763252972,287152,745
1791426648784639866,287168,740
1791426648805717700,287192,733
1791426648827332826,287208,729
1791426648848505213,287232,723
1791426648869262973,287248,719
1791426648890746364,287272,715
1791426648912452336,287288,712
1791426648933292700,287312,707
1791426648954637594,287328,704
1791426648976247132,287352,700
1791426648997038207,287368,697
1791426649018349837,287392,693
1791426649040255186,287408,691
1791426649061062483,287432,687
1791426649082273109,287448,684
1791426649103927235,287472,681
1791426649124936110,287488,679
1791426649146239227,287512,677
1791426649167635439,287528,675
1791426649188634173,287552,672
1791426649210206662,287576,669
1791426649231136561,287592,667
1791426649252442824,287608,665
1791426649273659648,287632,662
1791426649294939403,287648,659
1791426649316378748,287672,656
1791426649337204890,287688,653
1791426649358374343,287712,649
1791426649380233608,287728,646
1791426649400998473,287752,641
1791426649422300160,287768,638
1791426649444302289,287792,634
1791426649465167761,287808,630
1791426649486496422,287832,625
1791426649508272861,287848,621
1791426649529091896,287872,616
1791426649550338195,287888,612
1791426649571740158,287912,605
1791426649592644901,287928,601
1791426649613534740,287952,595
1791426649634948843,287968,591
1791426649656317915,287992,585
1791426649677188698,288008,581
1791426649698390164,288032,574
1791426649720092061,288048,571
1791426649740717578,288072,565
1791426649761695899,288088,562
1791426649783957464,288112,557
1791426649804285760,288128,554
1791426649825115566,288152,549
1791426649846097219,288168,546
1791426649867628721,288192,541
1791426649888569390,288208,538
1791426649909540532,288232,533
1791426649931117703,288248,530
1791426649952529514,288272,525
1791426649973478736,288288,522
1791426649995002167,288312,516
1791426650016437830,288328,513
1791426650037571676,288352,508
1791426650059081300,288368,504
1791426650080450495,288392,498
1791426650101490040,288408,494
1791426650122873707,288432,489
1791426650144277275,288448,485
1791426650165065868,288472,479
1791426650186112128,288488,475
1791426650207952834,288512,469
1791426650228860888,288528,465
1791426650249987320,288552,459
1791426650271304535,288568,456
1791426650292894409,288592,451
1791426650313403011,288608,449
1791426650339786176,288632,445
1791426650360718011,288648,442
1791426650381631484,288672,438
1791426650404357006,288696,433
1791426650425090437,288712,430
1791426650445840853,288728,427
1791426650467272141,288752,423
1791426650488320776,288768,420
1791426650509177593,288792,416
1791426650530458338,288808,413
1791426650552061046,288832,410
1791426650572735093,288848,408
1791426650593623041,288872,405
1791426650614880795,288888,403
1791426650636351617,288912,400
1791426650657127373,288928,398
1791426650678212161,288952,394
1791426650699685379,288968,392
1791426650720585308,288992,389
1791426650741584696,289008,387
1791426650762847135,289032,384
1791426650784200356,289048,382
1791426650804847349,289072,378
1791426650826992116,289088,376
1791426650848289278,289112,372
1791426650869079622,289128,369
1791426650890301595,289152,366
1791426650911491565,289168,363
1791426650932530199,289192,358
1791426650953192433,289208,354
1791426650974498205,289232,350
1791426650996179837,289248,346
1791426651017016052,289272,342
1791426651037998625,289288,338
1791426651059278985,289312,333
1791426651080203421,289328,330
1791426651101072511,289352,324
1791426651122060908,289368,321
1791426651143254783,289392,316
1791426651164599103,289408,313
1791426651185247863,289432,308
1791426651206804193,289448,305
1791426651228049701,289472,301
1791426651248831747,289488,299
1791426651269826788,289512,296
1791426651290879289,289528,294
1791426651312338321,289552,291
1791426651333187779,289568,289
1791426651354223477,289592,286
1791426651375518985,289608,283
1791426651396835533,289632,280
1791426651417550616,289656,276
1791426651439417777,289672,274
1791426651461370530,289696,270
1791426651481408648,289712,267
1791426651502661873,289728,265
1791426651524102873,289752,261
1791426651544793303,289768,258
1791426651565858293,289792,254
1791426651587445469,289808,252
1791426651608856030,289832,249
1791426651630042614,289848,247
1791426651651286852,289872,243
1791426651672376868,289888,241
1791426651693321514,289912,237
1791426651714466853,289928,235
1791426651735815288,289952,231
1791426651756671633,289968,229
1791426651777772901,289992,225
1791426651798966631,290008,222
1791426651820247966,290032,217
1791426651841384997,290048,214
1791426651864004983,290072,208
1791426651884651114,290088,204
1791426651905922297,290112,198
1791426651926491346,290128,194
1791426651948012424,290152,187
1791426651968825941,290168,183
1791426651989704114,290192,177
1791426652011133254,290208,173
1791426652032503711,290232,167
1791426652053328357,290248,163
1791426652074535546,290272,157
1791426652096157161,290288,152
1791426652116686656,290312,146
1791426652137473427,290328,142
1791426652158755259,290352,137
1791426652180297729,290368,134
1791426652201128351,290392,129
1791426652222328240,290408,125
1791426652244068018,290432,120
1791426652264738409,290448,116
1791426652285760287,290472,111
1791426652307372387,290488,107
1791426652328337602,290512,101
1791426652349178703,290528,97
1791426652370484873,290552,92
1791426652392183347,290568,88
1791426652412859195,290592,83
1791426652434218283,290608,79
1791426652455818430,290632,73
1791426652476763271,290648,69
1791426652498354459,290672,64
1791426652519351339,290696,59
1791426652540503858,290712,57
1791426652561542250,290736,56
1791426652582974770,290752,55
1791426652604212188,290776,53
1791426652624717784,290792,52
1791426652646149651,290816,49
1791426652667575111,290832,48
1791426652688532275,290848,47
1791426652709397772,290872,45
1791426652730904617,290888,44
1791426652752188708,290912,43
1791426652772996073,290936,42
1791426652798909961,290952,41
1791426652820555427,290968,40
1791426652841584986,290992,39
1791426652862980318,291008,38
1791426652884391126,291032,37
1791426652905903100,291048,36
1791426652927717255,291072,35
1791426652978801324,291088,34
1791426653000414432,291112,34
1791426653021363605,291128,33
1791426653042662138,291152,33
1791426653068944219,291168,33
1791426653095404580,291200,33
1791426653110880679,291208,33
1791426653132209291,291232,33
1791426653152962268,291248,33
1791426653173897290,291272,33
1791426653195917883,291288,32
1791426653216682031,291312,32
1791426653237750257,291328,32
1791426653259259317,291352,32
1791426653280545998,291368,32
1791426653301375417,291392,32
1791426653322641701,291408,32
1791426653344154312,291432,31
1791426653364727653,291448,31
1791426653386420008,291472,30
1791426653409658793,291488,30
1791426653430826592,291512,29
1791426653452374345,291528,29
1791426653473209078,291552,29
1791426653494369819,291568,28
1791426653516207181,291592,28
1791426653536808947,291608,28
1791426653557914872,291632,28
1791426653579382066,291648,27
1791426653600578605,291672,26
1791426653621412364,291688,25
1791426653642834635,291712,24
1791426653664257249,291728,23
1791426653684959086,291752,22
1791426653706258042,291768,21
1791426653727956349,291792,19
1791426653748672318,291808,18
1791426653769696794,291832,16
1791426653791136393,291848,15
1791426653812380829,291872,14
1791426653833420863,291888,14
1791426653854601469,291912,14
1791426653876128805,291928,13
1791426653896835845,291952,13
1791426653918019620,291968,13
1791426653939616123,291992,12
1791426653960503497,292008,11
1791426653981417809,292032,11
1791426654002737909,292048,10
1791426654024282032,292072,10
1791426654045079505,292088,9
1791426654066209693,292112,9
1791426654087818597,292128,9
1791426654108758141,292152,9
1791426654129859324,292168,9
1791426654151316503,292192,8
1791426654172577352,292208,9
1791426654193473900,292232,9
1791426654214738844,292248,10
1791426654236555842,292272,11
1791426654257796593,292288,11
1791426654282992904,292312,11
1791426654306158749,292328,11
1791426654327674287,292352,13
1791426654348924862,292368,13
1791426654369440135,292392,13
1791426654391003002,292416,14
1791426654412257166,292432,14
1791426654434984014,292456,15
1791426654454007509,292472,16
1791426654475484827,292488,17
1791426654496605183,292512,17
1791426654517023933,292528,18
1791426654538304206,292552,18
1791426654559687990,292568,19
1791426654580691701,292592,20
1791426654601912049,292608,20
1791426654623206949,292632,19
1791426654644088737,292648,19
1791426654664841362,292672,18
1791426654685891696,292688,17
1791426654707621895,292712,17
1791426654728595777,292728,16
1791426654749688080,292752,16
1791426654771066050,292768,16
1791426654792471247,292792,16
1791426654813388604,292808,16
1791426654834856023,292832,17
1791426654856533174,292848,17
1791426654877339667,292872,18
1791426654898148416,292888,17
1791426654920081628,292912,17
1791426654940644760,292928,16
1791426654961732846,292952,16
1791426654983309651,292976,15
1791426655004500962,292992,15
1791426655025111150,293008,14
1791426655046349955,293032,13
1791426655068200298,293048,12
1791426655088945467,293072,11
1791426655110251613,293088,11
1791426655131889478,293112,11
1791426655152643642,293128,11
1791426655173645443,293152,11
1791426655194853880,293168,11
1791426655215717322,293192,11
1791426655236507015,293208,11
1791426655257722821,293232,11
1791426655279390909,293248,11
1791426652990146440,293272,11
1791426653010988751,293288,12
1791426653031973585,293312,12
1791426653053033425,293328,11
1791426653074129233,293352,11
1791426653094706182,293368,11
1791426653115603419,293392,10
1791426653136477231,293408,9
1791426653157521685,293432,8
1791426653178411802,293448,7
1791426653199218010,293472,6
1791426653220485900,293488,6
1791426653241651722,293512,5
1791426653266769154,293528,5
1791426653287654457,293552,4
1791426653308824238,293568,3
1791426653330829970,293592,2
1791426653351692419,293608,1
1791426653373085097,293632,1
1791426653394324711,293648,1
1791426653415102079,293672,0
1791426653436188608,293688,0
1791426653457381790,293712,1
1791426653478505626,293728,1
1791426653499407421,293752,2
1791426653520750404,293768,2
1791426653542072251,293792,3
1791426653563104597,293808,4
1791426653583773925,293832,6
1791426653605258962,293848,7
1791426653626656114,293872,8
1791426653647172115,293888,8
1791426653668327836,293912,9
1791426653690082211,293928,9
1791426653710906606,293952,10
1791426653732042175,293968,11
1791426653753636916,293992,12
1791426653774671720,294008,12
1791426653795616927,294032,13
1791426653817278403,294048,14
1791426653838456336,294072,15
1791426653859655402,294096,16
1791426653880268750,294112,17
1791426653902179236,294128,17
1791426653922782587,294152,17
1791426653943750123,294168,17
1791426653965288046,294192,17
